{
    "providers": [
        {
            "type": "bitmap",
            "file": "minecraft:font/staff.png",
            "ascent": 8,
            "height": 8,
            "chars": [
                "ㄯ"
            ]
        },
        {
            "type": "bitmap",
            "file": "minecraft:font/mvp.png",
            "ascent": 8,
            "height": 8,
            "chars": [
                ""
            ]
        },
        {
            "type": "bitmap",
            "file": "minecraft:font/mvpp.png",
            "ascent": 8,
            "height": 8,
            "chars": [
                ""
            ]
        },
        {
            "type": "bitmap",
            "file": "minecraft:font/youtube.png",
            "ascent": 8,
            "height": 10,
            "chars": [
                "‶"
            ]
        },
        {
            "type": "bitmap",
            "file": "minecraft:font/speaker.png",
            "ascent": 10,
            "height": 12,
            "chars": [
                ""
            ]
        },
        {
            "type": "bitmap",
            "file": "minecraft:font/tools.png",
            "ascent": 12,
            "height": 18,
            "chars": [
                "ㄮ"
            ]
        },
        {
            "type": "bitmap",
            "file": "minecraft:font/default.png",
            "ascent": 8,
            "height": 8,
            "chars": [
                "ㄬ"
            ]
        },
        {
            "type": "bitmap",
            "file": "font/0.png",
            "ascent": -3,
            "height": 8,
            "chars": [
                "ΰ"
            ]
        },
        {
            "type": "bitmap",
            "file": "font/1.png",
            "ascent": -3,
            "height": 8,
            "chars": [
                "α"
            ]
        },
        {
            "type": "bitmap",
            "file": "font/2.png",
            "ascent": -3,
            "height": 8,
            "chars": [
                "β"
            ]
        },
        {
            "type": "bitmap",
            "file": "font/3.png",
            "ascent": -3,
            "height": 8,
            "chars": [
                "γ"
            ]
        },
        {
            "type": "bitmap",
            "file": "font/4.png",
            "ascent": -3,
            "height": 8,
            "chars": [
                "δ"
            ]
        },
        {
            "type": "bitmap",
            "file": "font/5.png",
            "ascent": -3,
            "height": 8,
            "chars": [
                "ε"
            ]
        },
        {
            "type": "bitmap",
            "file": "font/6.png",
            "ascent": -3,
            "height": 8,
            "chars": [
                "ζ"
            ]
        },
        {
            "type": "bitmap",
            "file": "font/7.png",
            "ascent": -3,
            "height": 8,
            "chars": [
                "η"
            ]
        },
        {
            "type": "bitmap",
            "file": "font/8.png",
            "ascent": -3,
            "height": 8,
            "chars": [
                "θ"
            ]
        },
        {
            "type": "bitmap",
            "file": "font/9.png",
            "ascent": -3,
            "height": 8,
            "chars": [
                "Ϯ"
            ]
        },
        {
            "type": "bitmap",
            "file": "font/0.png",
            "ascent": 8,
            "height": 8,
            "chars": [
                "ᘐ"
            ]
        },
        {
            "type": "bitmap",
            "file": "font/1.png",
            "ascent": 8,
            "height": 8,
            "chars": [
                "ᘑ"
            ]
        },
        {
            "type": "bitmap",
            "file": "font/2.png",
            "ascent": 8,
            "height": 8,
            "chars": [
                "ᘒ"
            ]
        },
        {
            "type": "bitmap",
            "file": "font/3.png",
            "ascent": 8,
            "height": 8,
            "chars": [
                "⒊"
            ]
        },
        {
            "type": "bitmap",
            "file": "font/4.png",
            "ascent": 8,
            "height": 8,
            "chars": [
                "⏣"
            ]
        },
        {
            "type": "bitmap",
            "file": "font/5.png",
            "ascent": 8,
            "height": 8,
            "chars": [
                "ᘕ"
            ]
        },
        {
            "type": "bitmap",
            "file": "font/6.png",
            "ascent": 8,
            "height": 8,
            "chars": [
                "ᘖ"
            ]
        },
        {
            "type": "bitmap",
            "file": "font/7.png",
            "ascent": 8,
            "height": 8,
            "chars": [
                "ᘗ"
            ]
        },
        {
            "type": "bitmap",
            "file": "font/8.png",
            "ascent": 8,
            "height": 8,
            "chars": [
                "ᘘ"
            ]
        },
        {
            "type": "bitmap",
            "file": "font/9.png",
            "ascent": 8,
            "height": 8,
            "chars": [
                "ᘙ"
            ]
        },
        {
            "type": "bitmap",
            "file": "font/slash.png",
            "ascent": 8,
            "height": 8,
            "chars": [
                "Ꮿ"
            ]
        },
        {
            "type": "bitmap",
            "file": "font/point.png",
            "ascent": 8,
            "height": 8,
            "chars": [
                "㭠"
            ]
        },
        {
            "type": "bitmap",
            "file": "font/plus.png",
            "ascent": 8,
            "height": 8,
            "chars": [
                "㑧"
            ]
        },
        {
            "type": "bitmap",
            "file": "font/experience.png",
            "ascent": 10,
            "height": 12,
            "chars": [
                "㌕"
            ]
        },
        {
            "type": "bitmap",
            "file": "font/coin.png",
            "ascent": 8,
            "height": 8,
            "chars": [
                "㌖"
            ]
        },
        {
            "type": "bitmap",
            "file": "font/rebirth.png",
            "ascent": 8,
            "height": 8,
            "chars": [
                "䩜"
            ]
        },
        {
            "type": "bitmap",
            "file": "font/biceps.png",
            "ascent": 8,
            "height": 8,
            "chars": [
                "䚹"
            ]
        },
        {
            "type": "bitmap",
            "file": "font/autumn.png",
            "ascent": 8,
            "height": 8,
            "chars": [
                "ᄺ"
            ]
        },
        {
            "type": "bitmap",
            "file": "font/summer.png",
            "ascent": 8,
            "height": 8,
            "chars": [
                "ᄹ"
            ]
        },
        {
            "type": "bitmap",
            "file": "font/spring.png",
            "ascent": 8,
            "height": 8,
            "chars": [
                "ᄸ"
            ]
        },
        {
            "type": "bitmap",
            "file": "font/winter.png",
            "ascent": 8,
            "height": 8,
            "chars": [
                "ᄷ"
            ]
        },
        {
            "type": "bitmap",
            "file": "font/level.png",
            "ascent": 10,
            "height": 12,
            "chars": [
                "㎷"
            ]
        },
        {
            "type": "bitmap",
            "file": "font/booster.png",
            "ascent": 8,
            "height": 8,
            "chars": [
                "ʨ"
            ]
        },
        {
            "type": "bitmap",
            "file": "font/clock.png",
            "ascent": 8,
            "height": 8,
            "chars": [
                "ဣ"
            ]
        },
        {
            "type": "bitmap",
            "file": "font/people.png",
            "ascent": 10,
            "height": 12,
            "chars": [
                "ဤ"
            ]
        },
        {
            "type": "bitmap",
            "file": "font/fish.png",
            "ascent": 10,
            "height": 12,
            "chars": [
                "ႇ"
            ]
        },
        {
            "type": "bitmap",
            "file": "font/doublepoint.png",
            "ascent": 7,
            "height": 7,
            "chars": [
                "⌧"
            ]
        },
        {
            "type": "bitmap",
            "file": "font/g.png",
            "ascent": 7,
            "height": 7,
            "chars": [
                "ଥ"
            ]
        },
        {
            "type": "bitmap",
            "file": "font/l.png",
            "ascent": 7,
            "height": 7,
            "chars": [
                "ଦ"
            ]
        },
        {
            "type": "bitmap",
            "file": "font/b.png",
            "ascent": 8,
            "height": 8,
            "chars": [
                "㸑"
            ]
        },
        {
            "type": "bitmap",
            "file": "font/d.png",
            "ascent": 8,
            "height": 8,
            "chars": [
                "㸒"
            ]
        },
        {
            "type": "bitmap",
            "file": "font/k.png",
            "ascent": 8,
            "height": 8,
            "chars": [
                "㸓"
            ]
        },
        {
            "type": "bitmap",
            "file": "font/m.png",
            "ascent": 8,
            "height": 8,
            "chars": [
                "㸔"
            ]
        },
        {
            "type": "bitmap",
            "file": "font/n.png",
            "ascent": 8,
            "height": 8,
            "chars": [
                "㸕"
            ]
        },
        {
            "type": "bitmap",
            "file": "font/o.png",
            "ascent": 8,
            "height": 8,
            "chars": [
                "㸖"
            ]
        },
        {
            "type": "bitmap",
            "file": "font/q.png",
            "ascent": 8,
            "height": 8,
            "chars": [
                "㸗"
            ]
        },
        {
            "type": "bitmap",
            "file": "font/s.png",
            "ascent": 8,
            "height": 8,
            "chars": [
                "㸘"
            ]
        },
        {
            "type": "bitmap",
            "file": "font/c.png",
            "ascent": 8,
            "height": 8,
            "chars": [
                "㸙"
            ]
        },
        {
            "type": "bitmap",
            "file": "font/t.png",
            "ascent": 8,
            "height": 8,
            "chars": [
                "㸚"
            ]
        },
        {
            "type": "bitmap",
            "file": "font/u.png",
            "ascent": 8,
            "height": 8,
            "chars": [
                "㸛"
            ]
        },
        {
            "type": "bitmap",
            "file": "font/v.png",
            "ascent": 8,
            "height": 8,
            "chars": [
                "㸜"
            ]
        },
        {
            "type": "bitmap",
            "file": "font/a.png",
            "ascent": 8,
            "height": 8,
            "chars": [
                "㝠"
            ]
        },
        {
            "type": "bitmap",
            "file": "font/i.png",
            "ascent": 8,
            "height": 8,
            "chars": [
                "㝡"
            ]
        },
        {
            "type": "bitmap",
            "file": "font/x.png",
            "ascent": 8,
            "height": 8,
            "chars": [
                "㝢"
            ]
        },
        {
            "type": "bitmap",
            "file": "font/p.png",
            "ascent": 8,
            "height": 8,
            "chars": [
                "㝣"
            ]
        },
        {
            "type": "bitmap",
            "file": "font/clock.png",
            "ascent": 12,
            "height": 17,
            "chars": [
                "ꔄ"
            ]
        },
        {
            "type": "bitmap",
            "file": "font/arrow.png",
            "ascent": 7,
            "height": 7,
            "chars": [
                "ꖺ"
            ]
        },
        {
            "type": "bitmap",
            "file": "font/pixel.png",
            "ascent": -1000,
            "height": -2,
            "chars": [
                "七"
            ]
        },
        {
            "type": "bitmap",
            "file": "font/income.png",
            "ascent": 8,
            "height": 8,
            "chars": [
                "ↂ"
            ]
        },
        {
            "type": "bitmap",
            "file": "font/click.png",
            "ascent": 8,
            "height": 8,
            "chars": [
                ""
            ]
        },
        {
            "type": "bitmap",
            "file": "font/smile.png",
            "ascent": 8,
            "height": 8,
            "chars": [
                "ᝩ"
            ]
        },
        {
            "type": "bitmap",
            "file": "font/cool.png",
            "ascent": 8,
            "height": 8,
            "chars": [
                "ᝪ"
            ]
        },
        {
            "type": "bitmap",
            "file": "font/simplesmile.png",
            "ascent": 8,
            "height": 8,
            "chars": [
                "⸷"
            ]
        },
        {
            "type": "bitmap",
            "file": "font/in_glasses.png",
            "ascent": 8,
            "height": 8,
            "chars": [
                "⹑"
            ]
        },
        {
            "type": "bitmap",
            "file": "font/pig.png",
            "ascent": 10,
            "height": 12,
            "chars": [
                "ರ"
            ]
        },
        {
            "type": "bitmap",
            "file": "font/controller.png",
            "ascent": 10,
            "height": 12,
            "chars": [
                "ಱ"
            ]
        },
        {
            "type": "bitmap",
            "file": "font/version.png",
            "ascent": 10,
            "height": 12,
            "chars": [
                "ಲ"
            ]
        },
        {
            "type": "bitmap",
            "file": "font/laugh.png",
            "ascent": 7,
            "height": 7,
            "chars": [
                "ហ"
            ]
        },
        {
            "type": "bitmap",
            "file": "font/sleep.png",
            "ascent": 7,
            "height": 7,
            "chars": [
                "ឡ"
            ]
        },
        {
            "type": "bitmap",
            "file": "font/stupid.png",
            "ascent": 7,
            "height": 7,
            "chars": [
                "អ"
            ]
        },
        {
            "type": "bitmap",
            "file": "font/wall.png",
            "ascent": 7,
            "height": 7,
            "chars": [
                "ឤ"
            ]
        },
        {
            "type": "bitmap",
            "file": "font/gold_title_start.png",
            "ascent": 9,
            "height": 12,
            "chars": [
                "∅"
            ]
        },
        {
            "type": "bitmap",
            "file": "font/gold_title_end.png",
            "ascent": 9,
            "height": 12,
            "chars": [
                "∆"
            ]
        },
        {
            "type": "bitmap",
            "file": "font/tree_title_start.png",
            "ascent": 9,
            "height": 12,
            "chars": [
                "ၥ"
            ]
        },
        {
            "type": "bitmap",
            "file": "font/tree_title_end.png",
            "ascent": 9,
            "height": 12,
            "chars": [
                "ၧ"
            ]
        },
        {
            "type": "bitmap",
            "file": "font/bone_title_start.png",
            "ascent": 9,
            "height": 12,
            "chars": [
                "᭩"
            ]
        },
        {
            "type": "bitmap",
            "file": "font/bone_title_end.png",
            "ascent": 9,
            "height": 12,
            "chars": [
                "᭨"
            ]
        },
        {
            "type": "bitmap",
            "file": "font/halloween_title_start.png",
            "ascent": 9,
            "height": 12,
            "chars": [
                "ᄣ"
            ]
        },
        {
            "type": "bitmap",
            "file": "font/halloween_title_end.png",
            "ascent": 9,
            "height": 12,
            "chars": [
                "ᄤ"
            ]
        },
        {
            "type": "bitmap",
            "file": "font/thunder_title_start.png",
            "ascent": 9,
            "height": 12,
            "chars": [
                "ᅁ"
            ]
        },
        {
            "type": "bitmap",
            "file": "font/thunder_title_end.png",
            "ascent": 9,
            "height": 12,
            "chars": [
                "ᅂ"
            ]
        },
        {
            "type": "bitmap",
            "file": "font/water_title_start.png",
            "ascent": 9,
            "height": 12,
            "chars": [
                "ᅃ"
            ]
        },
        {
            "type": "bitmap",
            "file": "font/water_title_end.png",
            "ascent": 9,
            "height": 12,
            "chars": [
                "ᅄ"
            ]
        },
        {
            "type": "bitmap",
            "file": "font/alower.png",
            "ascent": 8,
            "height": 8,
            "chars": [
                "᠀"
            ]
        },
        {
            "type": "bitmap",
            "file": "font/blower.png",
            "ascent": 8,
            "height": 8,
            "chars": [
                "᠁"
            ]
        },
        {
            "type": "bitmap",
            "file": "font/clower.png",
            "ascent": 8,
            "height": 8,
            "chars": [
                "᠂"
            ]
        },
        {
            "type": "bitmap",
            "file": "font/dlower.png",
            "ascent": 8,
            "height": 8,
            "chars": [
                "᠃"
            ]
        },
        {
            "type": "bitmap",
            "file": "font/elower.png",
            "ascent": 8,
            "height": 8,
            "chars": [
                "᠄"
            ]
        },
        {
            "type": "bitmap",
            "file": "font/flower.png",
            "ascent": 8,
            "height": 8,
            "chars": [
                "᠅"
            ]
        },
        {
            "type": "bitmap",
            "file": "font/glower.png",
            "ascent": 8,
            "height": 8,
            "chars": [
                "᠆"
            ]
        },
        {
            "type": "bitmap",
            "file": "font/hlower.png",
            "ascent": 8,
            "height": 8,
            "chars": [
                "᠇"
            ]
        },
        {
            "type": "bitmap",
            "file": "font/ilower.png",
            "ascent": 8,
            "height": 8,
            "chars": [
                "᠈"
            ]
        },
        {
            "type": "bitmap",
            "file": "font/jlower.png",
            "ascent": 8,
            "height": 8,
            "chars": [
                "᠉"
            ]
        },
        {
            "type": "bitmap",
            "file": "font/klower.png",
            "ascent": 8,
            "height": 8,
            "chars": [
                "᠊"
            ]
        },
        {
            "type": "bitmap",
            "file": "font/llower.png",
            "ascent": 8,
            "height": 8,
            "chars": [
                "᠋"
            ]
        },
        {
            "type": "bitmap",
            "file": "font/mlower.png",
            "ascent": 8,
            "height": 8,
            "chars": [
                "᠌"
            ]
        },
        {
            "type": "bitmap",
            "file": "font/nlower.png",
            "ascent": 8,
            "height": 8,
            "chars": [
                "᠍"
            ]
        },
        {
            "type": "bitmap",
            "file": "font/olower.png",
            "ascent": 8,
            "height": 8,
            "chars": [
                "᠎"
            ]
        },
        {
            "type": "bitmap",
            "file": "font/plower.png",
            "ascent": 8,
            "height": 8,
            "chars": [
                "᠏"
            ]
        },
        {
            "type": "bitmap",
            "file": "font/qlower.png",
            "ascent": 8,
            "height": 8,
            "chars": [
                "᠐"
            ]
        },
        {
            "type": "bitmap",
            "file": "font/rlower.png",
            "ascent": 8,
            "height": 8,
            "chars": [
                "᠑"
            ]
        },
        {
            "type": "bitmap",
            "file": "font/slower.png",
            "ascent": 8,
            "height": 8,
            "chars": [
                "᠒"
            ]
        },
        {
            "type": "bitmap",
            "file": "font/tlower.png",
            "ascent": 8,
            "height": 8,
            "chars": [
                "᠓"
            ]
        },
        {
            "type": "bitmap",
            "file": "font/ulower.png",
            "ascent": 8,
            "height": 8,
            "chars": [
                "᠔"
            ]
        },
        {
            "type": "bitmap",
            "file": "font/vlower.png",
            "ascent": 8,
            "height": 8,
            "chars": [
                "᠕"
            ]
        },
        {
            "type": "bitmap",
            "file": "font/wlower.png",
            "ascent": 8,
            "height": 8,
            "chars": [
                "᠖"
            ]
        },
        {
            "type": "bitmap",
            "file": "font/xlower.png",
            "ascent": 8,
            "height": 8,
            "chars": [
                "᠗"
            ]
        },
        {
            "type": "bitmap",
            "file": "font/ylower.png",
            "ascent": 8,
            "height": 8,
            "chars": [
                "᠘"
            ]
        },
        {
            "type": "bitmap",
            "file": "font/zlower.png",
            "ascent": 8,
            "height": 8,
            "chars": [
                "᠙"
            ]
        },
        {
            "type": "bitmap",
            "file": "font/aupper.png",
            "ascent": 8,
            "height": 8,
            "chars": [
                "᠚"
            ]
        },
        {
            "type": "bitmap",
            "file": "font/bupper.png",
            "ascent": 8,
            "height": 8,
            "chars": [
                "᠛"
            ]
        },
        {
            "type": "bitmap",
            "file": "font/cupper.png",
            "ascent": 8,
            "height": 8,
            "chars": [
                "᠜"
            ]
        },
        {
            "type": "bitmap",
            "file": "font/dupper.png",
            "ascent": 8,
            "height": 8,
            "chars": [
                "᠝"
            ]
        },
        {
            "type": "bitmap",
            "file": "font/eupper.png",
            "ascent": 8,
            "height": 8,
            "chars": [
                "᠞"
            ]
        },
        {
            "type": "bitmap",
            "file": "font/fupper.png",
            "ascent": 8,
            "height": 8,
            "chars": [
                "᠟"
            ]
        },
        {
            "type": "bitmap",
            "file": "font/gupper.png",
            "ascent": 8,
            "height": 8,
            "chars": [
                "ᠠ"
            ]
        },
        {
            "type": "bitmap",
            "file": "font/hupper.png",
            "ascent": 8,
            "height": 8,
            "chars": [
                "ᠡ"
            ]
        },
        {
            "type": "bitmap",
            "file": "font/iupper.png",
            "ascent": 8,
            "height": 8,
            "chars": [
                "ᠢ"
            ]
        },
        {
            "type": "bitmap",
            "file": "font/jupper.png",
            "ascent": 8,
            "height": 8,
            "chars": [
                "ᠣ"
            ]
        },
        {
            "type": "bitmap",
            "file": "font/kupper.png",
            "ascent": 8,
            "height": 8,
            "chars": [
                "ᠤ"
            ]
        },
        {
            "type": "bitmap",
            "file": "font/lupper.png",
            "ascent": 8,
            "height": 8,
            "chars": [
                "ᠥ"
            ]
        },
        {
            "type": "bitmap",
            "file": "font/mupper.png",
            "ascent": 8,
            "height": 8,
            "chars": [
                "ᠦ"
            ]
        },
        {
            "type": "bitmap",
            "file": "font/nupper.png",
            "ascent": 8,
            "height": 8,
            "chars": [
                "ᠧ"
            ]
        },
        {
            "type": "bitmap",
            "file": "font/oupper.png",
            "ascent": 8,
            "height": 8,
            "chars": [
                "ᠨ"
            ]
        },
        {
            "type": "bitmap",
            "file": "font/pupper.png",
            "ascent": 8,
            "height": 8,
            "chars": [
                "ᠩ"
            ]
        },
        {
            "type": "bitmap",
            "file": "font/qupper.png",
            "ascent": 8,
            "height": 8,
            "chars": [
                "ᠪ"
            ]
        },
        {
            "type": "bitmap",
            "file": "font/rupper.png",
            "ascent": 8,
            "height": 8,
            "chars": [
                "ᠫ"
            ]
        },
        {
            "type": "bitmap",
            "file": "font/supper.png",
            "ascent": 8,
            "height": 8,
            "chars": [
                "ᠬ"
            ]
        },
        {
            "type": "bitmap",
            "file": "font/tupper.png",
            "ascent": 8,
            "height": 8,
            "chars": [
                "ᠭ"
            ]
        },
        {
            "type": "bitmap",
            "file": "font/uupper.png",
            "ascent": 8,
            "height": 8,
            "chars": [
                "ᠮ"
            ]
        },
        {
            "type": "bitmap",
            "file": "font/vupper.png",
            "ascent": 8,
            "height": 8,
            "chars": [
                "ᠯ"
            ]
        },
        {
            "type": "bitmap",
            "file": "font/wupper.png",
            "ascent": 8,
            "height": 8,
            "chars": [
                "ᠰ"
            ]
        },
        {
            "type": "bitmap",
            "file": "font/xupper.png",
            "ascent": 8,
            "height": 8,
            "chars": [
                "ᠱ"
            ]
        },
        {
            "type": "bitmap",
            "file": "font/yupper.png",
            "ascent": 8,
            "height": 8,
            "chars": [
                "ᠲ"
            ]
        },
        {
            "type": "bitmap",
            "file": "font/zupper.png",
            "ascent": 8,
            "height": 8,
            "chars": [
                "ᠳ"
            ]
        },
        {
            "type": "bitmap",
            "file": "font/left.png",
            "ascent": 8,
            "height": 8,
            "chars": [
                "럓"
            ]
        },
        {
            "type": "bitmap",
            "file": "font/right.png",
            "ascent": 8,
            "height": 8,
            "chars": [
                "렌"
            ]
        },
        {
            "type": "bitmap",
            "file": "font/empty.png",
            "ascent": 8,
            "height": 8,
            "chars": [
                "렿"
            ]
        }
    ]
}