{
	"providers": [
		{
			"type": "bitmap",
			"file": "minecraft:font/c.png",
			"ascent": 7,
			"height": 7,
			"chars": ["ㄯ"]
		},
                {
			"type": "bitmap",
			"file": "minecraft:font/mvp.png",
			"ascent": 7,
			"height": 7,
			"chars": ["\uE125"]
		},
                {
			"type": "bitmap",
			"file": "minecraft:font/mvpp.png",
			"ascent": 7,
			"height": 7,
			"chars": ["\uE126"]
		},
                {
			"type": "bitmap",
			"file": "minecraft:font/youtube.png",
			"ascent": 8,
			"height": 10,
			"chars": ["‶"]
		},
                {
			"type": "bitmap",
			"file": "minecraft:font/speaker.png",
			"ascent": 10,
			"height": 12,
			"chars": ["\uE127"]
		},
		{
			"type": "bitmap",
			"file": "minecraft:font/a.png",
			"ascent": 12,
			"height": 18,
			"chars": ["ㄮ"]
		},
		{
			"type": "bitmap",
			"file": "minecraft:font/b.png",
			"ascent": 7,
			"height": 7,
			"chars": ["ㄬ"]
		},
		{
            "type": "bitmap",
            "file": "font/0.png",
            "ascent": -3,
            "height": 8,
            "chars": [
                    "\u03B0" 
                ]
        },
        {
            "type": "bitmap",
            "file": "font/1.png",
            "ascent": -3,
            "height": 8,
            "chars": [
                    "\u03B1" 
                ]
        },
        {
            "type": "bitmap",
            "file": "font/2.png",
            "ascent": -3,
            "height": 8,
            "chars": [
                    "\u03B2" 
                ]
        },
        {
            "type": "bitmap",
            "file": "font/3.png",
            "ascent": -3,
            "height": 8,
            "chars": [
                    "\u03B3" 
                ]
        },
        {
            "type": "bitmap",
            "file": "font/4.png",
            "ascent": -3,
            "height": 8,
            "chars": [
                    "\u03B4" 
                ]
        },
        {
            "type": "bitmap",
            "file": "font/5.png",
            "ascent": -3,
            "height": 8,
            "chars": [
                    "\u03B5" 
                ]
        },
        {
            "type": "bitmap",
            "file": "font/6.png",
            "ascent": -3,
            "height": 8,
            "chars": [
                    "\u03B6" 
                ]
        },
        {
            "type": "bitmap",
            "file": "font/7.png",
            "ascent": -3,
            "height": 8,
            "chars": [
                    "\u03B7" 
                ]
        },
        {
            "type": "bitmap",
            "file": "font/8.png",
            "ascent": -3,
            "height": 8,
            "chars": [
                    "\u03B8" 
                ]
        },
        {
            "type": "bitmap",
            "file": "font/9.png",
            "ascent": -3,
            "height": 8,
            "chars": [
                    "\u03EE" 
                ]
        },
        {
            "type": "bitmap",
            "file": "font/0.png",
            "ascent": 8,
            "height": 8,
            "chars": [
                    "ᘐ" 
                ]
        },
        {
            "type": "bitmap",
            "file": "font/1.png",
            "ascent": 8,
            "height": 8,
            "chars": [
                    "ᘑ" 
                ]
        },
        {
            "type": "bitmap",
            "file": "font/2.png",
            "ascent": 8,
            "height": 8,
            "chars": [
                    "ᘒ" 
                ]
        },
        {
            "type": "bitmap",
            "file": "font/3.png",
            "ascent": 8,
            "height": 8,
            "chars": [
                    "⒊" 
                ]
        },
        {
            "type": "bitmap",
            "file": "font/4.png",
            "ascent": 8,
            "height": 8,
            "chars": [
                    "⏣" 
                ]
        },
        {
            "type": "bitmap",
            "file": "font/5.png",
            "ascent": 8,
            "height": 8,
            "chars": [
                    "ᘕ" 
                ]
        },
        {
            "type": "bitmap",
            "file": "font/6.png",
            "ascent": 8,
            "height": 8,
            "chars": [
                    "ᘖ" 
                ]
        },
        {
            "type": "bitmap",
            "file": "font/7.png",
            "ascent": 8,
            "height": 8,
            "chars": [
                    "ᘗ" 
                ]
        },
        {
            "type": "bitmap",
            "file": "font/8.png",
            "ascent": 8,
            "height": 8,
            "chars": [
                    "ᘘ" 
                ]
        },
        {
            "type": "bitmap",
            "file": "font/9.png",
            "ascent": 8,
            "height": 8,
            "chars": [
                    "ᘙ" 
                ]
        },
	{
            "type": "bitmap",
            "file": "font/experience.png",
            "ascent": 10,
            "height": 12,
            "chars": [
                    "㌕" 
                ]
        },
        {
            "type": "bitmap",
            "file": "font/money.png",
            "ascent": 10,
            "height": 12,
            "chars": [
                    "㌖" 
                ]
        },
        {
          "type": "bitmap",
           "file": "font/level.png",
           "ascent": 10,
           "height": 12,
           "chars": [
                   "㎷" 
             ]
         },
         {
          "type": "bitmap",
            "file": "font/booster.png",
            "ascent": 10,
            "height": 12,
           "chars": [
                   "ʨ" 
            ]
         },
         {
                "type": "bitmap",
                  "file": "font/clock.png",
                  "ascent": 10,
                  "height": 12,
                 "chars": [
                         "ဣ" 
                  ]
               },
               {
                "type": "bitmap",
                  "file": "font/people.png",
                  "ascent": 10,
                  "height": 12,
                 "chars": [
                         "ဤ" 
                  ]
               },
               {
                "type": "bitmap",
                  "file": "font/fish.png",
                  "ascent": 10,
                  "height": 12,
                 "chars": [
                         "ႇ" 
                  ]
               },
               {
                "type": "bitmap",
                  "file": "font/doublepoint.png",
                  "ascent": 7,
                  "height": 7,
                 "chars": [
                         "⌧" 
                  ]
               },
               {
                "type": "bitmap",
                  "file": "font/g.png",
                  "ascent": 7,
                  "height": 7,
                 "chars": [
                         "ଥ" 
                  ]
               },
               {
                "type": "bitmap",
                  "file": "font/l.png",
                  "ascent": 7,
                  "height": 7,
                 "chars": [
                         "ଦ" 
                  ]
               },
               {
                "type": "bitmap",
                  "file": "font/clock.png",
                  "ascent": 12,
                  "height": 17,
                 "chars": [
                         "ꔄ" 
                  ]
               },
               {
                "type": "bitmap",
                  "file": "font/arrow.png",
                  "ascent": 7,
                  "height": 7,
                 "chars": [
                         "ꖺ" 
                  ]
               },
               {
                "type": "bitmap",
                  "file": "font/pixel.png",
                  "ascent": -2000,
                  "height": -3,
                 "chars": [
                         "七" 
                  ]
               },
               {
                "type": "bitmap",
                  "file": "font/income.png",
                  "ascent": 10,
                  "height": 12,
                 "chars": [
                         "ↂ" 
                  ]
               },
               {
                "type": "bitmap",
                  "file": "font/smile.png",
                  "ascent": 7,
                  "height": 7,
                 "chars": [
                         "ᝩ" 
                  ]
               },
               {
                "type": "bitmap",
                  "file": "font/cool.png",
                  "ascent": 7,
                  "height": 7,
                 "chars": [
                         "ᝪ" 
                  ]
               },
               {
                "type": "bitmap",
                  "file": "font/pig.png",
                  "ascent": 10,
                  "height": 12,
                 "chars": [
                         "ರ" 
                  ]
               },
               {
                "type": "bitmap",
                  "file": "font/controller.png",
                  "ascent": 10,
                  "height": 12,
                 "chars": [
                         "ಱ" 
                  ]
               },
               {
                "type": "bitmap",
                  "file": "font/version.png",
                  "ascent": 10,
                  "height": 12,
                 "chars": [
                         "ಲ" 
                  ]
               },
               {
                "type": "bitmap",
                  "file": "font/laugh.png",
                  "ascent": 7,
                  "height": 7,
                 "chars": [
                         "ហ" 
                  ]
               },
               {
                "type": "bitmap",
                  "file": "font/sleep.png",
                  "ascent": 7,
                  "height": 7,
                 "chars": [
                         "ឡ" 
                  ]
               },
               {
                "type": "bitmap",
                  "file": "font/stupid.png",
                  "ascent": 7,
                  "height": 7,
                 "chars": [
                         "អ" 
                  ]
               },
               {
                "type": "bitmap",
                  "file": "font/wall.png",
                  "ascent": 7,
                  "height": 7,
                 "chars": [
                         "ឤ" 
                  ]
               },
               {
                "type": "bitmap",
                  "file": "font/gold_title_start.png",
                  "ascent": 9,
                  "height": 12,
                 "chars": [
                         "∅" 
                  ]
               },
               {
                "type": "bitmap",
                  "file": "font/gold_title_end.png",
                  "ascent": 9,
                  "height": 12,
                 "chars": [
                         "∆" 
                  ]
               },
               {
                "type": "bitmap",
                  "file": "font/tree_title_start.png",
                  "ascent": 9,
                  "height": 12,
                 "chars": [
                         "ၥ" 
                  ]
               },
               {
                "type": "bitmap",
                  "file": "font/tree_title_end.png",
                  "ascent": 9,
                  "height": 12,
                 "chars": [
                         "ၧ" 
                  ]
               },
               {
                "type": "bitmap",
                  "file": "font/bone_title_start.png",
                  "ascent": 9,
                  "height": 12,
                 "chars": [
                         "᭩" 
                  ]
               },
               {
                "type": "bitmap",
                  "file": "font/bone_title_end.png",
                  "ascent": 9,
                  "height": 12,
                 "chars": [
                         "᭨" 
                  ]
               },
               {
                "type": "bitmap",
                  "file": "font/halloween_title_start.png",
                  "ascent": 9,
                  "height": 12,
                 "chars": [
                         "ᄣ" 
                  ]
               },
               {
                "type": "bitmap",
                  "file": "font/halloween_title_end.png",
                  "ascent": 9,
                  "height": 12,
                 "chars": [
                         "ᄤ" 
                  ]
               },
               {
                "type": "bitmap",
                  "file": "font/thunder_title_start.png",
                  "ascent": 9,
                  "height": 12,
                 "chars": [
                         "ᅁ" 
                  ]
               },
               {
                "type": "bitmap",
                  "file": "font/thunder_title_end.png",
                  "ascent": 9,
                  "height": 12,
                 "chars": [
                         "ᅂ" 
                  ]
               },
               {
                "type": "bitmap",
                  "file": "font/water_title_start.png",
                  "ascent": 9,
                  "height": 12,
                 "chars": [
                         "ᅃ" 
                  ]
               },
               {
                "type": "bitmap",
                  "file": "font/water_title_end.png",
                  "ascent": 9,
                  "height": 12,
                 "chars": [
                         "ᅄ" 
                  ]
               }
	]
}