{
	"providers": [
		{
			"type": "bitmap",
			"file": "minecraft:font/c.png",
			"ascent": 8,
			"height": 10,
			"chars": ["\uE004"]
		},
                {
			"type": "bitmap",
			"file": "minecraft:font/staffb.png",
			"ascent": 8,
			"height": 10,
			"chars": ["\uE772"]
		},
                {
			"type": "bitmap",
			"file": "minecraft:font/mvp.png",
			"ascent": 8,
			"height": 10,
			"chars": ["\uE125"]
		},
		{
			"type": "bitmap",
			"file": "minecraft:font/info.png",
			"ascent": 6,
			"height": 6,
			"chars": ["\uE020"]
		},
		{
			"type": "bitmap",
			"file": "minecraft:font/geo.png",
			"ascent": 6,
			"height": 6,
			"chars": ["\uE021"]
		},
		{
			"type": "bitmap",
			"file": "minecraft:font/ip.png",
			"ascent": 6,
			"height": 6,
			"chars": ["\uE022"]
		},
                {
			"type": "bitmap",
			"file": "minecraft:font/mvpp.png",
			"ascent": 8,
			"height": 10,
			"chars": ["\uE126"]
		},
                {
			"type": "bitmap",
			"file": "minecraft:font/speaker.png",
			"ascent": 10,
			"height": 12,
			"chars": ["\uE127"]
		},
		{
			"type": "bitmap",
			"file": "minecraft:font/uuid.png",
			"ascent": 6,
			"height": 6,
			"chars": ["\uE023"]
		},
		{
			"type": "bitmap",
			"file": "minecraft:font/health.png",
			"ascent": 6,
			"height": 6,
			"chars": ["\uE024"]
		},
		{
			"type": "bitmap",
			"file": "minecraft:font/food.png",
			"ascent": 6,
			"height": 6,
			"chars": ["\uE025"]
		},
		{
			"type": "bitmap",
			"file": "minecraft:font/exp.png",
			"ascent": 6,
			"height": 6,
			"chars": ["\uE026"]
		},
		{
			"type": "bitmap",
			"file": "minecraft:font/kills.png",
			"ascent": 6,
			"height": 6,
			"chars": ["\uE027"]
		},
		{
			"type": "bitmap",
			"file": "minecraft:font/deaths.png",
			"ascent": 6,
			"height": 6,
			"chars": ["\uE028"]
		},
		{
			"type": "bitmap",
			"file": "minecraft:font/a.png",
			"ascent": 12,
			"height": 18,
			"chars": ["\uE006"]
		},
                {
			"type": "bitmap",
			"file": "minecraft:font/online.png",
			"ascent": 8,
			"height": 8,
			"chars": ["۝"]
		},
		{
			"type": "bitmap",
			"file": "minecraft:font/b.png",
			"ascent": 8,
			"height": 10,
			"chars": ["\uE005"]
		},
		{
            "type": "bitmap",
            "file": "font/0.png",
            "ascent": -3,
            "height": 8,
            "chars": [
                    "\u03B0" 
                ]
        },
        {
            "type": "bitmap",
            "file": "font/1.png",
            "ascent": -3,
            "height": 8,
            "chars": [
                    "\u03B1" 
                ]
        },
        {
            "type": "bitmap",
            "file": "font/2.png",
            "ascent": -3,
            "height": 8,
            "chars": [
                    "\u03B2" 
                ]
        },
        {
            "type": "bitmap",
            "file": "font/3.png",
            "ascent": -3,
            "height": 8,
            "chars": [
                    "\u03B3" 
                ]
        },
        {
            "type": "bitmap",
            "file": "font/4.png",
            "ascent": -3,
            "height": 8,
            "chars": [
                    "\u03B4" 
                ]
        },
        {
            "type": "bitmap",
            "file": "font/5.png",
            "ascent": -3,
            "height": 8,
            "chars": [
                    "\u03B5" 
                ]
        },
        {
            "type": "bitmap",
            "file": "font/6.png",
            "ascent": -3,
            "height": 8,
            "chars": [
                    "\u03B6" 
                ]
        },
        {
            "type": "bitmap",
            "file": "font/7.png",
            "ascent": -3,
            "height": 8,
            "chars": [
                    "\u03B7" 
                ]
        },
        {
            "type": "bitmap",
            "file": "font/8.png",
            "ascent": -3,
            "height": 8,
            "chars": [
                    "\u03B8" 
                ]
        },
        {
            "type": "bitmap",
            "file": "font/9.png",
            "ascent": -3,
            "height": 8,
            "chars": [
                    "\u03EE" 
                ]
        },
        {
            "type": "bitmap",
            "file": "font/0.png",
            "ascent": 8,
            "height": 8,
            "chars": [
                    "ᘐ" 
                ]
        },
        {
            "type": "bitmap",
            "file": "font/1.png",
            "ascent": 8,
            "height": 8,
            "chars": [
                    "ᘑ" 
                ]
        },
        {
            "type": "bitmap",
            "file": "font/2.png",
            "ascent": 8,
            "height": 8,
            "chars": [
                    "ᘒ" 
                ]
        },
        {
            "type": "bitmap",
            "file": "font/3.png",
            "ascent": 8,
            "height": 8,
            "chars": [
                    "⒊" 
                ]
        },
        {
            "type": "bitmap",
            "file": "font/4.png",
            "ascent": 8,
            "height": 8,
            "chars": [
                    "⏣" 
                ]
        },
        {
            "type": "bitmap",
            "file": "font/5.png",
            "ascent": 8,
            "height": 8,
            "chars": [
                    "ᘕ" 
                ]
        },
        {
            "type": "bitmap",
            "file": "font/6.png",
            "ascent": 8,
            "height": 8,
            "chars": [
                    "ᘖ" 
                ]
        },
        {
            "type": "bitmap",
            "file": "font/7.png",
            "ascent": 8,
            "height": 8,
            "chars": [
                    "ᘗ" 
                ]
        },
        {
            "type": "bitmap",
            "file": "font/8.png",
            "ascent": 8,
            "height": 8,
            "chars": [
                    "ᘘ" 
                ]
        },
        {
            "type": "bitmap",
            "file": "font/9.png",
            "ascent": 8,
            "height": 8,
            "chars": [
                    "ᘙ" 
                ]
        },
		{
            "type": "bitmap",
            "file": "font/emine.png",
            "ascent": 20,
            "height": 32,
            "chars": [
                    "ꔀ" 
                ]
        },
		{
            "type": "bitmap",
            "file": "font/beta.png",
            "ascent": 32,
            "height": 64,
            "chars": [
                    "ᨁ" 
                ]
        },
		{
            "type": "bitmap",
            "file": "font/coins.png",
            "ascent": 19,
            "height": 32,
            "chars": [
                    "ᨂ" 
                ]
        },
		{
            "type": "bitmap",
            "file": "font/honor.png",
            "ascent": 20,
            "height": 32,
            "chars": [
                    "ᨃ" 
                ]
        },
		{
            "type": "bitmap",
            "file": "font/deathmine.png",
            "ascent": 19,
            "height": 29,
            "chars": [
                    "ᨄ" 
                ]
        },
		{
            "type": "bitmap",
            "file": "font/killsmine.png",
            "ascent": 19,
            "height": 29,
            "chars": [
                    "ᨅ" 
                ]
        },
	{
            "type": "bitmap",
            "file": "font/experience.png",
            "ascent": 10,
            "height": 12,
            "chars": [
                    "㌕" 
                ]
        },
        {
            "type": "bitmap",
            "file": "font/money.png",
            "ascent": 10,
            "height": 12,
            "chars": [
                    "㌖" 
                ]
        },
        {
          "type": "bitmap",
           "file": "font/level.png",
           "ascent": 10,
           "height": 12,
           "chars": [
                   "㎷" 
             ]
         },
         {
          "type": "bitmap",
            "file": "font/booster.png",
            "ascent": 10,
            "height": 12,
           "chars": [
                   "ʨ" 
            ]
         },
         {
                "type": "bitmap",
                  "file": "font/clock.png",
                  "ascent": 10,
                  "height": 12,
                 "chars": [
                         "ဣ" 
                  ]
               },
               {
                "type": "bitmap",
                  "file": "font/people.png",
                  "ascent": 10,
                  "height": 12,
                 "chars": [
                         "ဤ" 
                  ]
               },
               {
                "type": "bitmap",
                  "file": "font/fish.png",
                  "ascent": 10,
                  "height": 12,
                 "chars": [
                         "ႇ" 
                  ]
               },
               {
                "type": "bitmap",
                  "file": "font/doublepoint.png",
                  "ascent": 7,
                  "height": 7,
                 "chars": [
                         "⌧" 
                  ]
               },
               {
                "type": "bitmap",
                  "file": "font/g.png",
                  "ascent": 7,
                  "height": 7,
                 "chars": [
                         "ଥ" 
                  ]
               },
               {
                "type": "bitmap",
                  "file": "font/l.png",
                  "ascent": 7,
                  "height": 7,
                 "chars": [
                         "ଦ" 
                  ]
               },
               {
                "type": "bitmap",
                  "file": "font/year.png",
                  "ascent": 12,
                  "height": 17,
                 "chars": [
                         "ꔁ" 
                  ]
               },
               {
                "type": "bitmap",
                  "file": "font/month.png",
                  "ascent": 12,
                  "height": 17,
                 "chars": [
                         "ꔂ" 
                  ]
               },
               {
                "type": "bitmap",
                  "file": "font/day.png",
                  "ascent": 12,
                  "height": 17,
                 "chars": [
                         "ꔃ" 
                  ]
               },
               {
                "type": "bitmap",
                  "file": "font/clock.png",
                  "ascent": 12,
                  "height": 17,
                 "chars": [
                         "ꔄ" 
                  ]
               },
               {
                "type": "bitmap",
                  "file": "font/stockholm.png",
                  "ascent": 20,
                  "height": 30,
                 "chars": [
                         "ꔅ" 
                  ]
               },
               {
                "type": "bitmap",
                  "file": "font/arrow.png",
                  "ascent": 7,
                  "height": 7,
                 "chars": [
                         "ꖺ" 
                  ]
               },
               {
                "type": "bitmap",
                  "file": "font/mafia.png",
                  "ascent": 14,
                  "height": 20,
                 "chars": [
                         "ஒ" 
                  ]
               },
               {
                "type": "bitmap",
                  "file": "font/commissar.png",
                  "ascent": 14,
                  "height": 20,
                 "chars": [
                         "ஓ" 
                  ]
               },
               {
                "type": "bitmap",
                  "file": "font/doctor.png",
                  "ascent": 14,
                  "height": 20,
                 "chars": [
                         "ஔ" 
                  ]
               },
               {
                "type": "bitmap",
                  "file": "font/peaceful.png",
                  "ascent": 14,
                  "height": 20,
                 "chars": [
                         "க" 
                  ]
               },
               {
                "type": "bitmap",
                  "file": "font/backgroundone.png",
                  "ascent": 15,
                  "height": 24,
                 "chars": [
                         "ↈ" 
                  ]
               },
               {
                "type": "bitmap",
                  "file": "font/backgroundtwo.png",
                  "ascent": 15,
                  "height": 24,
                 "chars": [
                         "♹" 
                  ]
               },
               {
                "type": "bitmap",
                  "file": "font/pixel.png",
                  "ascent": -2000,
                  "height": -1999,
                 "chars": [
                         "七" 
                  ]
               },
               {
                "type": "bitmap",
                  "file": "font/income.png",
                  "ascent": 10,
                  "height": 12,
                 "chars": [
                         "ↂ" 
                  ]
               },
               {
                "type": "bitmap",
                  "file": "font/smile.png",
                  "ascent": 7,
                  "height": 7,
                 "chars": [
                         "ᝩ" 
                  ]
               },
               {
                "type": "bitmap",
                  "file": "font/cool.png",
                  "ascent": 7,
                  "height": 7,
                 "chars": [
                         "ᝪ" 
                  ]
               },
               {
                "type": "bitmap",
                  "file": "font/pig.png",
                  "ascent": 10,
                  "height": 12,
                 "chars": [
                         "ರ" 
                  ]
               },
               {
                "type": "bitmap",
                  "file": "font/controller.png",
                  "ascent": 10,
                  "height": 12,
                 "chars": [
                         "ಱ" 
                  ]
               },
               {
                "type": "bitmap",
                  "file": "font/version.png",
                  "ascent": 10,
                  "height": 12,
                 "chars": [
                         "ಲ" 
                  ]
               },
               {
                "type": "bitmap",
                  "file": "font/laugh.png",
                  "ascent": 7,
                  "height": 7,
                 "chars": [
                         "ហ" 
                  ]
               },
               {
                "type": "bitmap",
                  "file": "font/sleep.png",
                  "ascent": 7,
                  "height": 7,
                 "chars": [
                         "ឡ" 
                  ]
               },
               {
                "type": "bitmap",
                  "file": "font/stupid.png",
                  "ascent": 7,
                  "height": 7,
                 "chars": [
                         "អ" 
                  ]
               },
               {
                "type": "bitmap",
                  "file": "font/wall.png",
                  "ascent": 7,
                  "height": 7,
                 "chars": [
                         "ឤ" 
                  ]
               },
               {
                "type": "bitmap",
                  "file": "font/gold_title_start.png",
                  "ascent": 9,
                  "height": 12,
                 "chars": [
                         "∅" 
                  ]
               },
               {
                "type": "bitmap",
                  "file": "font/gold_title_end.png",
                  "ascent": 9,
                  "height": 12,
                 "chars": [
                         "∆" 
                  ]
               },
               {
                "type": "bitmap",
                  "file": "font/tree_title_start.png",
                  "ascent": 9,
                  "height": 12,
                 "chars": [
                         "ၥ" 
                  ]
               },
               {
                "type": "bitmap",
                  "file": "font/tree_title_end.png",
                  "ascent": 9,
                  "height": 12,
                 "chars": [
                         "ၧ" 
                  ]
               },
               {
                "type": "bitmap",
                  "file": "font/bone_title_start.png",
                  "ascent": 9,
                  "height": 12,
                 "chars": [
                         "᭩" 
                  ]
               },
               {
                "type": "bitmap",
                  "file": "font/bone_title_end.png",
                  "ascent": 9,
                  "height": 12,
                 "chars": [
                         "᭨" 
                  ]
               }
	]
}