{
    "providers": [
        {
            "type": "bitmap",
            "file": "minecraft:font/staff.png",
            "ascent": 8,
            "height": 8,
            "chars": [
                "ㄯ"
            ]
        },
        {
            "type": "bitmap",
            "file": "minecraft:font/mvp.png",
            "ascent": 8,
            "height": 8,
            "chars": [
                ""
            ]
        },
        {
            "type": "bitmap",
            "file": "minecraft:font/mvpp.png",
            "ascent": 8,
            "height": 8,
            "chars": [
                ""
            ]
        },
        {
            "type": "bitmap",
            "file": "minecraft:font/youtube.png",
            "ascent": 8,
            "height": 10,
            "chars": [
                "‶"
            ]
        },
        {
            "type": "bitmap",
            "file": "minecraft:font/speaker.png",
            "ascent": 10,
            "height": 12,
            "chars": [
                ""
            ]
        },
        {
            "type": "bitmap",
            "file": "minecraft:font/tools.png",
            "ascent": 12,
            "height": 18,
            "chars": [
                "ㄮ"
            ]
        },
        {
            "type": "bitmap",
            "file": "minecraft:font/default.png",
            "ascent": 8,
            "height": 8,
            "chars": [
                "ㄬ"
            ]
        },
        {
            "type": "bitmap",
            "file": "font/0.png",
            "ascent": -3,
            "height": 8,
            "chars": [
                "ΰ"
            ]
        },
        {
            "type": "bitmap",
            "file": "font/1.png",
            "ascent": -3,
            "height": 8,
            "chars": [
                "α"
            ]
        },
        {
            "type": "bitmap",
            "file": "font/2.png",
            "ascent": -3,
            "height": 8,
            "chars": [
                "β"
            ]
        },
        {
            "type": "bitmap",
            "file": "font/3.png",
            "ascent": -3,
            "height": 8,
            "chars": [
                "γ"
            ]
        },
        {
            "type": "bitmap",
            "file": "font/4.png",
            "ascent": -3,
            "height": 8,
            "chars": [
                "δ"
            ]
        },
        {
            "type": "bitmap",
            "file": "font/5.png",
            "ascent": -3,
            "height": 8,
            "chars": [
                "ε"
            ]
        },
        {
            "type": "bitmap",
            "file": "font/6.png",
            "ascent": -3,
            "height": 8,
            "chars": [
                "ζ"
            ]
        },
        {
            "type": "bitmap",
            "file": "font/7.png",
            "ascent": -3,
            "height": 8,
            "chars": [
                "η"
            ]
        },
        {
            "type": "bitmap",
            "file": "font/8.png",
            "ascent": -3,
            "height": 8,
            "chars": [
                "θ"
            ]
        },
        {
            "type": "bitmap",
            "file": "font/9.png",
            "ascent": -3,
            "height": 8,
            "chars": [
                "Ϯ"
            ]
        },
        {
            "type": "bitmap",
            "file": "font/0.png",
            "ascent": 8,
            "height": 8,
            "chars": [
                "ᘐ"
            ]
        },
        {
            "type": "bitmap",
            "file": "font/1.png",
            "ascent": 8,
            "height": 8,
            "chars": [
                "ᘑ"
            ]
        },
        {
            "type": "bitmap",
            "file": "font/2.png",
            "ascent": 8,
            "height": 8,
            "chars": [
                "ᘒ"
            ]
        },
        {
            "type": "bitmap",
            "file": "font/3.png",
            "ascent": 8,
            "height": 8,
            "chars": [
                "⒊"
            ]
        },
        {
            "type": "bitmap",
            "file": "font/4.png",
            "ascent": 8,
            "height": 8,
            "chars": [
                "⏣"
            ]
        },
        {
            "type": "bitmap",
            "file": "font/5.png",
            "ascent": 8,
            "height": 8,
            "chars": [
                "ᘕ"
            ]
        },
        {
            "type": "bitmap",
            "file": "font/6.png",
            "ascent": 8,
            "height": 8,
            "chars": [
                "ᘖ"
            ]
        },
        {
            "type": "bitmap",
            "file": "font/7.png",
            "ascent": 8,
            "height": 8,
            "chars": [
                "ᘗ"
            ]
        },
        {
            "type": "bitmap",
            "file": "font/8.png",
            "ascent": 8,
            "height": 8,
            "chars": [
                "ᘘ"
            ]
        },
        {
            "type": "bitmap",
            "file": "font/9.png",
            "ascent": 8,
            "height": 8,
            "chars": [
                "ᘙ"
            ]
        },
        {
            "type": "bitmap",
            "file": "font/slash.png",
            "ascent": 8,
            "height": 8,
            "chars": [
                "Ꮿ"
            ]
        },
        {
            "type": "bitmap",
            "file": "font/point.png",
            "ascent": 8,
            "height": 8,
            "chars": [
                "㭠"
            ]
        },
        {
            "type": "bitmap",
            "file": "font/plus.png",
            "ascent": 8,
            "height": 8,
            "chars": [
                "㑧"
            ]
        },
        {
            "type": "bitmap",
            "file": "font/experience.png",
            "ascent": 10,
            "height": 12,
            "chars": [
                "㌕"
            ]
        },
        {
            "type": "bitmap",
            "file": "font/coin.png",
            "ascent": 8,
            "height": 8,
            "chars": [
                "㌖"
            ]
        },
        {
            "type": "bitmap",
            "file": "font/rebirth.png",
            "ascent": 8,
            "height": 8,
            "chars": [
                "䩜"
            ]
        },
        {
            "type": "bitmap",
            "file": "font/biceps.png",
            "ascent": 8,
            "height": 8,
            "chars": [
                "䚹"
            ]
        },
        {
            "type": "bitmap",
            "file": "font/autumn.png",
            "ascent": 8,
            "height": 8,
            "chars": [
                "ᄺ"
            ]
        },
        {
            "type": "bitmap",
            "file": "font/summer.png",
            "ascent": 8,
            "height": 8,
            "chars": [
                "ᄹ"
            ]
        },
        {
            "type": "bitmap",
            "file": "font/spring.png",
            "ascent": 8,
            "height": 8,
            "chars": [
                "ᄸ"
            ]
        },
        {
            "type": "bitmap",
            "file": "font/winter.png",
            "ascent": 8,
            "height": 8,
            "chars": [
                "ᄷ"
            ]
        },
        {
            "type": "bitmap",
            "file": "font/level.png",
            "ascent": 10,
            "height": 12,
            "chars": [
                "㎷"
            ]
        },
        {
            "type": "bitmap",
            "file": "font/booster.png",
            "ascent": 8,
            "height": 8,
            "chars": [
                "ʨ"
            ]
        },
        {
            "type": "bitmap",
            "file": "font/clock.png",
            "ascent": 8,
            "height": 8,
            "chars": [
                "ဣ"
            ]
        },
        {
            "type": "bitmap",
            "file": "font/people.png",
            "ascent": 10,
            "height": 12,
            "chars": [
                "ဤ"
            ]
        },
        {
            "type": "bitmap",
            "file": "font/fish.png",
            "ascent": 10,
            "height": 12,
            "chars": [
                "ႇ"
            ]
        },
        {
            "type": "bitmap",
            "file": "font/doublepoint.png",
            "ascent": 8,
            "height": 8,
            "chars": [
                "⌧"
            ]
        },
        {
            "type": "bitmap",
            "file": "font/g.png",
            "ascent": 7,
            "height": 7,
            "chars": [
                "ଥ"
            ]
        },
        {
            "type": "bitmap",
            "file": "font/l.png",
            "ascent": 7,
            "height": 7,
            "chars": [
                "ଦ"
            ]
        },
        {
            "type": "bitmap",
            "file": "font/b.png",
            "ascent": 8,
            "height": 8,
            "chars": [
                "㸑"
            ]
        },
        {
            "type": "bitmap",
            "file": "font/d.png",
            "ascent": 8,
            "height": 8,
            "chars": [
                "㸒"
            ]
        },
        {
            "type": "bitmap",
            "file": "font/k.png",
            "ascent": 8,
            "height": 8,
            "chars": [
                "㸓"
            ]
        },
        {
            "type": "bitmap",
            "file": "font/m.png",
            "ascent": 8,
            "height": 8,
            "chars": [
                "㸔"
            ]
        },
        {
            "type": "bitmap",
            "file": "font/n.png",
            "ascent": 8,
            "height": 8,
            "chars": [
                "㸕"
            ]
        },
        {
            "type": "bitmap",
            "file": "font/o.png",
            "ascent": 8,
            "height": 8,
            "chars": [
                "㸖"
            ]
        },
        {
            "type": "bitmap",
            "file": "font/q.png",
            "ascent": 8,
            "height": 8,
            "chars": [
                "㸗"
            ]
        },
        {
            "type": "bitmap",
            "file": "font/s.png",
            "ascent": 8,
            "height": 8,
            "chars": [
                "㸘"
            ]
        },
        {
            "type": "bitmap",
            "file": "font/c.png",
            "ascent": 8,
            "height": 8,
            "chars": [
                "㸙"
            ]
        },
        {
            "type": "bitmap",
            "file": "font/t.png",
            "ascent": 8,
            "height": 8,
            "chars": [
                "㸚"
            ]
        },
        {
            "type": "bitmap",
            "file": "font/u.png",
            "ascent": 8,
            "height": 8,
            "chars": [
                "㸛"
            ]
        },
        {
            "type": "bitmap",
            "file": "font/v.png",
            "ascent": 8,
            "height": 8,
            "chars": [
                "㸜"
            ]
        },
        {
            "type": "bitmap",
            "file": "font/a.png",
            "ascent": 8,
            "height": 8,
            "chars": [
                "㝠"
            ]
        },
        {
            "type": "bitmap",
            "file": "font/i.png",
            "ascent": 8,
            "height": 8,
            "chars": [
                "㝡"
            ]
        },
        {
            "type": "bitmap",
            "file": "font/x.png",
            "ascent": 8,
            "height": 8,
            "chars": [
                "㝢"
            ]
        },
        {
            "type": "bitmap",
            "file": "font/p.png",
            "ascent": 8,
            "height": 8,
            "chars": [
                "㝣"
            ]
        },
        {
            "type": "bitmap",
            "file": "font/clock.png",
            "ascent": 12,
            "height": 17,
            "chars": [
                "ꔄ"
            ]
        },
        {
            "type": "bitmap",
            "file": "font/arrow.png",
            "ascent": 7,
            "height": 7,
            "chars": [
                "ꖺ"
            ]
        },
        {
            "type": "bitmap",
            "file": "font/pixel.png",
            "ascent": -1000,
            "height": -2,
            "chars": [
                "七"
            ]
        },
        {
            "type": "bitmap",
            "file": "font/income.png",
            "ascent": 8,
            "height": 8,
            "chars": [
                "ↂ"
            ]
        },
        {
            "type": "bitmap",
            "file": "font/click.png",
            "ascent": 8,
            "height": 8,
            "chars": [
                ""
            ]
        },
        {
            "type": "bitmap",
            "file": "font/smile.png",
            "ascent": 8,
            "height": 8,
            "chars": [
                "ᝩ"
            ]
        },
        {
            "type": "bitmap",
            "file": "font/cool.png",
            "ascent": 8,
            "height": 8,
            "chars": [
                "ᝪ"
            ]
        },
        {
            "type": "bitmap",
            "file": "font/simplesmile.png",
            "ascent": 8,
            "height": 8,
            "chars": [
                "⸷"
            ]
        },
        {
            "type": "bitmap",
            "file": "font/in_glasses.png",
            "ascent": 8,
            "height": 8,
            "chars": [
                "⹑"
            ]
        },
        {
            "type": "bitmap",
            "file": "font/pig.png",
            "ascent": 10,
            "height": 12,
            "chars": [
                "ರ"
            ]
        },
        {
            "type": "bitmap",
            "file": "font/controller.png",
            "ascent": 10,
            "height": 12,
            "chars": [
                "ಱ"
            ]
        },
        {
            "type": "bitmap",
            "file": "font/version.png",
            "ascent": 10,
            "height": 12,
            "chars": [
                "ಲ"
            ]
        },
        {
            "type": "bitmap",
            "file": "font/laugh.png",
            "ascent": 7,
            "height": 7,
            "chars": [
                "ហ"
            ]
        },
        {
            "type": "bitmap",
            "file": "font/sleep.png",
            "ascent": 7,
            "height": 7,
            "chars": [
                "ឡ"
            ]
        },
        {
            "type": "bitmap",
            "file": "font/stupid.png",
            "ascent": 7,
            "height": 7,
            "chars": [
                "អ"
            ]
        },
        {
            "type": "bitmap",
            "file": "font/wall.png",
            "ascent": 7,
            "height": 7,
            "chars": [
                "ឤ"
            ]
        },
        {
            "type": "bitmap",
            "file": "font/gold_title_start.png",
            "ascent": 9,
            "height": 12,
            "chars": [
                "∅"
            ]
        },
        {
            "type": "bitmap",
            "file": "font/gold_title_end.png",
            "ascent": 9,
            "height": 12,
            "chars": [
                "∆"
            ]
        },
        {
            "type": "bitmap",
            "file": "font/tree_title_start.png",
            "ascent": 9,
            "height": 12,
            "chars": [
                "ၥ"
            ]
        },
        {
            "type": "bitmap",
            "file": "font/tree_title_end.png",
            "ascent": 9,
            "height": 12,
            "chars": [
                "ၧ"
            ]
        },
        {
            "type": "bitmap",
            "file": "font/bone_title_start.png",
            "ascent": 9,
            "height": 12,
            "chars": [
                "᭩"
            ]
        },
        {
            "type": "bitmap",
            "file": "font/bone_title_end.png",
            "ascent": 9,
            "height": 12,
            "chars": [
                "᭨"
            ]
        },
        {
            "type": "bitmap",
            "file": "font/halloween_title_start.png",
            "ascent": 9,
            "height": 12,
            "chars": [
                "ᄣ"
            ]
        },
        {
            "type": "bitmap",
            "file": "font/halloween_title_end.png",
            "ascent": 9,
            "height": 12,
            "chars": [
                "ᄤ"
            ]
        },
        {
            "type": "bitmap",
            "file": "font/thunder_title_start.png",
            "ascent": 9,
            "height": 12,
            "chars": [
                "ᅁ"
            ]
        },
        {
            "type": "bitmap",
            "file": "font/thunder_title_end.png",
            "ascent": 9,
            "height": 12,
            "chars": [
                "ᅂ"
            ]
        },
        {
            "type": "bitmap",
            "file": "font/water_title_start.png",
            "ascent": 9,
            "height": 12,
            "chars": [
                "ᅃ"
            ]
        },
        {
            "type": "bitmap",
            "file": "font/water_title_end.png",
            "ascent": 9,
            "height": 12,
            "chars": [
                "ᅄ"
            ]
        },
        {
            "type": "bitmap",
            "file": "font/alower.png",
            "ascent": 8,
            "height": 8,
            "chars": [
                "᠀"
            ]
        },
        {
            "type": "bitmap",
            "file": "font/blower.png",
            "ascent": 8,
            "height": 8,
            "chars": [
                "᠁"
            ]
        },
        {
            "type": "bitmap",
            "file": "font/clower.png",
            "ascent": 8,
            "height": 8,
            "chars": [
                "᠂"
            ]
        },
        {
            "type": "bitmap",
            "file": "font/dlower.png",
            "ascent": 8,
            "height": 8,
            "chars": [
                "᠃"
            ]
        },
        {
            "type": "bitmap",
            "file": "font/elower.png",
            "ascent": 8,
            "height": 8,
            "chars": [
                "᠄"
            ]
        },
        {
            "type": "bitmap",
            "file": "font/flower.png",
            "ascent": 8,
            "height": 8,
            "chars": [
                "᠅"
            ]
        },
        {
            "type": "bitmap",
            "file": "font/glower.png",
            "ascent": 8,
            "height": 8,
            "chars": [
                "᠆"
            ]
        },
        {
            "type": "bitmap",
            "file": "font/hlower.png",
            "ascent": 8,
            "height": 8,
            "chars": [
                "᠇"
            ]
        },
        {
            "type": "bitmap",
            "file": "font/ilower.png",
            "ascent": 8,
            "height": 8,
            "chars": [
                "᠈"
            ]
        },
        {
            "type": "bitmap",
            "file": "font/jlower.png",
            "ascent": 8,
            "height": 8,
            "chars": [
                "᠉"
            ]
        },
        {
            "type": "bitmap",
            "file": "font/klower.png",
            "ascent": 8,
            "height": 8,
            "chars": [
                "᠊"
            ]
        },
        {
            "type": "bitmap",
            "file": "font/llower.png",
            "ascent": 8,
            "height": 8,
            "chars": [
                "᠋"
            ]
        },
        {
            "type": "bitmap",
            "file": "font/mlower.png",
            "ascent": 8,
            "height": 8,
            "chars": [
                "᠌"
            ]
        },
        {
            "type": "bitmap",
            "file": "font/nlower.png",
            "ascent": 8,
            "height": 8,
            "chars": [
                "᠍"
            ]
        },
        {
            "type": "bitmap",
            "file": "font/olower.png",
            "ascent": 8,
            "height": 8,
            "chars": [
                "᠎"
            ]
        },
        {
            "type": "bitmap",
            "file": "font/plower.png",
            "ascent": 8,
            "height": 8,
            "chars": [
                "᠏"
            ]
        },
        {
            "type": "bitmap",
            "file": "font/qlower.png",
            "ascent": 8,
            "height": 8,
            "chars": [
                "᠐"
            ]
        },
        {
            "type": "bitmap",
            "file": "font/rlower.png",
            "ascent": 8,
            "height": 8,
            "chars": [
                "᠑"
            ]
        },
        {
            "type": "bitmap",
            "file": "font/slower.png",
            "ascent": 8,
            "height": 8,
            "chars": [
                "᠒"
            ]
        },
        {
            "type": "bitmap",
            "file": "font/tlower.png",
            "ascent": 8,
            "height": 8,
            "chars": [
                "᠓"
            ]
        },
        {
            "type": "bitmap",
            "file": "font/ulower.png",
            "ascent": 8,
            "height": 8,
            "chars": [
                "᠔"
            ]
        },
        {
            "type": "bitmap",
            "file": "font/vlower.png",
            "ascent": 8,
            "height": 8,
            "chars": [
                "᠕"
            ]
        },
        {
            "type": "bitmap",
            "file": "font/wlower.png",
            "ascent": 8,
            "height": 8,
            "chars": [
                "᠖"
            ]
        },
        {
            "type": "bitmap",
            "file": "font/xlower.png",
            "ascent": 8,
            "height": 8,
            "chars": [
                "᠗"
            ]
        },
        {
            "type": "bitmap",
            "file": "font/ylower.png",
            "ascent": 8,
            "height": 8,
            "chars": [
                "᠘"
            ]
        },
        {
            "type": "bitmap",
            "file": "font/zlower.png",
            "ascent": 8,
            "height": 8,
            "chars": [
                "᠙"
            ]
        },
        {
            "type": "bitmap",
            "file": "font/aupper.png",
            "ascent": 8,
            "height": 8,
            "chars": [
                "᠚"
            ]
        },
        {
            "type": "bitmap",
            "file": "font/bupper.png",
            "ascent": 8,
            "height": 8,
            "chars": [
                "᠛"
            ]
        },
        {
            "type": "bitmap",
            "file": "font/cupper.png",
            "ascent": 8,
            "height": 8,
            "chars": [
                "᠜"
            ]
        },
        {
            "type": "bitmap",
            "file": "font/dupper.png",
            "ascent": 8,
            "height": 8,
            "chars": [
                "᠝"
            ]
        },
        {
            "type": "bitmap",
            "file": "font/eupper.png",
            "ascent": 8,
            "height": 8,
            "chars": [
                "᠞"
            ]
        },
        {
            "type": "bitmap",
            "file": "font/fupper.png",
            "ascent": 8,
            "height": 8,
            "chars": [
                "᠟"
            ]
        },
        {
            "type": "bitmap",
            "file": "font/gupper.png",
            "ascent": 8,
            "height": 8,
            "chars": [
                "ᠠ"
            ]
        },
        {
            "type": "bitmap",
            "file": "font/hupper.png",
            "ascent": 8,
            "height": 8,
            "chars": [
                "ᠡ"
            ]
        },
        {
            "type": "bitmap",
            "file": "font/iupper.png",
            "ascent": 8,
            "height": 8,
            "chars": [
                "ᠢ"
            ]
        },
        {
            "type": "bitmap",
            "file": "font/jupper.png",
            "ascent": 8,
            "height": 8,
            "chars": [
                "ᠣ"
            ]
        },
        {
            "type": "bitmap",
            "file": "font/kupper.png",
            "ascent": 8,
            "height": 8,
            "chars": [
                "ᠤ"
            ]
        },
        {
            "type": "bitmap",
            "file": "font/lupper.png",
            "ascent": 8,
            "height": 8,
            "chars": [
                "ᠥ"
            ]
        },
        {
            "type": "bitmap",
            "file": "font/mupper.png",
            "ascent": 8,
            "height": 8,
            "chars": [
                "ᠦ"
            ]
        },
        {
            "type": "bitmap",
            "file": "font/nupper.png",
            "ascent": 8,
            "height": 8,
            "chars": [
                "ᠧ"
            ]
        },
        {
            "type": "bitmap",
            "file": "font/oupper.png",
            "ascent": 8,
            "height": 8,
            "chars": [
                "ᠨ"
            ]
        },
        {
            "type": "bitmap",
            "file": "font/pupper.png",
            "ascent": 8,
            "height": 8,
            "chars": [
                "ᠩ"
            ]
        },
        {
            "type": "bitmap",
            "file": "font/qupper.png",
            "ascent": 8,
            "height": 8,
            "chars": [
                "ᠪ"
            ]
        },
        {
            "type": "bitmap",
            "file": "font/rupper.png",
            "ascent": 8,
            "height": 8,
            "chars": [
                "ᠫ"
            ]
        },
        {
            "type": "bitmap",
            "file": "font/supper.png",
            "ascent": 8,
            "height": 8,
            "chars": [
                "ᠬ"
            ]
        },
        {
            "type": "bitmap",
            "file": "font/tupper.png",
            "ascent": 8,
            "height": 8,
            "chars": [
                "ᠭ"
            ]
        },
        {
            "type": "bitmap",
            "file": "font/uupper.png",
            "ascent": 8,
            "height": 8,
            "chars": [
                "ᠮ"
            ]
        },
        {
            "type": "bitmap",
            "file": "font/vupper.png",
            "ascent": 8,
            "height": 8,
            "chars": [
                "ᠯ"
            ]
        },
        {
            "type": "bitmap",
            "file": "font/wupper.png",
            "ascent": 8,
            "height": 8,
            "chars": [
                "ᠰ"
            ]
        },
        {
            "type": "bitmap",
            "file": "font/xupper.png",
            "ascent": 8,
            "height": 8,
            "chars": [
                "ᠱ"
            ]
        },
        {
            "type": "bitmap",
            "file": "font/yupper.png",
            "ascent": 8,
            "height": 8,
            "chars": [
                "ᠲ"
            ]
        },
        {
            "type": "bitmap",
            "file": "font/zupper.png",
            "ascent": 8,
            "height": 8,
            "chars": [
                "ᠳ"
            ]
        },
        {
            "type": "bitmap",
            "file": "font/left.png",
            "ascent": 8,
            "height": 8,
            "chars": [
                "럓"
            ]
        },
        {
            "type": "bitmap",
            "file": "font/right.png",
            "ascent": 8,
            "height": 8,
            "chars": [
                "렌"
            ]
        },
        {
            "type": "bitmap",
            "file": "font/empty.png",
            "ascent": 8,
            "height": 8,
            "chars": [
                "렿"
            ]
        },
        {
            "type": "bitmap",
            "file": "font/tire.png",
            "ascent": 8,
            "height": 8,
            "chars": [
                "눅"
            ]
        },
        {
            "type": "bitmap",
            "file": "font/ntire.png",
            "ascent": 8,
            "height": 8,
            "chars": [
                "눉"
            ]
        },
        {
            "type": "bitmap",
            "file": "font/sabaka.png",
            "ascent": 8,
            "height": 8,
            "chars": [
                "뉂"
            ]
        },
        {
            "type": "bitmap",
            "file": "font/reshotka.png",
            "ascent": 8,
            "height": 8,
            "chars": [
                "뉏"
            ]
        },
        {
            "type": "bitmap",
            "file": "font/dollar.png",
            "ascent": 8,
            "height": 8,
            "chars": [
                "롄"
            ]
        },
        {
            "type": "bitmap",
            "file": "font/ororor.png",
            "ascent": 8,
            "height": 8,
            "chars": [
                "룣"
            ]
        },
        {
            "type": "bitmap",
            "file": "font/zvezda.png",
            "ascent": 8,
            "height": 8,
            "chars": [
                "뤬"
            ]
        },
        {
            "type": "bitmap",
            "file": "font/precent.png",
            "ascent": 8,
            "height": 8,
            "chars": [
                "륷"
            ]
        },
        {
            "type": "bitmap",
            "file": "font/skobka_right.png",
            "ascent": 8,
            "height": 8,
            "chars": [
                "릭"
            ]
        },
        {
            "type": "bitmap",
            "file": "font/skobka_left.png",
            "ascent": 8,
            "height": 8,
            "chars": [
                "리"
            ]
        },
        {
            "type": "bitmap",
            "file": "font/ttire.png",
            "ascent": 8,
            "height": 8,
            "chars": [
                "매"
            ]
        },
        {
            "type": "bitmap",
            "file": "font/zapyt.png",
            "ascent": 8,
            "height": 8,
            "chars": [
                "멉"
            ]
        },
        {"type":"bitmap","file":"font/rlowerru.png","ascent":8,"height":8,"chars":["ᄀ"]},{"type":"bitmap","file":"font/slowerru.png","ascent":8,"height":8,"chars":["ᄁ"]},{"type":"bitmap","file":"font/tlowerru.png","ascent":8,"height":8,"chars":["ᄂ"]},{"type":"bitmap","file":"font/ulowerru.png","ascent":8,"height":8,"chars":["ᄃ"]},{"type":"bitmap","file":"font/flowerru.png","ascent":8,"height":8,"chars":["ᄄ"]},{"type":"bitmap","file":"font/hlowerru.png","ascent":8,"height":8,"chars":["ᄅ"]},{"type":"bitmap","file":"font/clowerru.png","ascent":8,"height":8,"chars":["ᄆ"]},{"type":"bitmap","file":"font/chlowerru.png","ascent":8,"height":8,"chars":["ᄇ"]},{"type":"bitmap","file":"font/shlowerru.png","ascent":8,"height":8,"chars":["ᄈ"]},{"type":"bitmap","file":"font/shchlowerru.png","ascent":8,"height":8,"chars":["ᄉ"]},{"type":"bitmap","file":"font/tverdlowerru.png","ascent":8,"height":8,"chars":["ᄊ"]},{"type":"bitmap","file":"font/ylowerru.png","ascent":8,"height":8,"chars":["ᄋ"]},{"type":"bitmap","file":"font/blowerru.png","ascent":8,"height":8,"chars":["ᄌ"]},{"type":"bitmap","file":"font/elowerru.png","ascent":8,"height":8,"chars":["ᄍ"]},{"type":"bitmap","file":"font/yulowerru.png","ascent":8,"height":8,"chars":["ᄎ"]},{"type":"bitmap","file":"font/yalowerru.png","ascent":8,"height":8,"chars":["ᄏ"]},{"type":"bitmap","file":"font/yolowerru.png","ascent":8,"height":8,"chars":["ᄐ"]},{"type":"bitmap","file":"font/alowerru.png","ascent":8,"height":8,"chars":["ᄑ"]},{"type":"bitmap","file":"font/blowerru.png","ascent":8,"height":8,"chars":["ᄒ"]},{"type":"bitmap","file":"font/vlowerru.png","ascent":8,"height":8,"chars":["ᄓ"]},{"type":"bitmap","file":"font/glowerru.png","ascent":8,"height":8,"chars":["ᄔ"]},{"type":"bitmap","file":"font/dlowerru.png","ascent":8,"height":8,"chars":["ᄕ"]},{"type":"bitmap","file":"font/elowerru.png","ascent":8,"height":8,"chars":["ᄖ"]},{"type":"bitmap","file":"font/zlowerru.png","ascent":8,"height":8,"chars":["ᄗ"]},{"type":"bitmap","file":"font/ilowerru.png","ascent":8,"height":8,"chars":["ᄘ"]},{"type":"bitmap","file":"font/jlowerru.png","ascent":8,"height":8,"chars":["ᄙ"]},{"type":"bitmap","file":"font/klowerru.png","ascent":8,"height":8,"chars":["ᄚ"]},{"type":"bitmap","file":"font/llowerru.png","ascent":8,"height":8,"chars":["ᄛ"]},{"type":"bitmap","file":"font/mlowerru.png","ascent":8,"height":8,"chars":["ᄜ"]},{"type":"bitmap","file":"font/nlowerru.png","ascent":8,"height":8,"chars":["ᄝ"]},{"type":"bitmap","file":"font/olowerru.png","ascent":8,"height":8,"chars":["ᄞ"]},{"type":"bitmap","file":"font/plowerru.png","ascent":8,"height":8,"chars":["ᄟ"]},
        {"type":"bitmap","file":"font/youpperru.png","ascent":8,"height":8,"chars":["ሀ"]},{"type":"bitmap","file":"font/aupperru.png","ascent":8,"height":8,"chars":["ሁ"]},{"type":"bitmap","file":"font/bupperru.png","ascent":8,"height":8,"chars":["ሂ"]},{"type":"bitmap","file":"font/vupperru.png","ascent":8,"height":8,"chars":["ሃ"]},{"type":"bitmap","file":"font/gupperru.png","ascent":8,"height":8,"chars":["ሄ"]},{"type":"bitmap","file":"font/dupperru.png","ascent":8,"height":8,"chars":["ህ"]},{"type":"bitmap","file":"font/eupperru.png","ascent":8,"height":8,"chars":["ሆ"]},{"type":"bitmap","file":"font/zupperru.png","ascent":8,"height":8,"chars":["ሇ"]},{"type":"bitmap","file":"font/iupperru.png","ascent":8,"height":8,"chars":["ለ"]},{"type":"bitmap","file":"font/jupperru.png","ascent":8,"height":8,"chars":["ሉ"]},{"type":"bitmap","file":"font/kupperru.png","ascent":8,"height":8,"chars":["ሊ"]},{"type":"bitmap","file":"font/lupperru.png","ascent":8,"height":8,"chars":["ላ"]},{"type":"bitmap","file":"font/mupperru.png","ascent":8,"height":8,"chars":["ሌ"]},{"type":"bitmap","file":"font/nupperru.png","ascent":8,"height":8,"chars":["ል"]},{"type":"bitmap","file":"font/oupperru.png","ascent":8,"height":8,"chars":["ሎ"]},{"type":"bitmap","file":"font/pupperru.png","ascent":8,"height":8,"chars":["ሏ"]},{"type":"bitmap","file":"font/rupperru.png","ascent":8,"height":8,"chars":["ሐ"]},{"type":"bitmap","file":"font/supperru.png","ascent":8,"height":8,"chars":["ሑ"]},{"type":"bitmap","file":"font/tupperru.png","ascent":8,"height":8,"chars":["ሒ"]},{"type":"bitmap","file":"font/uupperru.png","ascent":8,"height":8,"chars":["ሓ"]},{"type":"bitmap","file":"font/fupperru.png","ascent":8,"height":8,"chars":["ሔ"]},{"type":"bitmap","file":"font/hupperru.png","ascent":8,"height":8,"chars":["ሕ"]},{"type":"bitmap","file":"font/cupperru.png","ascent":8,"height":8,"chars":["ሖ"]},{"type":"bitmap","file":"font/chupperru.png","ascent":8,"height":8,"chars":["ሗ"]},{"type":"bitmap","file":"font/shupperru.png","ascent":8,"height":8,"chars":["መ"]},{"type":"bitmap","file":"font/shchupperru.png","ascent":8,"height":8,"chars":["ሙ"]},{"type":"bitmap","file":"font/tverdupperru.png","ascent":8,"height":8,"chars":["ሚ"]},{"type":"bitmap","file":"font/yupperru.png","ascent":8,"height":8,"chars":["ማ"]},{"type":"bitmap","file":"font/bupperru.png","ascent":8,"height":8,"chars":["ሜ"]},{"type":"bitmap","file":"font/eupperru.png","ascent":8,"height":8,"chars":["ም"]},{"type":"bitmap","file":"font/yuupperru.png","ascent":8,"height":8,"chars":["ሞ"]},{"type":"bitmap","file":"font/yaupperru.png","ascent":8,"height":8,"chars":["ሟ"]}
    ]
}