{
	"credit": "Made with Blockbench",
	"texture_size": [64, 64],
	"textures": {
		"0": "item/candycane",
		"particle": "item/candycane"
	},
	"elements": [
		{
			"name": "model",
			"from": [1.5, 13, 5],
			"to": [3.5, 15, 14],
			"rotation": {"angle": 0, "axis": "x", "origin": [8, 0, 8]},
			"faces": {
				"north": {"uv": [5, 5, 5.5, 5.5], "texture": "#0"},
				"east": {"uv": [2.75, 5, 5, 5.5], "texture": "#0"},
				"south": {"uv": [7.75, 5, 8.25, 5.5], "texture": "#0"},
				"west": {"uv": [5.5, 5, 7.75, 5.5], "texture": "#0"},
				"up": {"uv": [5.5, 5, 5, 2.75], "texture": "#0"},
				"down": {"uv": [6, 2.75, 5.5, 5], "texture": "#0"}
			}
		},
		{
			"name": "model",
			"from": [1, 12.5, -8],
			"to": [4, 15.5, 5],
			"rotation": {"angle": 0, "axis": "x", "origin": [8, 0, 8]},
			"faces": {
				"north": {"uv": [6.5, 12, 7.25, 12.75], "texture": "#0"},
				"east": {"uv": [3.25, 12, 6.5, 12.75], "texture": "#0"},
				"south": {"uv": [10.5, 12, 11.25, 12.75], "texture": "#0"},
				"west": {"uv": [7.25, 12, 10.5, 12.75], "texture": "#0"},
				"up": {"uv": [7.25, 12, 6.5, 8.75], "texture": "#0"},
				"down": {"uv": [8, 8.75, 7.25, 12], "texture": "#0"}
			}
		},
		{
			"name": "model",
			"from": [1, 7.5, -8],
			"to": [4, 12.5, -5],
			"rotation": {"angle": 0, "axis": "x", "origin": [8, 0, 8]},
			"faces": {
				"north": {"uv": [4.75, 13.75, 5.5, 15], "texture": "#0"},
				"east": {"uv": [4, 13.75, 4.75, 15], "texture": "#0"},
				"south": {"uv": [6.25, 13.75, 7, 15], "texture": "#0"},
				"west": {"uv": [5.5, 13.75, 6.25, 15], "texture": "#0"},
				"up": {"uv": [5.5, 13.75, 4.75, 13], "texture": "#0"},
				"down": {"uv": [6.25, 13, 5.5, 13.75], "texture": "#0"}
			}
		},
		{
			"name": "model",
			"from": [1, 7.5, -5],
			"to": [4, 10.5, -2],
			"rotation": {"angle": 0, "axis": "x", "origin": [8, 0, 8]},
			"faces": {
				"north": {"uv": [0.75, 12, 1.5, 12.75], "texture": "#0"},
				"east": {"uv": [0, 12, 0.75, 12.75], "texture": "#0"},
				"south": {"uv": [2.25, 12, 3, 12.75], "texture": "#0"},
				"west": {"uv": [1.5, 12, 2.25, 12.75], "texture": "#0"},
				"up": {"uv": [1.5, 12, 0.75, 11.25], "texture": "#0"},
				"down": {"uv": [2.25, 11.25, 1.5, 12], "texture": "#0"}
			}
		},
		{
			"name": "model",
			"from": [0.5, 12, 14],
			"to": [4.5, 16, 17],
			"rotation": {"angle": 0, "axis": "x", "origin": [8, 0, 8]},
			"faces": {
				"north": {"uv": [0.75, 6.25, 1.75, 7.25], "texture": "#0"},
				"east": {"uv": [0, 6.25, 0.75, 7.25], "texture": "#0"},
				"south": {"uv": [2.5, 6.25, 3.5, 7.25], "texture": "#0"},
				"west": {"uv": [1.75, 6.25, 2.5, 7.25], "texture": "#0"},
				"up": {"uv": [1.75, 6.25, 0.75, 5.5], "texture": "#0"},
				"down": {"uv": [2.75, 5.5, 1.75, 6.25], "texture": "#0"}
			}
		},
		{
			"name": "bow",
			"from": [1, 10.66667, -10.01667],
			"to": [4, 13.66667, -8.01667],
			"rotation": {"angle": 0, "axis": "x", "origin": [8, 0, 8]},
			"faces": {
				"north": {"uv": [7, 6, 7.75, 6.75], "texture": "#0"},
				"east": {"uv": [6.5, 6, 7, 6.75], "texture": "#0"},
				"south": {"uv": [8.25, 6, 9, 6.75], "texture": "#0"},
				"west": {"uv": [7.75, 6, 8.25, 6.75], "texture": "#0"},
				"up": {"uv": [7.75, 6, 7, 5.5], "texture": "#0"},
				"down": {"uv": [8.5, 5.5, 7.75, 6], "texture": "#0"}
			}
		},
		{
			"name": "bowleft",
			"from": [-9, 9.66667, -6.51667],
			"to": [-5, 15.66667, -4.51667],
			"rotation": {"angle": -22.5, "axis": "y", "origin": [2, 0, 11]},
			"faces": {
				"north": {"uv": [4, 6, 5, 7.5], "texture": "#0"},
				"east": {"uv": [3.5, 6, 4, 7.5], "texture": "#0"},
				"south": {"uv": [5.5, 6, 6.5, 7.5], "texture": "#0"},
				"west": {"uv": [5, 6, 5.5, 7.5], "texture": "#0"},
				"up": {"uv": [5, 6, 4, 5.5], "texture": "#0"},
				"down": {"uv": [6, 5.5, 5, 6], "texture": "#0"}
			}
		},
		{
			"name": "bowright",
			"from": [10, 9.66667, -10.51667],
			"to": [14, 15.66667, -8.51667],
			"rotation": {"angle": 22.5, "axis": "y", "origin": [14, 0, 7]},
			"faces": {
				"north": {"uv": [5, 6, 4, 7.5], "texture": "#0"},
				"east": {"uv": [5.5, 6, 5, 7.5], "texture": "#0"},
				"south": {"uv": [6.5, 6, 5.5, 7.5], "texture": "#0"},
				"west": {"uv": [4, 6, 3.5, 7.5], "texture": "#0"},
				"up": {"uv": [4, 6, 5, 5.5], "texture": "#0"},
				"down": {"uv": [5, 5.5, 6, 6], "texture": "#0"}
			}
		},
		{
			"name": "leftlower",
			"from": [-3.5, 4.91667, -9.01667],
			"to": [-1.5, 9.91667, -9.01667],
			"rotation": {"angle": -22.5, "axis": "z", "origin": [4, -1, 8]},
			"faces": {
				"north": {"uv": [2, 7.25, 2.5, 8.5], "texture": "#0"},
				"east": {"uv": [2, 7.25, 2, 8.5], "texture": "#0"},
				"south": {"uv": [2.5, 7.25, 3, 8.5], "texture": "#0"},
				"west": {"uv": [2.5, 7.25, 2.5, 8.5], "texture": "#0"},
				"up": {"uv": [2.5, 7.25, 2, 7.25], "texture": "#0"},
				"down": {"uv": [3, 7.25, 2.5, 7.25], "texture": "#0"}
			}
		},
		{
			"name": "rightlower",
			"from": [6.5, 8.91667, -9.01667],
			"to": [8.5, 13.91667, -9.01667],
			"rotation": {"angle": 22.5, "axis": "z", "origin": [12, 3, 8]},
			"faces": {
				"north": {"uv": [2.5, 7.25, 2, 8.5], "texture": "#0"},
				"east": {"uv": [2.5, 7.25, 2.5, 8.5], "texture": "#0"},
				"south": {"uv": [3, 7.25, 2.5, 8.5], "texture": "#0"},
				"west": {"uv": [2, 7.25, 2, 8.5], "texture": "#0"},
				"up": {"uv": [2, 7.25, 2.5, 7.25], "texture": "#0"},
				"down": {"uv": [2.5, 7.25, 3, 7.25], "texture": "#0"}
			}
		}
	],
	"display": {
		"thirdperson_righthand": {
			"rotation": [120, 0, 0],
			"translation": [5.5, 4, -3]
		},
		"thirdperson_lefthand": {
			"scale": [0, 0, 0]
		},
		"firstperson_righthand": {
			"rotation": [73, 24, -40],
			"translation": [3, -0.25, -9.5]
		},
		"firstperson_lefthand": {
			"translation": [80, 0, 0]
		},
		"gui": {
			"rotation": [93, -14, 116],
			"translation": [0.75, -3, 0],
			"scale": [0.6, 0.6, 0.6]
		},
		"fixed": {
			"rotation": [90, 0, 0],
			"translation": [4.75, -2.5, -5.75]
		}
	},
	"groups": [
		{
			"name": "left_arm",
			"origin": [4, 22, 8],
			"color": 0,
			"children": [
				{
					"name": "model",
					"origin": [2.5, 13.66667, 5.83333],
					"color": 1,
					"children": [
						0,
						1,
						2,
						3,
						4,
						{
							"name": "bow",
							"origin": [3, 12.66667, -10.01667],
							"color": 2,
							"children": [
								5,
								{
									"name": "bowleft",
									"origin": [1, 12.66667, -8.51667],
									"color": 3,
									"children": [6]
								},
								{
									"name": "bowright",
									"origin": [4, 12.66667, -8.51667],
									"color": 4,
									"children": [7]
								},
								{
									"name": "leftlower",
									"origin": [1.5, 11.41667, -9.01667],
									"color": 5,
									"children": [8]
								},
								{
									"name": "rightlower",
									"origin": [3.5, 11.41667, -9.01667],
									"color": 6,
									"children": [9]
								}
							]
						}
					]
				}
			]
		}
	]
}