{
	"credit": "Made with Blockbench",
	"texture_size": [64, 64],
	"textures": {
		"0": "item/eared_hat",
		"particle": "item/eared_hat"
	},
	"elements": [
		{
			"name": "main",
			"from": [3.25, 4, 3.25],
			"to": [12.75, 9, 12.75],
			"rotation": {"angle": 0, "axis": "y", "origin": [8, 0, 8]},
			"faces": {
				"north": {"uv": [2.25, 2.25, 4.5, 3.5], "texture": "#0"},
				"east": {"uv": [0, 2.25, 2.25, 3.5], "texture": "#0"},
				"south": {"uv": [6.75, 2.25, 9, 3.5], "texture": "#0"},
				"west": {"uv": [4.5, 2.25, 6.75, 3.5], "texture": "#0"},
				"up": {"uv": [4.5, 2.25, 2.25, 0], "texture": "#0"},
				"down": {"uv": [6.75, 0, 4.5, 2.25], "texture": "#0"}
			}
		},
		{
			"name": "right_ear_2",
			"from": [0.3, -5.75327, 6.25],
			"to": [2.3, 4.24673, 9.75],
			"rotation": {"angle": -22.5, "axis": "z", "origin": [6, -2, 8]},
			"faces": {
				"north": {"uv": [0.75, 4.25, 1.25, 6.75], "texture": "#0"},
				"east": {"uv": [0, 4.25, 0.75, 6.75], "texture": "#0"},
				"south": {"uv": [2, 4.25, 2.5, 6.75], "texture": "#0"},
				"west": {"uv": [1.25, 4.25, 2, 6.75], "texture": "#0"},
				"up": {"uv": [1.25, 4.25, 0.75, 3.5], "texture": "#0"},
				"down": {"uv": [1.75, 3.5, 1.25, 4.25], "texture": "#0"}
			}
		},
		{
			"name": "left_ear_2",
			"from": [13.55828, -5.75327, 6.25],
			"to": [15.55828, 4.24673, 9.75],
			"rotation": {"angle": 22.5, "axis": "z", "origin": [10, -2, 8]},
			"faces": {
				"north": {"uv": [3.25, 4.25, 3.75, 6.75], "texture": "#0"},
				"east": {"uv": [2.5, 4.25, 3.25, 6.75], "texture": "#0"},
				"south": {"uv": [4.5, 4.25, 5, 6.75], "texture": "#0"},
				"west": {"uv": [3.75, 4.25, 4.5, 6.75], "texture": "#0"},
				"up": {"uv": [3.75, 4.25, 3.25, 3.5], "texture": "#0"},
				"down": {"uv": [4.25, 3.5, 3.75, 4.25], "texture": "#0"}
			}
		},
		{
			"name": "right_ear",
			"from": [5.79434, 9.82977, 8],
			"to": [9.79434, 13.82977, 10],
			"rotation": {"angle": 22.5, "axis": "z", "origin": [11, 2, 8]},
			"faces": {
				"north": {"uv": [5.5, 4, 6.5, 5], "texture": "#0"},
				"east": {"uv": [5, 4, 5.5, 5], "texture": "#0"},
				"south": {"uv": [7, 4, 8, 5], "texture": "#0"},
				"west": {"uv": [6.5, 4, 7, 5], "texture": "#0"},
				"up": {"uv": [6.5, 4, 5.5, 3.5], "texture": "#0"},
				"down": {"uv": [7.5, 3.5, 6.5, 4], "texture": "#0"}
			}
		},
		{
			"name": "bone2",
			"from": [5.79534, 13.83503, 7.99505],
			"to": [9.79334, 17.83503, 9.99505],
			"rotation": {"angle": 22.5, "axis": "z", "origin": [11, 2, 8]},
			"faces": {
				"north": {"uv": [5.5, 7, 6.25, 8], "texture": "#0"},
				"east": {"uv": [5, 7, 5.5, 8], "texture": "#0"},
				"south": {"uv": [6.75, 7, 7.5, 8], "texture": "#0"},
				"west": {"uv": [6.25, 7, 6.75, 8], "texture": "#0"},
				"up": {"uv": [6.25, 7, 5.5, 6.5], "texture": "#0"},
				"down": {"uv": [7, 6.5, 6.25, 7], "texture": "#0"}
			}
		},
		{
			"name": "left_ear",
			"from": [7.22469, 9.7341, 8],
			"to": [11.22469, 13.7341, 10],
			"rotation": {"angle": -22.5, "axis": "z", "origin": [6, 2, 8]},
			"faces": {
				"north": {"uv": [5.5, 5.5, 6.5, 6.5], "texture": "#0"},
				"east": {"uv": [5, 5.5, 5.5, 6.5], "texture": "#0"},
				"south": {"uv": [7, 5.5, 8, 6.5], "texture": "#0"},
				"west": {"uv": [6.5, 5.5, 7, 6.5], "texture": "#0"},
				"up": {"uv": [6.5, 5.5, 5.5, 5], "texture": "#0"},
				"down": {"uv": [7.5, 5, 6.5, 5.5], "texture": "#0"}
			}
		},
		{
			"name": "bone4",
			"from": [11, 6.25309, -3.01994],
			"to": [14.998, 10.25309, -1.01994],
			"rotation": {"angle": -45, "axis": "x", "origin": [10, 22, -1]},
			"faces": {
				"north": {"uv": [0.5, 7.25, 1.25, 8.25], "texture": "#0"},
				"east": {"uv": [0, 7.25, 0.5, 8.25], "texture": "#0"},
				"south": {"uv": [1.75, 7.25, 2.5, 8.25], "texture": "#0"},
				"west": {"uv": [1.25, 7.25, 1.75, 8.25], "texture": "#0"},
				"up": {"uv": [1.25, 7.25, 0.5, 6.75], "texture": "#0"},
				"down": {"uv": [2, 6.75, 1.25, 7.25], "texture": "#0"}
			}
		}
	],
	"display": {
		"head": {
			"translation": [0, -61.25, 0],
			"scale": [1.7, 1.7, 1.7]
		}
	},
	"groups": [
		{
			"name": "main",
			"origin": [8, 4, 8],
			"color": 0,
			"children": [0]
		},
		{
			"name": "right_ear_2",
			"origin": [3.23953, 5.27279, 8],
			"color": 1,
			"children": [
				1,
				{
					"name": "bone7",
					"origin": [3.23953, 5.27279, 8],
					"color": 2,
					"children": []
				}
			]
		},
		{
			"name": "left_ear_2",
			"origin": [12.76047, 5.27279, 8],
			"color": 3,
			"children": [2]
		},
		{
			"name": "right_ear",
			"origin": [4.96927, 8.94552, 9],
			"color": 4,
			"children": [
				3,
				{
					"name": "bone2",
					"origin": [4.79434, 11.84485, 10.01075],
					"color": 5,
					"children": [4]
				}
			]
		},
		{
			"name": "left_ear",
			"origin": [11.28073, 8.94552, 9],
			"color": 6,
			"children": [
				5,
				{
					"name": "bone4",
					"origin": [11.22269, 11.72559, 10.01956],
					"color": 7,
					"children": [6]
				}
			]
		}
	]
}