{
	"credit": "Made with Blockbench",
	"texture_size": [64, 64],
	"textures": {
		"0": "item/elf"
	},
	"elements": [
		{
			"name": "hat",
			"from": [3, 6, 3],
			"to": [13, 10, 13],
			"rotation": {"angle": 0, "axis": "y", "origin": [8, 0, 8]},
			"faces": {
				"north": {"uv": [2.5, 2.5, 5, 3.5], "texture": "#0"},
				"east": {"uv": [0, 2.5, 2.5, 3.5], "texture": "#0"},
				"south": {"uv": [7.5, 2.5, 10, 3.5], "texture": "#0"},
				"west": {"uv": [5, 2.5, 7.5, 3.5], "texture": "#0"},
				"up": {"uv": [5, 2.5, 2.5, 0], "texture": "#0"},
				"down": {"uv": [7.5, 0, 5, 2.5], "texture": "#0"}
			}
		},
		{
			"name": "bone12",
			"from": [-0.72866, 9.10137, 2.8],
			"to": [9.67134, 13.50137, 13.2],
			"rotation": {"angle": -22.5, "axis": "z", "origin": [4, 0, 8]},
			"faces": {
				"north": {"uv": [8.25, 15, 5.75, 16], "texture": "#0"},
				"east": {"uv": [10.75, 15, 8.25, 16], "texture": "#0"},
				"south": {"uv": [13.25, 15, 10.75, 16], "texture": "#0"},
				"west": {"uv": [5.75, 15, 3.25, 16], "texture": "#0"},
				"up": {"uv": [5.75, 15, 8.25, 12.5], "texture": "#0"},
				"down": {"uv": [8.25, 12.5, 10.75, 15], "texture": "#0"}
			}
		},
		{
			"name": "bone11",
			"from": [6.02334, 11.10337, 6.252],
			"to": [17.01934, 15.09937, 10.248],
			"rotation": {"angle": -22.5, "axis": "y", "origin": [8, 0, 8]},
			"faces": {
				"north": {"uv": [3.75, 7.75, 1, 8.75], "texture": "#0"},
				"east": {"uv": [4.75, 7.75, 3.75, 8.75], "texture": "#0"},
				"south": {"uv": [7.5, 7.75, 4.75, 8.75], "texture": "#0"},
				"west": {"uv": [1, 7.75, 0, 8.75], "texture": "#0"},
				"up": {"uv": [1, 7.75, 3.75, 6.75], "texture": "#0"},
				"down": {"uv": [3.75, 6.75, 6.5, 7.75], "texture": "#0"}
			}
		},
		{
			"name": "bone6",
			"from": [15.49695, 6.43575, 8.502],
			"to": [18.49295, 13.43175, 8.498],
			"rotation": {"angle": -22.5, "axis": "y", "origin": [8, 0, 8]},
			"faces": {
				"north": {"uv": [9, 10, 8.25, 11.75], "texture": "#0"},
				"east": {"uv": [9, 10, 9, 11.75], "texture": "#0"},
				"south": {"uv": [9.75, 10, 9, 11.75], "texture": "#0"},
				"west": {"uv": [8.25, 10, 8.25, 11.75], "texture": "#0"},
				"up": {"uv": [8.25, 10, 9, 10], "texture": "#0"},
				"down": {"uv": [9, 10, 9.75, 10], "texture": "#0"}
			}
		},
		{
			"name": "bone7",
			"from": [15.27134, 4.10137, 6.75],
			"to": [18.27134, 7.10137, 9.75],
			"rotation": {"angle": -22.5, "axis": "y", "origin": [8, 0, 8]},
			"faces": {
				"north": {"uv": [6.5, 10.75, 5.75, 11.5], "texture": "#0"},
				"east": {"uv": [7.25, 10.75, 6.5, 11.5], "texture": "#0"},
				"south": {"uv": [8, 10.75, 7.25, 11.5], "texture": "#0"},
				"west": {"uv": [5.75, 10.75, 5, 11.5], "texture": "#0"},
				"up": {"uv": [5.75, 10.75, 6.5, 10], "texture": "#0"},
				"down": {"uv": [6.5, 10, 7.25, 10.75], "texture": "#0"}
			}
		},
		{
			"name": "bone",
			"from": [3, 6, 3],
			"to": [13, 9, 3],
			"rotation": {"angle": 0, "axis": "y", "origin": [8, 0, 8]},
			"faces": {
				"north": {"uv": [10, 0, 12.5, 0.75], "texture": "#0"},
				"east": {"uv": [10, 0, 10, 0.75], "texture": "#0"},
				"south": {"uv": [12.5, 0, 15, 0.75], "texture": "#0"},
				"west": {"uv": [12.5, 0, 12.5, 0.75], "texture": "#0"},
				"up": {"uv": [12.5, 0, 10, 0], "texture": "#0"},
				"down": {"uv": [15, 0, 12.5, 0], "texture": "#0"}
			}
		},
		{
			"name": "bone2",
			"from": [3, 6, 13],
			"to": [13, 9, 13],
			"rotation": {"angle": 0, "axis": "y", "origin": [8, 0, 8]},
			"faces": {
				"north": {"uv": [10, 0, 12.5, 0.75], "texture": "#0"},
				"east": {"uv": [10, 0, 10, 0.75], "texture": "#0"},
				"south": {"uv": [12.5, 0, 15, 0.75], "texture": "#0"},
				"west": {"uv": [12.5, 0, 12.5, 0.75], "texture": "#0"},
				"up": {"uv": [12.5, 0, 10, 0], "texture": "#0"},
				"down": {"uv": [15, 0, 12.5, 0], "texture": "#0"}
			}
		},
		{
			"name": "bone3",
			"from": [2.9828, 5.92569, 3],
			"to": [2.9828, 8.92569, 13],
			"rotation": {"angle": 0, "axis": "y", "origin": [8, 0, 8]},
			"faces": {
				"north": {"uv": [12.5, 0, 12.5, 0.75], "texture": "#0"},
				"east": {"uv": [10, 0, 12.5, 0.75], "texture": "#0"},
				"south": {"uv": [15, 0, 15, 0.75], "texture": "#0"},
				"west": {"uv": [12.5, 0, 15, 0.75], "texture": "#0"},
				"up": {"uv": [12.5, 0, 12.5, -2.5], "texture": "#0"},
				"down": {"uv": [12.5, -2.5, 12.5, 0], "texture": "#0"}
			}
		},
		{
			"name": "bone4",
			"from": [12.99406, 6.07604, 3],
			"to": [12.99406, 9.07604, 13],
			"rotation": {"angle": 0, "axis": "y", "origin": [8, 0, 8]},
			"faces": {
				"north": {"uv": [12.5, 0, 12.5, 0.75], "texture": "#0"},
				"east": {"uv": [10, 0, 12.5, 0.75], "texture": "#0"},
				"south": {"uv": [15, 0, 15, 0.75], "texture": "#0"},
				"west": {"uv": [12.5, 0, 15, 0.75], "texture": "#0"},
				"up": {"uv": [12.5, 0, 12.5, -2.5], "texture": "#0"},
				"down": {"uv": [12.5, -2.5, 12.5, 0], "texture": "#0"}
			}
		}
	],
	"display": {
		"gui": {
			"rotation": [6, 159, 9],
			"translation": [1, -1.5, 0]
		},
		"head": {
			"rotation": [0, -90, 0],
			"translation": [0, -36.25, 0],
			"scale": [1.5, 1.5, 1.5]
		}
	},
	"groups": [
		{
			"name": "hat",
			"origin": [8, 8, 8],
			"color": 0,
			"children": [
				0,
				{
					"name": "bone5",
					"origin": [8.27134, 11.10137, 8],
					"color": 1,
					"children": [
						{
							"name": "bone12",
							"origin": [7.84808, 9.68923, 8],
							"color": 2,
							"children": [1]
						},
						{
							"name": "bone10",
							"origin": [8.02134, 11.60137, 8.25],
							"color": 3,
							"children": [
								{
									"name": "bone11",
									"origin": [11.52134, 13.10137, 8.25],
									"color": 4,
									"children": [2]
								},
								{
									"name": "bone6",
									"origin": [17.38653, 12.40808, 8.5],
									"color": 5,
									"children": [
										3,
										{
											"name": "bone7",
											"origin": [16.77134, 5.60137, 8.25],
											"color": 6,
											"children": [4]
										}
									]
								}
							]
						}
					]
				},
				{
					"name": "bone",
					"origin": [8, 6, 3],
					"color": 7,
					"children": [5]
				},
				{
					"name": "bone2",
					"origin": [8, 6, 13],
					"color": 8,
					"children": [6]
				},
				{
					"name": "bone3",
					"origin": [2.75, 6.01872, 7.99734],
					"color": 9,
					"children": [7]
				},
				{
					"name": "bone4",
					"origin": [12.75, 6.01872, 7.99734],
					"color": 0,
					"children": [8]
				}
			]
		}
	]
}