{
	"credit": "Made with Blockbench",
	"textures": {
		"0": "block/texture",
		"1": "block/texture",
		"particle": "block/texture"
	},
	"elements": [
		{
			"from": [1.5, 0, 2.5],
			"to": [14.5, 7, 13.5],
			"rotation": {"angle": 0, "axis": "y", "origin": [7, 0, 7]},
			"faces": {
				"east": {"uv": [11, 1.75, 8.25, 3.5], "texture": "#0"},
				"west": {"uv": [11, 1.75, 8.25, 3.5], "texture": "#0"},
				"up": {"uv": [3.25, 2.75, 0, 0], "texture": "#0"},
				"down": {"uv": [3.25, 2.75, 0, 5.5], "texture": "#0"}
			}
		},
		{
			"from": [3.2175, 6.49863, 3.10413],
			"to": [12.7825, 16.32613, 13.06913],
			"rotation": {"angle": 0, "axis": "y", "origin": [6.93, 7.49863, 7.31662]},
			"faces": {
				"north": {"uv": [3.25, 0, 5.75, 2.5], "texture": "#0"},
				"east": {"uv": [3.25, 2.5, 5.75, 5], "texture": "#0"},
				"south": {"uv": [3.25, 5, 5.75, 7.5], "texture": "#0"},
				"west": {"uv": [0, 5.5, 2.5, 8], "texture": "#0"},
				"up": {"uv": [8.25, 2.5, 5.75, 0], "texture": "#0"}
			}
		},
		{
			"from": [10.9425, 6.49863, 1.96663],
			"to": [12.5475, 11.77863, 3.30413],
			"rotation": {"angle": 0, "axis": "y", "origin": [6.395, 7.49863, 7.31662]},
			"faces": {
				"north": {"uv": [1.75, 8, 2.25, 9.25], "texture": "#0"},
				"east": {"uv": [2.25, 8, 2.5, 9.25], "texture": "#0"},
				"west": {"uv": [2.5, 10.25, 2.75, 11.5], "texture": "#0"}
			}
		},
		{
			"from": [3.4525, 6.49863, 1.96663],
			"to": [5.0575, 11.77863, 3.30413],
			"rotation": {"angle": 0, "axis": "y", "origin": [9.605, 7.49863, 7.31662]},
			"faces": {
				"north": {"uv": [2.75, 9.75, 3.25, 11], "texture": "#0"},
				"east": {"uv": [4.25, 10.25, 4.5, 11.5], "texture": "#0"},
				"west": {"uv": [6.25, 10.25, 6.5, 11.5], "texture": "#0"}
			}
		},
		{
			"from": [5.84637, 12.59476, 1.96663],
			"to": [10.12637, 14.19976, 3.30413],
			"rotation": {"angle": 0, "axis": "y", "origin": [7.98637, 13.39726, 2.63538]},
			"faces": {
				"north": {"uv": [9.75, 8.75, 10.75, 9.25], "texture": "#0"},
				"west": {"uv": [1.25, 11, 1.5, 11.5], "texture": "#0"},
				"up": {"uv": [8.75, 10.75, 7.75, 10.5], "texture": "#0"},
				"down": {"uv": [11.5, 9.25, 10.5, 9.5], "texture": "#0"}
			}
		},
		{
			"from": [9.18284, 11.92188, 1.967],
			"to": [12.60684, 13.52688, 3.3045],
			"rotation": {"angle": -45, "axis": "z", "origin": [10.46684, 12.72438, 2.63538]},
			"faces": {
				"north": {"uv": [10, 5.75, 10.75, 6.25], "texture": "#0"},
				"south": {"uv": [10, 6.25, 10.75, 6.75], "texture": "#0"},
				"up": {"uv": [11.5, 9, 10.75, 8.75], "texture": "#0"},
				"down": {"uv": [11.5, 9, 10.75, 9.25], "texture": "#0"}
			}
		},
		{
			"from": [3.39316, 11.92188, 1.967],
			"to": [6.81716, 13.52688, 3.3045],
			"rotation": {"angle": 45, "axis": "z", "origin": [5.53316, 12.72438, 2.63538]},
			"faces": {
				"north": {"uv": [7.25, 10, 8, 10.5], "texture": "#0"},
				"south": {"uv": [8, 10, 8.75, 10.5], "texture": "#0"},
				"up": {"uv": [11.75, 0.25, 11, 0], "texture": "#0"},
				"down": {"uv": [11.75, 0.25, 11, 0.5], "texture": "#0"}
			}
		},
		{
			"from": [5.0575, 16.27263, 5.44412],
			"to": [10.9425, 20.60612, 11.32913],
			"rotation": {"angle": 0, "axis": "y", "origin": [6.93, 7.49863, 7.31662]},
			"faces": {
				"north": {"uv": [8.25, 7, 9.75, 8], "texture": "#0"},
				"east": {"uv": [8.25, 8, 9.75, 9], "texture": "#0"},
				"south": {"uv": [5.25, 8.5, 6.75, 9.5], "texture": "#0"},
				"west": {"uv": [6.75, 8.5, 8.25, 9.5], "texture": "#0"}
			}
		},
		{
			"from": [4.6295, 20.12462, 5.01613],
			"to": [11.3705, 21.24812, 11.75713],
			"rotation": {"angle": 0, "axis": "y", "origin": [6.93, 7.07063, 7.31662]},
			"faces": {
				"north": {"uv": [1, 10, 2.75, 10.25], "texture": "#0"},
				"east": {"uv": [4.75, 10, 6.5, 10.25], "texture": "#0"},
				"south": {"uv": [10, 5.25, 11.75, 5.5], "texture": "#0"},
				"west": {"uv": [10, 5.5, 11.75, 5.75], "texture": "#0"},
				"up": {"uv": [1.75, 9.75, 0, 8], "texture": "#0"},
				"down": {"uv": [10, 5.25, 8.25, 7], "texture": "#0"}
			}
		},
		{
			"from": [5.0575, 15.41663, 4.48112],
			"to": [10.9425, 17.61012, 6.08612],
			"rotation": {"angle": 45, "axis": "x", "origin": [8, 16.51337, 5.28362]},
			"faces": {
				"north": {"uv": [8.25, 9, 9.75, 9.5], "texture": "#0"},
				"east": {"uv": [2.5, 7, 3, 7.5], "texture": "#0"},
				"west": {"uv": [10.5, 9.5, 11, 10], "texture": "#0"}
			}
		},
		{
			"from": [5.0575, 15.41663, 10.68713],
			"to": [10.9425, 17.61012, 12.29213],
			"rotation": {"angle": -45, "axis": "x", "origin": [8, 16.51337, 11.48962]},
			"faces": {
				"east": {"uv": [10.5, 10, 11, 10.5], "texture": "#0"},
				"south": {"uv": [1.75, 9.25, 3.25, 9.75], "texture": "#0"},
				"west": {"uv": [10.5, 10.5, 11, 11], "texture": "#0"}
			}
		},
		{
			"from": [4.16882, 15.06887, 5.39656],
			"to": [5.82732, 17.31587, 11.28156],
			"rotation": {"angle": -45, "axis": "z", "origin": [5.26557, 16.51337, 8.33906]},
			"faces": {
				"north": {"uv": [10.75, 5.75, 11.25, 6.25], "texture": "#0"},
				"east": {"uv": [3.25, 9.25, 4.75, 9.75], "texture": "#0"},
				"south": {"uv": [10.75, 6.25, 11.25, 6.75], "texture": "#0"},
				"west": {"uv": [4.75, 9.5, 6.25, 10], "texture": "#0"},
				"up": {"uv": [3, 7, 2.5, 5.5], "texture": "#0"}
			}
		},
		{
			"from": [10.17268, 15.06887, 5.39656],
			"to": [11.83118, 17.31587, 11.28156],
			"rotation": {"angle": 45, "axis": "z", "origin": [10.73443, 16.51337, 8.33906]},
			"faces": {
				"north": {"uv": [7.75, 10.75, 8.25, 11.25], "texture": "#0"},
				"east": {"uv": [6.25, 9.5, 7.75, 10], "texture": "#0"},
				"south": {"uv": [8.25, 10.75, 8.75, 11.25], "texture": "#0"},
				"west": {"uv": [7.75, 9.5, 9.25, 10], "texture": "#0"},
				"up": {"uv": [9.75, 11, 9.25, 9.5], "texture": "#0"}
			}
		},
		{
			"from": [2.3675, 6.49862, 3.65412],
			"to": [3.2325, 14.12613, 13.21912],
			"rotation": {"angle": 0, "axis": "y", "origin": [2.8, 13.01238, 8.43662]},
			"faces": {
				"north": {"uv": [9.75, 9.25, 10, 11.25], "texture": "#0"},
				"south": {"uv": [0, 10, 0.25, 12], "texture": "#0"},
				"west": {"uv": [5.75, 4.5, 8.25, 6.5], "texture": "#0"}
			}
		},
		{
			"from": [2.368, 15.19633, 8.96845],
			"to": [3.233, 18.46525, 10.59203],
			"rotation": {"angle": -45, "axis": "x", "origin": [2.8, 17.79053, 13.33773]},
			"faces": {
				"east": {"uv": [1, 10.25, 1.5, 11], "texture": "#0"},
				"south": {"uv": [10, 10.75, 10.25, 11.5], "texture": "#0"},
				"west": {"uv": [1.5, 10.25, 2, 11], "texture": "#0"},
				"down": {"uv": [1.75, 11, 1.5, 11.5], "texture": "#0"}
			}
		},
		{
			"from": [2.3675, 14.09863, 5.85412],
			"to": [3.2325, 16.32613, 10.91912],
			"rotation": {"angle": 0, "axis": "y", "origin": [2.8, 13.01238, 8.43662]},
			"faces": {
				"west": {"uv": [9.75, 7.75, 11, 8.25], "texture": "#0"},
				"up": {"uv": [7.5, 11.75, 7.25, 10.5], "texture": "#0"}
			}
		},
		{
			"from": [2.368, 15.19633, 6.2398],
			"to": [3.233, 18.32383, 7.8048],
			"rotation": {"angle": 45, "axis": "x", "origin": [2.8, 17.79053, 3.63552]},
			"faces": {
				"north": {"uv": [10.25, 10.75, 10.5, 11.5], "texture": "#0"},
				"east": {"uv": [2, 10.25, 2.5, 11], "texture": "#0"},
				"west": {"uv": [3.25, 10.25, 3.75, 11], "texture": "#0"},
				"down": {"uv": [2, 11, 1.75, 11.5], "texture": "#0"}
			}
		},
		{
			"from": [2.5, 0, 1.5],
			"to": [13.5, 7, 2.5],
			"rotation": {"angle": 0, "axis": "y", "origin": [7, 0, 7]},
			"faces": {
				"north": {"uv": [8.25, 1.75, 11, 3.5], "texture": "#0"},
				"up": {"uv": [2.75, 10, 0, 9.75], "texture": "#0"},
				"down": {"uv": [12.5, 7, 9.75, 7.25], "texture": "#0"}
			}
		},
		{
			"from": [11.53553, 0, 5.24264],
			"to": [12.94975, 7, 6.24264],
			"rotation": {"angle": -45, "axis": "y", "origin": [17.03553, 4, 5.74264]},
			"faces": {
				"north": {"uv": [0.75, 10, 1, 11.75], "texture": "#0"},
				"up": {"uv": [2.5, 11.25, 2.25, 11], "texture": "#0"},
				"down": {"uv": [11.25, 2.25, 11, 2.5], "texture": "#0"}
			}
		},
		{
			"from": [3.05025, 0, 5.24264],
			"to": [4.46447, 7, 6.24264],
			"rotation": {"angle": 45, "axis": "y", "origin": [-1.03553, 4, 5.74264]},
			"faces": {
				"north": {"uv": [6.5, 10, 6.75, 11.75], "texture": "#0"},
				"up": {"uv": [11.25, 2.75, 11, 2.5], "texture": "#0"},
				"down": {"uv": [3, 11, 2.75, 11.25], "texture": "#0"}
			}
		},
		{
			"from": [2.5, 0, 13.5],
			"to": [13.5, 7, 14.5],
			"rotation": {"angle": 0, "axis": "y", "origin": [7, 0, 7]},
			"faces": {
				"south": {"uv": [11, 1.75, 8.25, 3.5], "texture": "#0"},
				"up": {"uv": [12.5, 7.5, 9.75, 7.25], "texture": "#0"},
				"down": {"uv": [12.5, 7.5, 9.75, 7.75], "texture": "#0"}
			}
		},
		{
			"from": [3.05025, 0, 9.75736],
			"to": [4.46447, 7, 10.75736],
			"rotation": {"angle": -45, "axis": "y", "origin": [-1.03553, 4, 10.25736]},
			"faces": {
				"south": {"uv": [6.5, 10, 6.75, 11.75], "texture": "#0"},
				"up": {"uv": [11.25, 3, 11, 2.75], "texture": "#0"},
				"down": {"uv": [3.25, 11, 3, 11.25], "texture": "#0"}
			}
		},
		{
			"from": [11.53553, 0, 9.75736],
			"to": [12.94975, 7, 10.75736],
			"rotation": {"angle": 45, "axis": "y", "origin": [17.03553, 4, 10.25736]},
			"faces": {
				"south": {"uv": [6.5, 10, 6.75, 11.75], "texture": "#0"},
				"up": {"uv": [11.25, 3.25, 11, 3], "texture": "#0"},
				"down": {"uv": [3.5, 11, 3.25, 11.25], "texture": "#0"}
			}
		},
		{
			"from": [12.7675, 6.49862, 3.65412],
			"to": [13.6325, 14.12613, 13.21912],
			"rotation": {"angle": 0, "axis": "y", "origin": [13.2, 13.01238, 8.43662]},
			"faces": {
				"north": {"uv": [10, 9.25, 9.75, 11.25], "texture": "#0"},
				"east": {"uv": [8.25, 4.5, 5.75, 6.5], "texture": "#0"},
				"south": {"uv": [0.25, 10, 0, 12], "texture": "#0"}
			}
		},
		{
			"from": [12.767, 15.19633, 8.96845],
			"to": [13.632, 18.46525, 10.59203],
			"rotation": {"angle": -45, "axis": "x", "origin": [13.2, 17.79053, 13.33773]},
			"faces": {
				"east": {"uv": [2, 10.25, 1.5, 11], "texture": "#0"},
				"south": {"uv": [10.25, 10.75, 10, 11.5], "texture": "#0"},
				"west": {"uv": [1.5, 10.25, 1, 11], "texture": "#0"},
				"down": {"uv": [1.5, 11, 1.75, 11.5], "texture": "#0"}
			}
		},
		{
			"from": [12.7675, 14.09863, 5.85412],
			"to": [13.6325, 16.32613, 10.91912],
			"rotation": {"angle": 0, "axis": "y", "origin": [13.2, 13.01238, 8.43662]},
			"faces": {
				"east": {"uv": [11, 7.75, 9.75, 8.25], "texture": "#0"},
				"up": {"uv": [7.25, 11.75, 7.5, 10.5], "texture": "#0"}
			}
		},
		{
			"from": [12.767, 15.19633, 6.2398],
			"to": [13.632, 18.32383, 7.8048],
			"rotation": {"angle": 45, "axis": "x", "origin": [13.2, 17.79053, 3.63552]},
			"faces": {
				"north": {"uv": [10.5, 10.75, 10.25, 11.5], "texture": "#0"},
				"east": {"uv": [3.75, 10.25, 3.25, 11], "texture": "#0"},
				"west": {"uv": [2.5, 10.25, 2, 11], "texture": "#0"},
				"down": {"uv": [1.75, 11, 2, 11.5], "texture": "#0"}
			}
		},
		{
			"from": [3.2175, 6.49862, 13.00412],
			"to": [12.7825, 14.12613, 13.86912],
			"rotation": {"angle": 0, "axis": "y", "origin": [8, 13.01238, 13.43662]},
			"faces": {
				"east": {"uv": [10, 9.25, 9.75, 11.25], "texture": "#0"},
				"south": {"uv": [8.25, 4.5, 5.75, 6.5], "texture": "#0"},
				"west": {"uv": [0.25, 10, 0, 12], "texture": "#0"}
			}
		},
		{
			"from": [5.8446, 15.19633, 13.00362],
			"to": [7.46817, 18.46525, 13.86862],
			"rotation": {"angle": -45, "axis": "z", "origin": [3.0989, 17.79053, 13.43662]},
			"faces": {
				"north": {"uv": [1.5, 10.25, 1, 11], "texture": "#0"},
				"south": {"uv": [2, 10.25, 1.5, 11], "texture": "#0"},
				"west": {"uv": [10.25, 10.75, 10, 11.5], "texture": "#0"},
				"down": {"uv": [1.5, 11, 1.75, 11.5], "rotation": 270, "texture": "#0"}
			}
		},
		{
			"from": [5.5175, 14.09863, 13.00412],
			"to": [10.5825, 16.32613, 13.86912],
			"rotation": {"angle": 0, "axis": "y", "origin": [8, 13.01238, 13.43662]},
			"faces": {
				"south": {"uv": [11, 7.75, 9.75, 8.25], "texture": "#0"},
				"up": {"uv": [7.25, 11.75, 7.5, 10.5], "rotation": 90, "texture": "#0"}
			}
		},
		{
			"from": [8.63183, 15.19633, 13.00362],
			"to": [10.19683, 18.32383, 13.86862],
			"rotation": {"angle": 45, "axis": "z", "origin": [12.8011, 17.79053, 13.43662]},
			"faces": {
				"north": {"uv": [2.5, 10.25, 2, 11], "texture": "#0"},
				"east": {"uv": [10.5, 10.75, 10.25, 11.5], "texture": "#0"},
				"south": {"uv": [3.75, 10.25, 3.25, 11], "texture": "#0"},
				"down": {"uv": [1.75, 11, 2, 11.5], "rotation": 270, "texture": "#0"}
			}
		},
		{
			"from": [4.9175, 5.69863, 2.90413],
			"to": [10.9825, 12.32613, 2.90413],
			"rotation": {"angle": 0, "axis": "y", "origin": [6.93, 6.69863, 7.11663]},
			"faces": {
				"north": {"uv": [0, 0, 6, 7], "texture": "#1"},
				"east": {"uv": [0, 0, 0, 7], "texture": "#1"},
				"south": {"uv": [6, 0, 12, 7], "texture": "#1"},
				"west": {"uv": [0, 0, 0, 7], "texture": "#1"},
				"up": {"uv": [6, 0, 0, 0], "texture": "#1"}
			}
		}
	],
	"display": {
		"head": {
			"rotation": [0, -180, 0],
			"translation": [0, -65, 0]
		}
	}
}