{
	"credit": "Made with Blockbench",
	"texture_size": [128, 128],
	"textures": {
		"0": "item/gift_sack"
	},
	"elements": [
		{
			"name": "bone5",
			"from": [0, -3, 11],
			"to": [16, 11, 23],
			"rotation": {"angle": 0, "axis": "y", "origin": [8, 0, 8]},
			"faces": {
				"north": {"uv": [1.5, 1.5, 3.5, 3.25], "texture": "#0"},
				"east": {"uv": [0, 1.5, 1.5, 3.25], "texture": "#0"},
				"south": {"uv": [5, 1.5, 7, 3.25], "texture": "#0"},
				"west": {"uv": [3.5, 1.5, 5, 3.25], "texture": "#0"},
				"up": {"uv": [3.5, 1.5, 1.5, 0], "texture": "#0"},
				"down": {"uv": [5.5, 0, 3.5, 1.5], "texture": "#0"}
			}
		},
		{
			"name": "bone5",
			"from": [-1, 11, 10],
			"to": [17, 13, 24],
			"rotation": {"angle": 0, "axis": "y", "origin": [8, 0, 8]},
			"faces": {
				"north": {"uv": [1.75, 5.125, 4, 5.375], "texture": "#0"},
				"east": {"uv": [0, 5.125, 1.75, 5.375], "texture": "#0"},
				"south": {"uv": [5.75, 5.125, 8, 5.375], "texture": "#0"},
				"west": {"uv": [4, 5.125, 5.75, 5.375], "texture": "#0"},
				"up": {"uv": [4, 5.125, 1.75, 3.375], "texture": "#0"},
				"down": {"uv": [6.25, 3.375, 4, 5.125], "texture": "#0"}
			}
		},
		{
			"name": "bone",
			"from": [8, 13, 17],
			"to": [9, 21, 18],
			"rotation": {"angle": 0, "axis": "y", "origin": [8, 0, 8]},
			"faces": {
				"north": {"uv": [7.25, 0.125, 7.375, 1.125], "texture": "#0"},
				"east": {"uv": [7.125, 0.125, 7.25, 1.125], "texture": "#0"},
				"south": {"uv": [7.5, 0.125, 7.625, 1.125], "texture": "#0"},
				"west": {"uv": [7.375, 0.125, 7.5, 1.125], "texture": "#0"},
				"up": {"uv": [7.375, 0.125, 7.25, 0], "texture": "#0"},
				"down": {"uv": [7.5, 0, 7.375, 0.125], "texture": "#0"}
			}
		},
		{
			"name": "bone",
			"from": [7, 12, 18],
			"to": [10, 18, 21],
			"rotation": {"angle": 0, "axis": "y", "origin": [8, 0, 8]},
			"faces": {
				"north": {"uv": [7, 7.25, 7.375, 8], "texture": "#0"},
				"east": {"uv": [6.625, 7.25, 7, 8], "texture": "#0"},
				"south": {"uv": [7.75, 7.25, 8.125, 8], "texture": "#0"},
				"west": {"uv": [7.375, 7.25, 7.75, 8], "texture": "#0"},
				"up": {"uv": [7.375, 7.25, 7, 6.875], "texture": "#0"},
				"down": {"uv": [7.75, 6.875, 7.375, 7.25], "texture": "#0"}
			}
		},
		{
			"name": "bone",
			"from": [7, 18, 18],
			"to": [10, 21, 24],
			"rotation": {"angle": 0, "axis": "y", "origin": [8, 0, 8]},
			"faces": {
				"north": {"uv": [3.875, 7.625, 4.25, 8], "texture": "#0"},
				"east": {"uv": [3.125, 7.625, 3.875, 8], "texture": "#0"},
				"south": {"uv": [5, 7.625, 5.375, 8], "texture": "#0"},
				"west": {"uv": [4.25, 7.625, 5, 8], "texture": "#0"},
				"up": {"uv": [4.25, 7.625, 3.875, 6.875], "texture": "#0"},
				"down": {"uv": [4.625, 6.875, 4.25, 7.625], "texture": "#0"}
			}
		},
		{
			"name": "bone",
			"from": [9, 21, 18],
			"to": [10, 23, 19],
			"rotation": {"angle": 0, "axis": "y", "origin": [8, 0, 8]},
			"faces": {
				"north": {"uv": [7.25, 1.875, 7.375, 2.125], "texture": "#0"},
				"east": {"uv": [7.125, 1.875, 7.25, 2.125], "texture": "#0"},
				"south": {"uv": [7.5, 1.875, 7.625, 2.125], "texture": "#0"},
				"west": {"uv": [7.375, 1.875, 7.5, 2.125], "texture": "#0"},
				"up": {"uv": [7.375, 1.875, 7.25, 1.75], "texture": "#0"},
				"down": {"uv": [7.5, 1.75, 7.375, 1.875], "texture": "#0"}
			}
		},
		{
			"name": "bone",
			"from": [7, 21, 18],
			"to": [8, 23, 19],
			"rotation": {"angle": 0, "axis": "y", "origin": [8, 0, 8]},
			"faces": {
				"north": {"uv": [7.25, 1.375, 7.375, 1.625], "texture": "#0"},
				"east": {"uv": [7.125, 1.375, 7.25, 1.625], "texture": "#0"},
				"south": {"uv": [7.5, 1.375, 7.625, 1.625], "texture": "#0"},
				"west": {"uv": [7.375, 1.375, 7.5, 1.625], "texture": "#0"},
				"up": {"uv": [7.375, 1.375, 7.25, 1.25], "texture": "#0"},
				"down": {"uv": [7.5, 1.25, 7.375, 1.375], "texture": "#0"}
			}
		},
		{
			"name": "bone3",
			"from": [11, 13, 14],
			"to": [18, 18, 19],
			"rotation": {"angle": 0, "axis": "y", "origin": [8, 0, 8]},
			"faces": {
				"north": {"uv": [6.875, 6.125, 7.75, 6.75], "texture": "#0"},
				"east": {"uv": [6.25, 6.125, 6.875, 6.75], "texture": "#0"},
				"south": {"uv": [8.375, 6.125, 9.25, 6.75], "texture": "#0"},
				"west": {"uv": [7.75, 6.125, 8.375, 6.75], "texture": "#0"},
				"up": {"uv": [7.75, 6.125, 6.875, 5.5], "texture": "#0"},
				"down": {"uv": [8.625, 5.5, 7.75, 6.125], "texture": "#0"}
			}
		},
		{
			"name": "bone3",
			"from": [11, 18, 14],
			"to": [12, 19, 15],
			"rotation": {"angle": 0, "axis": "y", "origin": [8, 0, 8]},
			"faces": {
				"north": {"uv": [2.375, 7.25, 2.5, 7.375], "texture": "#0"},
				"east": {"uv": [2.25, 7.25, 2.375, 7.375], "texture": "#0"},
				"south": {"uv": [2.625, 7.25, 2.75, 7.375], "texture": "#0"},
				"west": {"uv": [2.5, 7.25, 2.625, 7.375], "texture": "#0"},
				"up": {"uv": [2.5, 7.25, 2.375, 7.125], "texture": "#0"},
				"down": {"uv": [2.625, 7.125, 2.5, 7.25], "texture": "#0"}
			}
		},
		{
			"name": "bone3",
			"from": [11, 18, 18],
			"to": [12, 19, 19],
			"rotation": {"angle": 0, "axis": "y", "origin": [8, 0, 8]},
			"faces": {
				"north": {"uv": [7.25, 2.375, 7.375, 2.5], "texture": "#0"},
				"east": {"uv": [7.125, 2.375, 7.25, 2.5], "texture": "#0"},
				"south": {"uv": [7.5, 2.375, 7.625, 2.5], "texture": "#0"},
				"west": {"uv": [7.375, 2.375, 7.5, 2.5], "texture": "#0"},
				"up": {"uv": [7.375, 2.375, 7.25, 2.25], "texture": "#0"},
				"down": {"uv": [7.5, 2.25, 7.375, 2.375], "texture": "#0"}
			}
		},
		{
			"name": "bone2",
			"from": [3, 9, 13],
			"to": [5, 21, 15],
			"rotation": {"angle": 0, "axis": "y", "origin": [8, 0, 8]},
			"faces": {
				"north": {"uv": [5.75, 7.125, 6, 8.625], "texture": "#0"},
				"east": {"uv": [5.5, 7.125, 5.75, 8.625], "texture": "#0"},
				"south": {"uv": [6.25, 7.125, 6.5, 8.625], "texture": "#0"},
				"west": {"uv": [6, 7.125, 6.25, 8.625], "texture": "#0"},
				"up": {"uv": [6, 7.125, 5.75, 6.875], "texture": "#0"},
				"down": {"uv": [6.25, 6.875, 6, 7.125], "texture": "#0"}
			}
		},
		{
			"name": "bone2",
			"from": [1, 19, 13],
			"to": [3, 21, 15],
			"rotation": {"angle": 0, "axis": "y", "origin": [8, 0, 8]},
			"faces": {
				"north": {"uv": [1.375, 7.375, 1.625, 7.625], "texture": "#0"},
				"east": {"uv": [1.125, 7.375, 1.375, 7.625], "texture": "#0"},
				"south": {"uv": [1.875, 7.375, 2.125, 7.625], "texture": "#0"},
				"west": {"uv": [1.625, 7.375, 1.875, 7.625], "texture": "#0"},
				"up": {"uv": [1.625, 7.375, 1.375, 7.125], "texture": "#0"},
				"down": {"uv": [1.875, 7.125, 1.625, 7.375], "texture": "#0"}
			}
		},
		{
			"name": "bone2",
			"from": [-1, 17, 13],
			"to": [1, 21, 15],
			"rotation": {"angle": 0, "axis": "y", "origin": [8, 0, 8]},
			"faces": {
				"north": {"uv": [0.25, 7.375, 0.5, 7.875], "texture": "#0"},
				"east": {"uv": [0, 7.375, 0.25, 7.875], "texture": "#0"},
				"south": {"uv": [0.75, 7.375, 1, 7.875], "texture": "#0"},
				"west": {"uv": [0.5, 7.375, 0.75, 7.875], "texture": "#0"},
				"up": {"uv": [0.5, 7.375, 0.25, 7.125], "texture": "#0"},
				"down": {"uv": [0.75, 7.125, 0.5, 7.375], "texture": "#0"}
			}
		},
		{
			"name": "bone4",
			"from": [0, 13, 17],
			"to": [6, 17, 23],
			"rotation": {"angle": 0, "axis": "y", "origin": [8, 0, 8]},
			"faces": {
				"north": {"uv": [3.875, 6.25, 4.625, 6.75], "texture": "#0"},
				"east": {"uv": [3.125, 6.25, 3.875, 6.75], "texture": "#0"},
				"south": {"uv": [5.375, 6.25, 6.125, 6.75], "texture": "#0"},
				"west": {"uv": [4.625, 6.25, 5.375, 6.75], "texture": "#0"},
				"up": {"uv": [4.625, 6.25, 3.875, 5.5], "texture": "#0"},
				"down": {"uv": [5.375, 5.5, 4.625, 6.25], "texture": "#0"}
			}
		},
		{
			"name": "bone4",
			"from": [4.5, 12.5, 12],
			"to": [10.5, 18.5, 18],
			"rotation": {"angle": 0, "axis": "y", "origin": [8, 0, 8]},
			"faces": {
				"north": {"uv": [0.75, 6.25, 1.5, 7], "texture": "#0"},
				"east": {"uv": [0, 6.25, 0.75, 7], "texture": "#0"},
				"south": {"uv": [2.25, 6.25, 3, 7], "texture": "#0"},
				"west": {"uv": [1.5, 6.25, 2.25, 7], "texture": "#0"},
				"up": {"uv": [1.5, 6.25, 0.75, 5.5], "texture": "#0"},
				"down": {"uv": [2.25, 5.5, 1.5, 6.25], "texture": "#0"}
			}
		}
	],
	"display": {
		"gui": {
			"rotation": [27, 136, 17],
			"translation": [-3.25, -1.25, 0],
			"scale": [0.6, 0.6, 0.6]
		},
		"head": {
			"translation": [0, -50.75, 0.25]
		}
	},
	"groups": [
		{
			"name": "bone6",
			"origin": [8, 11, 12],
			"color": 0,
			"children": [
				{
					"name": "bone5",
					"origin": [8, 11, 12],
					"color": 1,
					"children": [0, 1]
				},
				{
					"name": "bone",
					"origin": [8, 12, 19],
					"color": 2,
					"children": [2, 3, 4, 5, 6]
				},
				{
					"name": "bone3",
					"origin": [12, 13, 15],
					"color": 3,
					"children": [7, 8, 9]
				},
				{
					"name": "bone2",
					"origin": [4, 10, 14],
					"color": 4,
					"children": [10, 11, 12]
				},
				{
					"name": "bone4",
					"origin": [6, 13, 13],
					"color": 5,
					"children": [13, 14]
				}
			]
		}
	]
}