{
	"credit": "Made with Blockbench",
	"texture_size": [64, 64],
	"textures": {
		"0": "item/hotdogcostume"
	},
	"elements": [
		{
			"name": "bun",
			"from": [-1, -5, 7.75],
			"to": [17, 18, 15.75],
			"rotation": {"angle": 0, "axis": "y", "origin": [8, -12, 8]},
			"faces": {
				"north": {"uv": [2, 2, 6.5, 7.75], "texture": "#0"},
				"east": {"uv": [0, 2, 2, 7.75], "texture": "#0"},
				"south": {"uv": [8.5, 2, 13, 7.75], "texture": "#0"},
				"west": {"uv": [6.5, 2, 8.5, 7.75], "texture": "#0"},
				"up": {"uv": [6.5, 2, 2, 0], "texture": "#0"},
				"down": {"uv": [11, 0, 6.5, 2], "texture": "#0"}
			}
		},
		{
			"name": "sausage",
			"from": [3.5, -2, 4.75],
			"to": [12.5, 16, 9.75],
			"rotation": {"angle": 0, "axis": "y", "origin": [8, -12, 8]},
			"faces": {
				"north": {"uv": [1.25, 9, 3.5, 13.5], "texture": "#0"},
				"east": {"uv": [0, 9, 1.25, 13.5], "texture": "#0"},
				"south": {"uv": [4.75, 9, 7, 13.5], "texture": "#0"},
				"west": {"uv": [3.5, 9, 4.75, 13.5], "texture": "#0"},
				"up": {"uv": [3.5, 9, 1.25, 7.75], "texture": "#0"},
				"down": {"uv": [5.75, 7.75, 3.5, 9], "texture": "#0"}
			}
		},
		{
			"name": "bone2",
			"from": [3.4, 16.8, 14.2],
			"to": [12.6, 26, 22.4],
			"rotation": {"angle": -22.5, "axis": "x", "origin": [8, -6, 17]},
			"faces": {
				"north": {"uv": [9, 9.75, 11.25, 12], "texture": "#0"},
				"east": {"uv": [7, 9.75, 9, 12], "texture": "#0"},
				"south": {"uv": [13.25, 9.75, 15.5, 12], "texture": "#0"},
				"west": {"uv": [11.25, 9.75, 13.25, 12], "texture": "#0"},
				"up": {"uv": [11.25, 9.75, 9, 7.75], "texture": "#0"},
				"down": {"uv": [13.5, 7.75, 11.25, 9.75], "texture": "#0"}
			}
		},
		{
			"name": "bone3",
			"from": [3.4, -9.1, 0.3],
			"to": [12.6, -0.9, 8.5],
			"rotation": {"angle": 22.5, "axis": "x", "origin": [8, -12, 4]},
			"faces": {
				"north": {"uv": [9, 14, 11.25, 16], "texture": "#0"},
				"east": {"uv": [7, 14, 9, 16], "texture": "#0"},
				"south": {"uv": [13.25, 14, 15.5, 16], "texture": "#0"},
				"west": {"uv": [11.25, 14, 13.25, 16], "texture": "#0"},
				"up": {"uv": [11.25, 14, 9, 12], "texture": "#0"},
				"down": {"uv": [13.5, 12, 11.25, 14], "texture": "#0"}
			}
		}
	],
	"display": {
		"head": {
			"translation": [0, -58.5, 0.75],
			"scale": [1.4, 1.4, 1.4]
		}
	},
	"groups": [
		{
			"name": "model",
			"origin": [8, 21, 8.75],
			"color": 0,
			"children": [
				{
					"name": "bun",
					"origin": [8, 19, 11.75],
					"color": 1,
					"children": [0]
				},
				{
					"name": "sausage",
					"origin": [8, 19, 7.25],
					"color": 2,
					"children": [
						1,
						{
							"name": "bone2",
							"origin": [8, 27, 9.8],
							"color": 3,
							"children": [2]
						},
						{
							"name": "bone3",
							"origin": [8, 11, 8.9],
							"color": 4,
							"children": [3]
						}
					]
				}
			]
		}
	]
}