{
	"credit": "Made with Blockbench",
	"texture_size": [64, 64],
	"textures": {
		"0": "item/johnnysilverhandjacket"
	},
	"elements": [
		{
			"name": "jonnyjacket",
			"from": [4.5, 1.5, 12.25],
			"to": [11.5, 9.5, 12.25],
			"rotation": {"angle": 0, "axis": "y", "origin": [8, 0, 8]},
			"faces": {
				"north": {"uv": [4.5, 4.75, 6.25, 6.75], "texture": "#0"},
				"east": {"uv": [4.5, 4.75, 4.5, 6.75], "texture": "#0"},
				"south": {"uv": [6.25, 4.75, 8, 6.75], "texture": "#0"},
				"west": {"uv": [6.25, 4.75, 6.25, 6.75], "texture": "#0"},
				"up": {"uv": [6.25, 4.75, 4.5, 4.75], "texture": "#0"},
				"down": {"uv": [8, 4.75, 6.25, 4.75], "texture": "#0"}
			}
		},
		{
			"name": "collar",
			"from": [6.601, 12.701, 13.001],
			"to": [9.599, 16.699, 13.999],
			"rotation": {"angle": 0, "axis": "y", "origin": [8, 0, 8]},
			"faces": {
				"north": {"uv": [0.25, 0.25, 1, 1.25], "texture": "#0"},
				"east": {"uv": [0, 0.25, 0.25, 1.25], "texture": "#0"},
				"south": {"uv": [1.25, 0.25, 2, 1.25], "texture": "#0"},
				"west": {"uv": [1, 0.25, 1.25, 1.25], "texture": "#0"},
				"up": {"uv": [1, 0.25, 0.25, 0], "texture": "#0"},
				"down": {"uv": [1.75, 0, 1, 0.25], "texture": "#0"}
			}
		},
		{
			"name": "bone2",
			"from": [7.199, 11.999, 4.999],
			"to": [9.201, 18.001, 13.001],
			"rotation": {"angle": 22.5, "axis": "z", "origin": [13, 2, 8]},
			"faces": {
				"north": {"uv": [2, 2, 2.5, 3.5], "texture": "#0"},
				"east": {"uv": [0, 2, 2, 3.5], "texture": "#0"},
				"south": {"uv": [4.5, 2, 5, 3.5], "texture": "#0"},
				"west": {"uv": [2.5, 2, 4.5, 3.5], "texture": "#0"},
				"up": {"uv": [2.5, 2, 2, 0], "texture": "#0"},
				"down": {"uv": [3, 0, 2.5, 2], "texture": "#0"}
			}
		},
		{
			"name": "bone2",
			"from": [7.2, 12, 12],
			"to": [13.2, 18, 14],
			"rotation": {"angle": 22.5, "axis": "z", "origin": [13, 2, 8]},
			"faces": {
				"north": {"uv": [3.5, 0.5, 5, 2], "texture": "#0"},
				"east": {"uv": [3, 0.5, 3.5, 2], "texture": "#0"},
				"south": {"uv": [5.5, 0.5, 7, 2], "texture": "#0"},
				"west": {"uv": [5, 0.5, 5.5, 2], "texture": "#0"},
				"up": {"uv": [5, 0.5, 3.5, 0], "texture": "#0"},
				"down": {"uv": [6.5, 0, 5, 0.5], "texture": "#0"}
			}
		},
		{
			"name": "bone6",
			"from": [6.999, 11.999, 4.999],
			"to": [9.001, 18.001, 13.001],
			"rotation": {"angle": -22.5, "axis": "z", "origin": [4, 2, 8]},
			"faces": {
				"north": {"uv": [2.5, 2, 2, 3.5], "texture": "#0"},
				"east": {"uv": [4.5, 2, 2.5, 3.5], "texture": "#0"},
				"south": {"uv": [5, 2, 4.5, 3.5], "texture": "#0"},
				"west": {"uv": [2, 2, 0, 3.5], "texture": "#0"},
				"up": {"uv": [2, 2, 2.5, 0], "texture": "#0"},
				"down": {"uv": [2.5, 0, 3, 2], "texture": "#0"}
			}
		},
		{
			"name": "bone6",
			"from": [3, 11.7, 12],
			"to": [9, 17.7, 14],
			"rotation": {"angle": -22.5, "axis": "z", "origin": [4, 2, 8]},
			"faces": {
				"north": {"uv": [5, 0.5, 3.5, 2], "texture": "#0"},
				"east": {"uv": [5.5, 0.5, 5, 2], "texture": "#0"},
				"south": {"uv": [7, 0.5, 5.5, 2], "texture": "#0"},
				"west": {"uv": [3.5, 0.5, 3, 2], "texture": "#0"},
				"up": {"uv": [3.5, 0.5, 5, 0], "texture": "#0"},
				"down": {"uv": [5, 0, 6.5, 0.5], "texture": "#0"}
			}
		},
		{
			"name": "base",
			"from": [7.001, 0.001, 9.001],
			"to": [8.999, 4.999, 11.999],
			"rotation": {"angle": 0, "axis": "y", "origin": [8, 0, 8]},
			"faces": {
				"north": {"uv": [7.25, 2, 7.75, 3.25], "texture": "#0"},
				"east": {"uv": [6.5, 2, 7.25, 3.25], "texture": "#0"},
				"south": {"uv": [8.5, 2, 9, 3.25], "texture": "#0"},
				"west": {"uv": [7.75, 2, 8.5, 3.25], "texture": "#0"},
				"up": {"uv": [7.75, 2, 7.25, 1.25], "texture": "#0"},
				"down": {"uv": [8.25, 1.25, 7.75, 2], "texture": "#0"}
			}
		},
		{
			"name": "base",
			"from": [6.802, 4.802, 8.802],
			"to": [9.198, 12.198, 12.198],
			"rotation": {"angle": 0, "axis": "y", "origin": [8, 0, 8]},
			"faces": {
				"north": {"uv": [0.75, 7.5, 1.25, 9.25], "texture": "#0"},
				"east": {"uv": [0, 7.5, 0.75, 9.25], "texture": "#0"},
				"south": {"uv": [2, 7.5, 2.5, 9.25], "texture": "#0"},
				"west": {"uv": [1.25, 7.5, 2, 9.25], "texture": "#0"},
				"up": {"uv": [1.25, 7.5, 0.75, 6.75], "texture": "#0"},
				"down": {"uv": [1.75, 6.75, 1.25, 7.5], "texture": "#0"}
			}
		},
		{
			"name": "bone3",
			"from": [8.8, 4.8, 5.8],
			"to": [12.2, 12.2, 12.2],
			"rotation": {"angle": 0, "axis": "y", "origin": [8, 0, 8]},
			"faces": {
				"north": {"uv": [1.5, 5, 2.25, 6.75], "texture": "#0"},
				"east": {"uv": [0, 5, 1.5, 6.75], "texture": "#0"},
				"south": {"uv": [3.75, 5, 4.5, 6.75], "texture": "#0"},
				"west": {"uv": [2.25, 5, 3.75, 6.75], "texture": "#0"},
				"up": {"uv": [2.25, 5, 1.5, 3.5], "texture": "#0"},
				"down": {"uv": [3, 3.5, 2.25, 5], "texture": "#0"}
			}
		},
		{
			"name": "bone3",
			"from": [9, 0, 6],
			"to": [12, 5, 12],
			"rotation": {"angle": 0, "axis": "y", "origin": [8, 0, 8]},
			"faces": {
				"north": {"uv": [5, 3.5, 5.75, 4.75], "texture": "#0"},
				"east": {"uv": [3.5, 3.5, 5, 4.75], "texture": "#0"},
				"south": {"uv": [7.25, 3.5, 8, 4.75], "texture": "#0"},
				"west": {"uv": [5.75, 3.5, 7.25, 4.75], "texture": "#0"},
				"up": {"uv": [5.75, 3.5, 5, 2], "texture": "#0"},
				"down": {"uv": [6.5, 2, 5.75, 3.5], "texture": "#0"}
			}
		},
		{
			"name": "bone4",
			"from": [3.8, 4.8, 5.8],
			"to": [7.2, 12.2, 12.2],
			"rotation": {"angle": 0, "axis": "y", "origin": [8, 0, 8]},
			"faces": {
				"north": {"uv": [2.25, 5, 1.5, 6.75], "texture": "#0"},
				"east": {"uv": [3.75, 5, 2.25, 6.75], "texture": "#0"},
				"south": {"uv": [4.5, 5, 3.75, 6.75], "texture": "#0"},
				"west": {"uv": [1.5, 5, 0, 6.75], "texture": "#0"},
				"up": {"uv": [1.5, 5, 2.25, 3.5], "texture": "#0"},
				"down": {"uv": [2.25, 3.5, 3, 5], "texture": "#0"}
			}
		},
		{
			"name": "bone4",
			"from": [4, 0, 6],
			"to": [7, 5, 12],
			"rotation": {"angle": 0, "axis": "y", "origin": [8, 0, 8]},
			"faces": {
				"north": {"uv": [5.75, 3.5, 5, 4.75], "texture": "#0"},
				"east": {"uv": [7.25, 3.5, 5.75, 4.75], "texture": "#0"},
				"south": {"uv": [8, 3.5, 7.25, 4.75], "texture": "#0"},
				"west": {"uv": [5, 3.5, 3.5, 4.75], "texture": "#0"},
				"up": {"uv": [5, 3.5, 5.75, 2], "texture": "#0"},
				"down": {"uv": [5.75, 2, 6.5, 3.5], "texture": "#0"}
			}
		}
	],
	"display": {
		"gui": {
			"rotation": [-17, -164, -16],
			"translation": [1.5, 1, 0]
		},
		"head": {
			"translation": [0, -49.75, 0],
			"scale": [1.8, 1.8, 1.8]
		}
	},
	"groups": [
		{
			"name": "jonnyjacket",
			"origin": [8, -0.5, 9.25],
			"color": 0,
			"children": [
				0,
				{
					"name": "collar",
					"origin": [8, 0, 8],
					"color": 1,
					"children": [
						1,
						{
							"name": "bone2",
							"origin": [5, 10.5, 9],
							"color": 2,
							"children": [2, 3]
						},
						{
							"name": "bone6",
							"origin": [11, 10.5, 9],
							"color": 3,
							"children": [4, 5]
						}
					]
				},
				{
					"name": "base",
					"origin": [8, 0, 8],
					"color": 4,
					"children": [
						6,
						7,
						{
							"name": "bone3",
							"origin": [8, 0, 8],
							"color": 5,
							"children": [8, 9]
						},
						{
							"name": "bone4",
							"origin": [8, 0, 8],
							"color": 6,
							"children": [10, 11]
						}
					]
				}
			]
		}
	]
}