{
	"credit": "Made with Blockbench",
	"texture_size": [64, 64],
	"textures": {
		"3": "item/neon_wings"
	},
	"elements": [
		{
			"from": [6, 19, -5],
			"to": [8, 23, -1],
			"rotation": {"angle": -45, "axis": "y", "origin": [7, 19, -4]},
			"faces": {
				"north": {"uv": [1, 3.5, 1.5, 4.5], "texture": "#3"},
				"east": {"uv": [0, 3.5, 1, 4.5], "texture": "#3"},
				"south": {"uv": [2.5, 3.5, 3, 4.5], "texture": "#3"},
				"west": {"uv": [1.5, 3.5, 2.5, 4.5], "texture": "#3"},
				"up": {"uv": [1.5, 3.5, 1, 2.5], "texture": "#3"},
				"down": {"uv": [2, 2.5, 1.5, 3.5], "texture": "#3"}
			}
		},
		{
			"from": [10, 11.37868, -3.29289],
			"to": [10, 22.37868, 8.70711],
			"rotation": {"angle": -45, "axis": "y", "origin": [10, 19.87868, -7.29289]},
			"faces": {
				"north": {"uv": [3, 9.5, 3, 12.25], "texture": "#3"},
				"east": {"uv": [0, 9.5, 3, 12.25], "texture": "#3"},
				"south": {"uv": [6, 9.5, 6, 12.25], "texture": "#3"},
				"west": {"uv": [3, 9.5, 6, 12.25], "texture": "#3"},
				"up": {"uv": [3, 9.5, 3, 6.5], "texture": "#3"},
				"down": {"uv": [3, 6.5, 3, 9.5], "texture": "#3"}
			}
		},
		{
			"from": [6.5, 20.5, -2],
			"to": [7.5, 23.5, 5],
			"rotation": {"angle": -45, "axis": "y", "origin": [7, 20, -5]},
			"faces": {
				"north": {"uv": [1.75, 1.75, 2, 2.5], "texture": "#3"},
				"east": {"uv": [0, 1.75, 1.75, 2.5], "texture": "#3"},
				"south": {"uv": [3.75, 1.75, 4, 2.5], "texture": "#3"},
				"west": {"uv": [2, 1.75, 3.75, 2.5], "texture": "#3"},
				"up": {"uv": [2, 1.75, 1.75, 0], "texture": "#3"},
				"down": {"uv": [2.25, 0, 2, 1.75], "texture": "#3"}
			}
		},
		{
			"from": [6.5003, 21.44151, 1],
			"to": [7.5003, 23.44151, 19],
			"rotation": {"angle": -45, "axis": "y", "origin": [7, 20, -5]},
			"faces": {
				"north": {"uv": [4.5, 4.5, 4.75, 5], "texture": "#3"},
				"east": {"uv": [0, 4.5, 4.5, 5], "texture": "#3"},
				"south": {"uv": [9.25, 4.5, 9.5, 5], "texture": "#3"},
				"west": {"uv": [4.75, 4.5, 9.25, 5], "texture": "#3"},
				"up": {"uv": [4.75, 4.5, 4.5, 0], "texture": "#3"},
				"down": {"uv": [5, 0, 4.75, 4.5], "texture": "#3"}
			}
		},
		{
			"from": [7.0003, 11.44151, 4],
			"to": [7.0003, 25.44151, 28],
			"rotation": {"angle": -45, "axis": "y", "origin": [7, 20, -5]},
			"faces": {
				"north": {"uv": [6, 6, 6, 9.5], "texture": "#3"},
				"east": {"uv": [0, 6, 6, 9.5], "texture": "#3"},
				"south": {"uv": [12, 6, 12, 9.5], "texture": "#3"},
				"west": {"uv": [6, 6, 12, 9.5], "texture": "#3"},
				"up": {"uv": [6, 6, 6, 0], "texture": "#3"},
				"down": {"uv": [6, 0, 6, 6], "texture": "#3"}
			}
		},
		{
			"from": [10, 19, -5],
			"to": [12, 23, -1],
			"rotation": {"angle": 45, "axis": "y", "origin": [11, 19, -4]},
			"faces": {
				"north": {"uv": [1.5, 3.5, 1, 4.5], "texture": "#3"},
				"east": {"uv": [2.5, 3.5, 1.5, 4.5], "texture": "#3"},
				"south": {"uv": [3, 3.5, 2.5, 4.5], "texture": "#3"},
				"west": {"uv": [1, 3.5, 0, 4.5], "texture": "#3"},
				"up": {"uv": [1, 3.5, 1.5, 2.5], "texture": "#3"},
				"down": {"uv": [1.5, 2.5, 2, 3.5], "texture": "#3"}
			}
		},
		{
			"from": [9.9, 11.37868, -4.29289],
			"to": [9.9, 22.37868, 7.70711],
			"rotation": {"angle": 45, "axis": "y", "origin": [10, 19.87868, -5.29289]},
			"faces": {
				"north": {"uv": [3, 9.5, 3, 12.25], "texture": "#3"},
				"east": {"uv": [6, 9.5, 3, 12.25], "texture": "#3"},
				"south": {"uv": [6, 9.5, 6, 12.25], "texture": "#3"},
				"west": {"uv": [3, 9.5, 0, 12.25], "texture": "#3"},
				"up": {"uv": [3, 9.5, 3, 6.5], "texture": "#3"},
				"down": {"uv": [3, 6.5, 3, 9.5], "texture": "#3"}
			}
		},
		{
			"from": [10.5, 20.5, -2],
			"to": [11.5, 23.5, 5],
			"rotation": {"angle": 45, "axis": "y", "origin": [11, 20, -5]},
			"faces": {
				"north": {"uv": [2, 1.75, 1.75, 2.5], "texture": "#3"},
				"east": {"uv": [3.75, 1.75, 2, 2.5], "texture": "#3"},
				"south": {"uv": [4, 1.75, 3.75, 2.5], "texture": "#3"},
				"west": {"uv": [1.75, 1.75, 0, 2.5], "texture": "#3"},
				"up": {"uv": [1.75, 1.75, 2, 0], "texture": "#3"},
				"down": {"uv": [2, 0, 2.25, 1.75], "texture": "#3"}
			}
		},
		{
			"from": [10.4997, 21.44151, 1],
			"to": [11.4997, 23.44151, 19],
			"rotation": {"angle": 45, "axis": "y", "origin": [11, 20, -5]},
			"faces": {
				"north": {"uv": [4.75, 4.5, 4.5, 5], "texture": "#3"},
				"east": {"uv": [9.25, 4.5, 4.75, 5], "texture": "#3"},
				"south": {"uv": [9.5, 4.5, 9.25, 5], "texture": "#3"},
				"west": {"uv": [4.5, 4.5, 0, 5], "texture": "#3"},
				"up": {"uv": [4.5, 4.5, 4.75, 0], "texture": "#3"},
				"down": {"uv": [4.75, 0, 5, 4.5], "texture": "#3"}
			}
		},
		{
			"from": [16.9997, 11.44151, 0],
			"to": [16.9997, 25.44151, 24],
			"rotation": {"angle": 45, "axis": "y", "origin": [17, 20, 0]},
			"faces": {
				"north": {"uv": [6, 6, 6, 9.5], "texture": "#3"},
				"east": {"uv": [12, 6, 6, 9.5], "texture": "#3"},
				"south": {"uv": [12, 6, 12, 9.5], "texture": "#3"},
				"west": {"uv": [6, 6, 0, 9.5], "texture": "#3"},
				"up": {"uv": [6, 6, 6, 0], "texture": "#3"},
				"down": {"uv": [6, 0, 6, 6], "texture": "#3"}
			}
		}
	],
	"display": {
		"head": {
			"translation": [-2, -79.75, 24.75],
			"scale": [1.7, 1.7, 1.7]
		}
	},
	"groups": [
		{
			"name": "wings",
			"origin": [9, 21, 9],
			"color": 0,
			"children": [
				{
					"name": "wing1",
					"origin": [7, 21, 9],
					"color": 0,
					"children": [
						0,
						{
							"name": "bone3",
							"origin": [7, 22, 11],
							"color": 0,
							"children": [
								{
									"name": "anim1",
									"origin": [7, 22, 18],
									"color": 0,
									"children": [1]
								},
								2,
								{
									"name": "amim01",
									"origin": [7, 23.25, 18],
									"color": 0,
									"children": [3, 4]
								}
							]
						}
					]
				},
				{
					"name": "wing2",
					"origin": [11, 21, 9],
					"color": 0,
					"children": [
						5,
						{
							"name": "bone2",
							"origin": [11, 22, 11],
							"color": 0,
							"children": [
								{
									"name": "anim2",
									"origin": [11, 22, 18],
									"color": 0,
									"children": [6]
								},
								7,
								{
									"name": "anim02",
									"origin": [11, 23.25, 18],
									"color": 0,
									"children": [8, 9]
								}
							]
						}
					]
				}
			]
		}
	]
}