{
	"credit": "Made with Blockbench",
	"texture_size": [64, 64],
	"textures": {
		"0": "item/nyskirt",
		"particle": "item/nyskirt"
	},
	"elements": [
		{
			"name": "general",
			"from": [3.5, 12.5, 5.5],
			"to": [12.5, 16.5, 10.5],
			"rotation": {"angle": 0, "axis": "y", "origin": [8, 0, 8]},
			"faces": {
				"north": {"uv": [1.25, 1.25, 3.5, 2.25], "texture": "#0"},
				"east": {"uv": [0, 1.25, 1.25, 2.25], "texture": "#0"},
				"south": {"uv": [4.75, 1.25, 7, 2.25], "texture": "#0"},
				"west": {"uv": [3.5, 1.25, 4.75, 2.25], "texture": "#0"},
				"up": {"uv": [3.5, 1.25, 1.25, 0], "texture": "#0"},
				"down": {"uv": [5.75, 0, 3.5, 1.25], "texture": "#0"}
			}
		},
		{
			"name": "skirtone",
			"from": [-2.64139, 7.7742, 5],
			"to": [-1.64139, 13.7742, 11],
			"rotation": {"angle": -22.5, "axis": "z", "origin": [2, 0, 8]},
			"faces": {
				"north": {"uv": [6.5, 5.5, 6.75, 7], "texture": "#0"},
				"east": {"uv": [5, 5.5, 6.5, 7], "texture": "#0"},
				"south": {"uv": [8.25, 5.5, 8.5, 7], "texture": "#0"},
				"west": {"uv": [6.75, 5.5, 8.25, 7], "texture": "#0"},
				"up": {"uv": [6.75, 5.5, 6.5, 4], "texture": "#0"},
				"down": {"uv": [7, 4, 6.75, 5.5], "texture": "#0"}
			}
		},
		{
			"name": "skirtone",
			"from": [-2.94139, 7.4742, 4.7],
			"to": [-1.34139, 14.0742, 11.3],
			"rotation": {"angle": -22.5, "axis": "z", "origin": [2, 0, 8]},
			"faces": {
				"north": {"uv": [1.5, 7.25, 1.75, 8.75], "texture": "#0"},
				"east": {"uv": [0, 7.25, 1.5, 8.75], "texture": "#0"},
				"south": {"uv": [3.25, 7.25, 3.5, 8.75], "texture": "#0"},
				"west": {"uv": [1.75, 7.25, 3.25, 8.75], "texture": "#0"},
				"up": {"uv": [1.75, 7.25, 1.5, 5.75], "texture": "#0"},
				"down": {"uv": [2, 5.75, 1.75, 7.25], "texture": "#0"}
			}
		},
		{
			"name": "skirttwo",
			"from": [17.51161, 7.69171, 5],
			"to": [18.51161, 13.69171, 11],
			"rotation": {"angle": 22.5, "axis": "z", "origin": [14, 0, 8]},
			"faces": {
				"north": {"uv": [6.75, 5.5, 6.5, 7], "texture": "#0"},
				"east": {"uv": [8.25, 5.5, 6.75, 7], "texture": "#0"},
				"south": {"uv": [8.5, 5.5, 8.25, 7], "texture": "#0"},
				"west": {"uv": [6.5, 5.5, 5, 7], "texture": "#0"},
				"up": {"uv": [6.5, 5.5, 6.75, 4], "texture": "#0"},
				"down": {"uv": [6.75, 4, 7, 5.5], "texture": "#0"}
			}
		},
		{
			"name": "skirttwo",
			"from": [17.21161, 7.39171, 4.7],
			"to": [18.81161, 13.99171, 11.3],
			"rotation": {"angle": 22.5, "axis": "z", "origin": [14, 0, 8]},
			"faces": {
				"north": {"uv": [5, 8.5, 5.25, 10], "texture": "#0"},
				"east": {"uv": [3.5, 8.5, 5, 10], "texture": "#0"},
				"south": {"uv": [6.75, 8.5, 7, 10], "texture": "#0"},
				"west": {"uv": [5.25, 8.5, 6.75, 10], "texture": "#0"},
				"up": {"uv": [5.25, 8.5, 5, 7], "texture": "#0"},
				"down": {"uv": [5.5, 7, 5.25, 8.5], "texture": "#0"}
			}
		},
		{
			"name": "skirtthree",
			"from": [3.50221, 8.01921, -1.09475],
			"to": [12.50221, 14.01921, -0.09475],
			"rotation": {"angle": 22.5, "axis": "x", "origin": [8, 0, 2]},
			"faces": {
				"north": {"uv": [0.25, 2.5, 2.5, 4], "texture": "#0"},
				"east": {"uv": [0, 2.5, 0.25, 4], "texture": "#0"},
				"south": {"uv": [2.75, 2.5, 5, 4], "texture": "#0"},
				"west": {"uv": [2.5, 2.5, 2.75, 4], "texture": "#0"},
				"up": {"uv": [2.5, 2.5, 0.25, 2.25], "texture": "#0"},
				"down": {"uv": [4.75, 2.25, 2.5, 2.5], "texture": "#0"}
			}
		},
		{
			"name": "skirtthree",
			"from": [3.20221, 7.71921, -1.39475],
			"to": [12.80221, 14.31921, 0.20525],
			"rotation": {"angle": 22.5, "axis": "x", "origin": [8, 0, 2]},
			"faces": {
				"north": {"uv": [0.25, 4.25, 2.5, 5.75], "texture": "#0"},
				"east": {"uv": [0, 4.25, 0.25, 5.75], "texture": "#0"},
				"south": {"uv": [2.75, 4.25, 5, 5.75], "texture": "#0"},
				"west": {"uv": [2.5, 4.25, 2.75, 5.75], "texture": "#0"},
				"up": {"uv": [2.5, 4.25, 0.25, 4], "texture": "#0"},
				"down": {"uv": [4.75, 4, 2.5, 4.25], "texture": "#0"}
			}
		},
		{
			"name": "skirtfour",
			"from": [3.50341, 7.91308, 16.0711],
			"to": [12.50341, 13.91308, 17.0711],
			"rotation": {"angle": -22.5, "axis": "x", "origin": [8, 0, 14]},
			"faces": {
				"north": {"uv": [0.25, 2.5, 2.5, 4], "texture": "#0"},
				"east": {"uv": [0, 2.5, 0.25, 4], "texture": "#0"},
				"south": {"uv": [2.75, 2.5, 5, 4], "texture": "#0"},
				"west": {"uv": [2.5, 2.5, 2.75, 4], "texture": "#0"},
				"up": {"uv": [2.5, 2.5, 0.25, 2.25], "texture": "#0"},
				"down": {"uv": [4.75, 2.25, 2.5, 2.5], "texture": "#0"}
			}
		},
		{
			"name": "skirtfour",
			"from": [3.20341, 7.61308, 15.7711],
			"to": [12.80341, 14.21308, 17.3711],
			"rotation": {"angle": -22.5, "axis": "x", "origin": [8, 0, 14]},
			"faces": {
				"north": {"uv": [5.25, 2.5, 7.5, 4], "texture": "#0"},
				"east": {"uv": [5, 2.5, 5.25, 4], "texture": "#0"},
				"south": {"uv": [7.75, 2.5, 10, 4], "texture": "#0"},
				"west": {"uv": [7.5, 2.5, 7.75, 4], "texture": "#0"},
				"up": {"uv": [7.5, 2.5, 5.25, 2.25], "texture": "#0"},
				"down": {"uv": [9.75, 2.25, 7.5, 2.5], "texture": "#0"}
			}
		}
	],
	"display": {
		"head": {
			"translation": [0, -76.25, 0],
			"scale": [1.6, 1.6, 1.6]
		}
	},
	"groups": [
		{
			"name": "general",
			"origin": [8.5, 11.5, 5.5],
			"color": 0,
			"children": [
				0,
				{
					"name": "skirtone",
					"origin": [3.5, 13.25, 8],
					"color": 1,
					"children": [1, 2]
				},
				{
					"name": "skirttwo",
					"origin": [12.25, 13.5, 8],
					"color": 2,
					"children": [3, 4]
				},
				{
					"name": "skirtthree",
					"origin": [8.00102, 13.36523, 4.71415],
					"color": 3,
					"children": [5, 6]
				},
				{
					"name": "skirtfour",
					"origin": [8.00102, 13.36523, 11.03585],
					"color": 4,
					"children": [7, 8]
				}
			]
		}
	]
}