{
	"credit": "Made with Blockbench",
	"texture_size": [1024, 1024],
	"textures": {
		"0": "item/rune",
		"particle": "item/rune"
	},
	"elements": [
		{
			"from": [5, 4, 7],
			"to": [9, 8, 11],
			"rotation": {"angle": 0, "axis": "y", "origin": [5, 4, 7]},
			"faces": {
				"north": {"uv": [0, 0, 0.0625, 0.0625], "texture": "#0"},
				"east": {"uv": [0, 0, 0.0625, 0.0625], "texture": "#0"},
				"south": {"uv": [0, 0, 0.0625, 0.0625], "texture": "#0"},
				"west": {"uv": [0, 0, 0.0625, 0.0625], "texture": "#0"},
				"up": {"uv": [0, 0, 0.0625, 0.0625], "texture": "#0"},
				"down": {"uv": [0, 0, 0.0625, 0.0625], "texture": "#0"}
			}
		},
		{
			"from": [6, 3, 6],
			"to": [12, 9, 12],
			"rotation": {"angle": 0, "axis": "y", "origin": [6, 3, 6]},
			"faces": {
				"north": {"uv": [0, 0, 0.09375, 0.09375], "texture": "#0"},
				"east": {"uv": [0, 0, 0.09375, 0.09375], "texture": "#0"},
				"south": {"uv": [0, 0, 0.09375, 0.09375], "texture": "#0"},
				"west": {"uv": [0, 0, 0.09375, 0.09375], "texture": "#0"},
				"up": {"uv": [0, 0, 0.09375, 0.09375], "texture": "#0"},
				"down": {"uv": [0, 0, 0.09375, 0.09375], "texture": "#0"}
			}
		},
		{
			"from": [7, 2, 7],
			"to": [11, 6, 11],
			"rotation": {"angle": 0, "axis": "y", "origin": [7, 2, 7]},
			"faces": {
				"north": {"uv": [0, 0, 0.0625, 0.0625], "texture": "#0"},
				"east": {"uv": [0, 0, 0.0625, 0.0625], "texture": "#0"},
				"south": {"uv": [0, 0, 0.0625, 0.0625], "texture": "#0"},
				"west": {"uv": [0, 0, 0.0625, 0.0625], "texture": "#0"},
				"up": {"uv": [0, 0, 0.0625, 0.0625], "texture": "#0"},
				"down": {"uv": [0, 0, 0.0625, 0.0625], "texture": "#0"}
			}
		},
		{
			"from": [7, 6, 7],
			"to": [11, 10, 11],
			"rotation": {"angle": 0, "axis": "y", "origin": [7, 6, 7]},
			"faces": {
				"north": {"uv": [0, 0, 0.0625, 0.0625], "texture": "#0"},
				"east": {"uv": [0, 0, 0.0625, 0.0625], "texture": "#0"},
				"south": {"uv": [0, 0, 0.0625, 0.0625], "texture": "#0"},
				"west": {"uv": [0, 0, 0.0625, 0.0625], "texture": "#0"},
				"up": {"uv": [0, 0, 0.0625, 0.0625], "texture": "#0"},
				"down": {"uv": [0, 0, 0.0625, 0.0625], "texture": "#0"}
			}
		},
		{
			"from": [7, 4, 9],
			"to": [11, 8, 13],
			"rotation": {"angle": 0, "axis": "y", "origin": [7, 4, 9]},
			"faces": {
				"north": {"uv": [0, 0, 0.0625, 0.0625], "texture": "#0"},
				"east": {"uv": [0, 0, 0.0625, 0.0625], "texture": "#0"},
				"south": {"uv": [0, 0, 0.0625, 0.0625], "texture": "#0"},
				"west": {"uv": [0, 0, 0.0625, 0.0625], "texture": "#0"},
				"up": {"uv": [0, 0, 0.0625, 0.0625], "texture": "#0"},
				"down": {"uv": [0, 0, 0.0625, 0.0625], "texture": "#0"}
			}
		},
		{
			"from": [7, 4, 5],
			"to": [11, 8, 9],
			"rotation": {"angle": 0, "axis": "y", "origin": [7, 4, 5]},
			"faces": {
				"north": {"uv": [0, 0, 0.0625, 0.0625], "texture": "#0"},
				"east": {"uv": [0, 0, 0.0625, 0.0625], "texture": "#0"},
				"south": {"uv": [0, 0, 0.0625, 0.0625], "texture": "#0"},
				"west": {"uv": [0, 0, 0.0625, 0.0625], "texture": "#0"},
				"up": {"uv": [0, 0, 0.0625, 0.0625], "texture": "#0"},
				"down": {"uv": [0, 0, 0.0625, 0.0625], "texture": "#0"}
			}
		},
		{
			"from": [9, 4, 7],
			"to": [13, 8, 11],
			"rotation": {"angle": 0, "axis": "y", "origin": [9, 4, 7]},
			"faces": {
				"north": {"uv": [0, 0, 0.0625, 0.0625], "texture": "#0"},
				"east": {"uv": [0, 0, 0.0625, 0.0625], "texture": "#0"},
				"south": {"uv": [0, 0, 0.0625, 0.0625], "texture": "#0"},
				"west": {"uv": [0, 0, 0.0625, 0.0625], "texture": "#0"},
				"up": {"uv": [0, 0, 0.0625, 0.0625], "texture": "#0"},
				"down": {"uv": [0, 0, 0.0625, 0.0625], "texture": "#0"}
			}
		}
	],
	"display": {
		"thirdperson_righthand": {
			"translation": [-1, 3.5, 0]
		},
		"thirdperson_lefthand": {
			"translation": [1.25, 1.75, -1]
		},
		"firstperson_righthand": {
			"rotation": [18, 14, 14],
			"translation": [1.25, 6, -6.25],
			"scale": [0.6, 0.6, 0.6]
		},
		"firstperson_lefthand": {
			"rotation": [-21, 25, 25],
			"translation": [0.75, 4.75, -6.5],
			"scale": [0.6, 0.6, 0.6]
		},
		"ground": {
			"translation": [0, 3, 0]
		},
		"gui": {
			"rotation": [32, 34, -22],
			"translation": [-1, 3.25, 0],
			"scale": [1.5, 1.5, 1.5]
		},
		"head": {
			"translation": [-2.5, 4.75, -2.5],
			"scale": [2.3, 2.3, 2.3]
		}
	},
	"groups": [
		{
			"name": "group",
			"origin": [9, 4, 7],
			"color": 0,
			"children": [0, 1, 2, 3, 4, 5, 6]
		}
	]
}