{"credit":"Converted from Bedrock Entity","texture_size":[64,64],"textures":{"1":"item/shark"},"elements":[{"name":"bb_main","from":[-1.0,-1.0,-1.0],"to":[1.0,4.0,1.0],"faces":{"north":{"uv":[0.0,17.0,1.0,18.0],"texture":"#1"},"east":{"uv":[0.0,17.0,1.0,18.0],"texture":"#1"},"south":{"uv":[0.0,17.0,1.0,18.0],"texture":"#1"},"west":{"uv":[0.0,17.0,1.0,18.0],"texture":"#1"},"up":{"uv":[0.0,17.0,1.0,18.0],"texture":"#1"},"down":{"uv":[0.0,17.0,1.0,18.0],"texture":"#1"}}},{"name":"osn","from":[-1.0,13.0,-3.5],"to":[4.0,16.0,0.5],"faces":{"north":{"uv":[7.0,7.0,8.0,8.0],"texture":"#1"},"east":{"uv":[7.0,7.0,8.0,8.0],"texture":"#1"},"south":{"uv":[7.0,7.0,8.0,8.0],"texture":"#1"},"west":{"uv":[7.0,7.0,8.0,8.0],"texture":"#1"},"up":{"uv":[7.0,7.0,8.0,8.0],"texture":"#1"},"down":{"uv":[7.0,7.0,8.0,8.0],"texture":"#1"}},"rotation":{"angle":30.0,"axis":"x"},"children":[{"name":"bc","from":[-1.0,13.0,-5.5],"to":[3.0,16.0,-1.5],"faces":{"north":{"uv":[10.0,0.0,11.0,1.0],"texture":"#1"},"east":{"uv":[10.0,0.0,11.0,1.0],"texture":"#1"},"south":{"uv":[10.0,0.0,11.0,1.0],"texture":"#1"},"west":{"uv":[10.0,0.0,11.0,1.0],"texture":"#1"},"up":{"uv":[10.0,0.0,11.0,1.0],"texture":"#1"},"down":{"uv":[10.0,0.0,11.0,1.0],"texture":"#1"}},"rotation":{"angle":2.5,"axis":"x"},"children":[{"name":"sc","from":[-1.0,12.9,-7.5],"to":[2.0,15.9,-3.5],"faces":{"north":{"uv":[8.0,12.0,9.0,13.0],"texture":"#1"},"east":{"uv":[8.0,12.0,9.0,13.0],"texture":"#1"},"south":{"uv":[8.0,12.0,9.0,13.0],"texture":"#1"},"west":{"uv":[8.0,12.0,9.0,13.0],"texture":"#1"},"up":{"uv":[8.0,12.0,9.0,13.0],"texture":"#1"},"down":{"uv":[8.0,12.0,9.0,13.0],"texture":"#1"}},"children":[{"name":"hv","from":[-0.9,13.0,-8.3],"to":[1.1,20.0,-3.3000002],"faces":{"north":{"uv":[0.0,0.0,1.0,1.0],"texture":"#1"},"east":{"uv":[0.0,0.0,1.0,1.0],"texture":"#1"},"south":{"uv":[0.0,0.0,1.0,1.0],"texture":"#1"},"west":{"uv":[0.0,0.0,1.0,1.0],"texture":"#1"},"up":{"uv":[0.0,0.0,1.0,1.0],"texture":"#1"},"down":{"uv":[0.0,0.0,1.0,1.0],"texture":"#1"}},"rotation":{"angle":-2.5,"axis":"x"}}]}]}]},{"name":"bone5","from":[-1.0,-1.0,-1.0],"to":[1.0,4.0,3.0],"faces":{"north":{"uv":[0.0,10.0,1.0,11.0],"texture":"#1"},"east":{"uv":[0.0,10.0,1.0,11.0],"texture":"#1"},"south":{"uv":[0.0,10.0,1.0,11.0],"texture":"#1"},"west":{"uv":[0.0,10.0,1.0,11.0],"texture":"#1"},"up":{"uv":[0.0,10.0,1.0,11.0],"texture":"#1"},"down":{"uv":[0.0,10.0,1.0,11.0],"texture":"#1"}}}]}