{
	"credit": "Made with Blockbench",
	"texture_size": [128, 128],
	"textures": {
		"particle": "block/texture"
	},
	"elements": [
		{
			"from": [3.5, 25.5, 8],
			"to": [4, 32, 12],
			"rotation": {"angle": 0, "axis": "y", "origin": [2, 25, 10]},
			"faces": {
				"north": {"uv": [0.13281, 0.20313, 0.14063, 0.25781], "texture": "#missing"},
				"east": {"uv": [0.02344, 0.33594, 0.05469, 0.39063], "texture": "#missing"},
				"south": {"uv": [0.10938, 0.46094, 0.11719, 0.51563], "texture": "#missing"},
				"west": {"uv": [0.05469, 0.33594, 0.08594, 0.39063], "texture": "#missing"},
				"up": {"uv": [0.28906, 0.57031, 0.28125, 0.53906], "texture": "#missing"},
				"down": {"uv": [0.32813, 0.53906, 0.32031, 0.57031], "texture": "#missing"}
			}
		},
		{
			"from": [12, 25.5, 8],
			"to": [12.5, 32, 12],
			"rotation": {"angle": 0, "axis": "y", "origin": [10.5, 25, 10]},
			"faces": {
				"north": {"uv": [0.0625, 0.47656, 0.07031, 0.53125], "texture": "#missing"},
				"east": {"uv": [0.08594, 0.33594, 0.11719, 0.39063], "texture": "#missing"},
				"south": {"uv": [0.07031, 0.47656, 0.07813, 0.53125], "texture": "#missing"},
				"west": {"uv": [0.28906, 0.33594, 0.32031, 0.39063], "texture": "#missing"},
				"up": {"uv": [0.33594, 0.57031, 0.32813, 0.53906], "texture": "#missing"},
				"down": {"uv": [0.34375, 0.53906, 0.33594, 0.57031], "texture": "#missing"}
			}
		},
		{
			"from": [11.9, 26, 6.95],
			"to": [12.4, 28.5, 9.4],
			"rotation": {"angle": 22.5, "axis": "x", "origin": [12.25, 29.25, 7.4]},
			"faces": {
				"north": {"uv": [0.13281, 0.25781, 0.14063, 0.28125], "texture": "#missing"},
				"east": {"uv": [0.11719, 0.47656, 0.13281, 0.5], "texture": "#missing"},
				"south": {"uv": [0.27344, 0.19531, 0.28125, 0.21875], "texture": "#missing"},
				"west": {"uv": [0.21094, 0.47656, 0.22656, 0.5], "texture": "#missing"},
				"up": {"uv": [0.35938, 0.27344, 0.35156, 0.25781], "texture": "#missing"},
				"down": {"uv": [0.39063, 0.24219, 0.38281, 0.25781], "texture": "#missing"}
			}
		},
		{
			"from": [11.9, 26.59578, 4.72463],
			"to": [12.4, 29.04578, 6.42463],
			"rotation": {"angle": -45, "axis": "x", "origin": [12.25, 27.77078, 5.52463]},
			"faces": {
				"north": {"uv": [0.60156, 0.05469, 0.60938, 0.07031], "texture": "#missing"},
				"east": {"uv": [0.07031, 0.54688, 0.08594, 0.5625], "texture": "#missing"},
				"south": {"uv": [0.60156, 0.125, 0.60938, 0.14063], "texture": "#missing"},
				"west": {"uv": [0.08594, 0.54688, 0.10156, 0.5625], "texture": "#missing"},
				"up": {"uv": [0.60938, 0.15625, 0.60156, 0.14063], "texture": "#missing"},
				"down": {"uv": [0.60938, 0.17188, 0.60156, 0.1875], "texture": "#missing"}
			}
		},
		{
			"from": [12, 28.1, 4],
			"to": [12.5, 32, 8],
			"rotation": {"angle": 0, "axis": "y", "origin": [10.5, 25, 6]},
			"faces": {
				"north": {"uv": [0.34375, 0.53906, 0.35156, 0.57031], "texture": "#missing"},
				"east": {"uv": [0.28906, 0.39063, 0.32031, 0.42188], "texture": "#missing"},
				"south": {"uv": [0.03125, 0.54688, 0.03906, 0.57813], "texture": "#missing"},
				"west": {"uv": [0.40625, 0, 0.4375, 0.03125], "texture": "#missing"},
				"up": {"uv": [0.04688, 0.57813, 0.03906, 0.54688], "texture": "#missing"},
				"down": {"uv": [0.05469, 0.54688, 0.04688, 0.57813], "texture": "#missing"}
			}
		},
		{
			"from": [3.5, 28.1, 4],
			"to": [4, 32, 8],
			"rotation": {"angle": 0, "axis": "y", "origin": [2, 25, 6]},
			"faces": {
				"north": {"uv": [0.14844, 0.54688, 0.15625, 0.57813], "texture": "#missing"},
				"east": {"uv": [0.40625, 0.03125, 0.4375, 0.0625], "texture": "#missing"},
				"south": {"uv": [0.15625, 0.54688, 0.16406, 0.57813], "texture": "#missing"},
				"west": {"uv": [0.40625, 0.0625, 0.4375, 0.09375], "texture": "#missing"},
				"up": {"uv": [0.21875, 0.57813, 0.21094, 0.54688], "texture": "#missing"},
				"down": {"uv": [0.22656, 0.54688, 0.21875, 0.57813], "texture": "#missing"}
			}
		},
		{
			"from": [3.6, 26.59578, 4.72463],
			"to": [4.1, 29.04578, 6.42463],
			"rotation": {"angle": -45, "axis": "x", "origin": [3.75, 27.77078, 5.52463]},
			"faces": {
				"north": {"uv": [0.60156, 0.21094, 0.60938, 0.22656], "texture": "#missing"},
				"east": {"uv": [0.11719, 0.54688, 0.13281, 0.5625], "texture": "#missing"},
				"south": {"uv": [0.60156, 0.22656, 0.60938, 0.24219], "texture": "#missing"},
				"west": {"uv": [0.13281, 0.54688, 0.14844, 0.5625], "texture": "#missing"},
				"up": {"uv": [0.60938, 0.26563, 0.60156, 0.25], "texture": "#missing"},
				"down": {"uv": [0.60938, 0.26563, 0.60156, 0.28125], "texture": "#missing"}
			}
		},
		{
			"from": [3.25, 25.89372, 8.3343],
			"to": [3.5, 26.39372, 10.7843],
			"rotation": {"angle": 0, "axis": "y", "origin": [3.375, 26.64372, 7.1593]},
			"faces": {
				"north": {"uv": [0.35938, 0.29688, 0.36719, 0.30469], "texture": "#missing"},
				"east": {"uv": [0.60156, 0.01563, 0.61719, 0.02344], "texture": "#missing"},
				"south": {"uv": [0.09375, 0.45313, 0.10156, 0.46094], "texture": "#missing"},
				"west": {"uv": [0.60156, 0.32031, 0.61719, 0.32813], "texture": "#missing"},
				"up": {"uv": [0.60938, 0.375, 0.60156, 0.35938], "texture": "#missing"},
				"down": {"uv": [0.60938, 0.375, 0.60156, 0.39063], "texture": "#missing"}
			}
		},
		{
			"from": [12.5, 25.89372, 8.3343],
			"to": [12.75, 26.39372, 10.7843],
			"rotation": {"angle": 0, "axis": "y", "origin": [12.625, 26.64372, 7.1593]},
			"faces": {
				"north": {"uv": [0.58594, 0.49219, 0.59375, 0.5], "texture": "#missing"},
				"east": {"uv": [0.60156, 0.32813, 0.61719, 0.33594], "texture": "#missing"},
				"south": {"uv": [0.16406, 0.625, 0.17188, 0.63281], "texture": "#missing"},
				"west": {"uv": [0.60156, 0.39063, 0.61719, 0.39844], "texture": "#missing"},
				"up": {"uv": [0.60938, 0.46094, 0.60156, 0.44531], "texture": "#missing"},
				"down": {"uv": [0.46875, 0.60156, 0.46094, 0.61719], "texture": "#missing"}
			}
		},
		{
			"from": [3.6, 26, 6.95],
			"to": [4.1, 28.5, 9.4],
			"rotation": {"angle": 22.5, "axis": "x", "origin": [3.75, 29.25, 7.4]},
			"faces": {
				"north": {"uv": [0.375, 0.125, 0.38281, 0.14844], "texture": "#missing"},
				"east": {"uv": [0.22656, 0.47656, 0.24219, 0.5], "texture": "#missing"},
				"south": {"uv": [0.4375, 0.59375, 0.44531, 0.61719], "texture": "#missing"},
				"west": {"uv": [0.24219, 0.47656, 0.25781, 0.5], "texture": "#missing"},
				"up": {"uv": [0.28906, 0.61719, 0.28125, 0.60156], "texture": "#missing"},
				"down": {"uv": [0.60938, 0.30469, 0.60156, 0.32031], "texture": "#missing"}
			}
		},
		{
			"from": [3.5, 25, 12],
			"to": [12.5, 32, 12.5],
			"rotation": {"angle": 0, "axis": "y", "origin": [10.5, 25, 10.5]},
			"faces": {
				"north": {"uv": [0.21094, 0.21875, 0.28125, 0.27344], "texture": "#missing"},
				"east": {"uv": [0.07813, 0.47656, 0.08594, 0.53125], "texture": "#missing"},
				"south": {"uv": [0.27344, 0, 0.34375, 0.05469], "texture": "#missing"},
				"west": {"uv": [0.08594, 0.47656, 0.09375, 0.53125], "texture": "#missing"},
				"up": {"uv": [0.49219, 0.25, 0.42188, 0.24219], "texture": "#missing"},
				"down": {"uv": [0.49219, 0.25, 0.42188, 0.25781], "texture": "#missing"}
			}
		},
		{
			"from": [4.5, 26, 12.5],
			"to": [11.5, 31, 13],
			"rotation": {"angle": 0, "axis": "y", "origin": [10.5, 25, 10.5]},
			"faces": {
				"north": {"uv": [0.02344, 0.29688, 0.07813, 0.33594], "texture": "#missing"},
				"east": {"uv": [0.10156, 0.53906, 0.10938, 0.57813], "texture": "#missing"},
				"south": {"uv": [0.07813, 0.29688, 0.13281, 0.33594], "texture": "#missing"},
				"west": {"uv": [0.19531, 0.53906, 0.20313, 0.57813], "texture": "#missing"},
				"up": {"uv": [0.52344, 0.30469, 0.46875, 0.29688], "texture": "#missing"},
				"down": {"uv": [0.52344, 0.30469, 0.46875, 0.3125], "texture": "#missing"}
			}
		},
		{
			"from": [4, 31.5, 4],
			"to": [12, 32, 12],
			"rotation": {"angle": 0, "axis": "y", "origin": [10.5, 25.5, 10.5]},
			"faces": {
				"north": {"uv": [0.44531, 0.19531, 0.50781, 0.20313], "texture": "#missing"},
				"east": {"uv": [0.44531, 0.20313, 0.50781, 0.21094], "texture": "#missing"},
				"south": {"uv": [0.44531, 0.21094, 0.50781, 0.21875], "texture": "#missing"},
				"west": {"uv": [0.44531, 0.21875, 0.50781, 0.22656], "texture": "#missing"},
				"up": {"uv": [0.27344, 0.15625, 0.21094, 0.09375], "texture": "#missing"},
				"down": {"uv": [0.27344, 0.15625, 0.21094, 0.21875], "texture": "#missing"}
			}
		},
		{
			"from": [3.9, 28.25, 3.2],
			"to": [12.1, 32, 4.7],
			"rotation": {"angle": 22.5, "axis": "x", "origin": [8, 30.5, 3.7]},
			"faces": {
				"north": {"uv": [0.28906, 0.30469, 0.35156, 0.33594], "texture": "#missing"},
				"east": {"uv": [0.05469, 0.54688, 0.0625, 0.57813], "texture": "#missing"},
				"south": {"uv": [0.3125, 0.05469, 0.375, 0.08594], "texture": "#missing"},
				"west": {"uv": [0.0625, 0.54688, 0.07031, 0.57813], "texture": "#missing"},
				"up": {"uv": [0.50781, 0.14844, 0.44531, 0.14063], "texture": "#missing"},
				"down": {"uv": [0.50781, 0.14844, 0.44531, 0.15625], "texture": "#missing"}
			}
		},
		{
			"from": [6.75, 29.75, 3.05493],
			"to": [9.25, 32, 3.30493],
			"rotation": {"angle": 22.5, "axis": "x", "origin": [8, 30.9025, 3.05493]},
			"faces": {
				"north": {"uv": [0.59375, 0.65625, 0.65625, 0.6875], "texture": "#missing"},
				"east": {"uv": [0.05469, 0.54688, 0.0625, 0.57813], "texture": "#missing"},
				"south": {"uv": [0.3125, 0.05469, 0.375, 0.08594], "texture": "#missing"},
				"west": {"uv": [0.0625, 0.54688, 0.07031, 0.57813], "texture": "#missing"},
				"up": {"uv": [0.50781, 0.14844, 0.44531, 0.14063], "texture": "#missing"},
				"down": {"uv": [0.50781, 0.14844, 0.44531, 0.15625], "texture": "#missing"}
			}
		},
		{
			"from": [7.25, 29.7775, 2.80493],
			"to": [8.75, 31.2775, 3.05493],
			"rotation": {"angle": 22.5, "axis": "x", "origin": [8, 30.9025, 3.05493]},
			"faces": {
				"north": {"uv": [0.52344, 0.65625, 0.58594, 0.6875], "texture": "#missing"},
				"east": {"uv": [0.05469, 0.54688, 0.0625, 0.57813], "texture": "#missing"},
				"south": {"uv": [0.3125, 0.05469, 0.375, 0.08594], "texture": "#missing"},
				"west": {"uv": [0.0625, 0.54688, 0.07031, 0.57813], "texture": "#missing"},
				"up": {"uv": [0.50781, 0.14844, 0.44531, 0.14063], "texture": "#missing"},
				"down": {"uv": [0.50781, 0.14844, 0.44531, 0.15625], "texture": "#missing"}
			}
		},
		{
			"from": [6.25, 30.0275, 2.55493],
			"to": [6.75, 30.5275, 3.30493],
			"rotation": {"angle": 22.5, "axis": "x", "origin": [8, 30.9025, 3.05493]},
			"faces": {
				"north": {"uv": [0.59375, 0.65625, 0.65625, 0.6875], "texture": "#missing"},
				"east": {"uv": [0.05469, 0.54688, 0.0625, 0.57813], "texture": "#missing"},
				"south": {"uv": [0.3125, 0.05469, 0.375, 0.08594], "texture": "#missing"},
				"west": {"uv": [0.0625, 0.54688, 0.07031, 0.57813], "texture": "#missing"},
				"up": {"uv": [0.50781, 0.14844, 0.44531, 0.14063], "texture": "#missing"},
				"down": {"uv": [0.50781, 0.14844, 0.44531, 0.15625], "texture": "#missing"}
			}
		},
		{
			"from": [7.8, 31.5, 2.55493],
			"to": [8.3, 32, 3.30493],
			"rotation": {"angle": 22.5, "axis": "x", "origin": [8, 30.9025, 3.05493]},
			"faces": {
				"north": {"uv": [0.59375, 0.65625, 0.65625, 0.6875], "texture": "#missing"},
				"east": {"uv": [0.05469, 0.54688, 0.0625, 0.57813], "texture": "#missing"},
				"south": {"uv": [0.3125, 0.05469, 0.375, 0.08594], "texture": "#missing"},
				"west": {"uv": [0.0625, 0.54688, 0.07031, 0.57813], "texture": "#missing"},
				"up": {"uv": [0.50781, 0.14844, 0.44531, 0.14063], "texture": "#missing"},
				"down": {"uv": [0.50781, 0.14844, 0.44531, 0.15625], "texture": "#missing"}
			}
		},
		{
			"from": [9.25, 30.0275, 2.55493],
			"to": [9.75, 30.5275, 3.30493],
			"rotation": {"angle": 22.5, "axis": "x", "origin": [8, 30.9025, 3.05493]},
			"faces": {
				"north": {"uv": [0.59375, 0.65625, 0.65625, 0.6875], "texture": "#missing"},
				"east": {"uv": [0.05469, 0.54688, 0.0625, 0.57813], "texture": "#missing"},
				"south": {"uv": [0.3125, 0.05469, 0.375, 0.08594], "texture": "#missing"},
				"west": {"uv": [0.0625, 0.54688, 0.07031, 0.57813], "texture": "#missing"},
				"up": {"uv": [0.50781, 0.14844, 0.44531, 0.14063], "texture": "#missing"},
				"down": {"uv": [0.50781, 0.14844, 0.44531, 0.15625], "texture": "#missing"}
			}
		}
	],
	"display": {
		"head": {
			"translation": [0, -31, 0],
			"scale": [1.6, 1.6, 1.6]
		}
	},
	"groups": [
		{
			"name": "Head",
			"origin": [8, 24, 8],
			"color": 0,
			"children": [
				0,
				1,
				2,
				3,
				4,
				5,
				6,
				7,
				8,
				9,
				10,
				11,
				12,
				13,
				14,
				15,
				16,
				17,
				18,
				{
					"name": "group",
					"origin": [2.75, 24.82664, 3.89291],
					"color": 0,
					"children": []
				},
				{
					"name": "group",
					"origin": [2.75, 24.82664, 3.89291],
					"color": 0,
					"children": []
				}
			]
		}
	]
}