{
	"credit": "Made with Blockbench",
	"texture_size": [32, 32],
	"textures": {
		"1": "item/shark"
	},
	"elements": [
		{
			"name": "bc",
			"from": [6, 9, 7.5],
			"to": [10, 11, 10.5],
			"rotation": {"angle": -22.5, "axis": "x", "origin": [8, -4, 13.5]},
			"faces": {
				"north": {"uv": [5, 5, 7, 6], "texture": "#1"},
				"east": {"uv": [3.5, 5, 5, 6], "texture": "#1"},
				"south": {"uv": [8.5, 5, 10.5, 6], "texture": "#1"},
				"west": {"uv": [7, 5, 8.5, 6], "texture": "#1"},
				"up": {"uv": [7, 5, 5, 3.5], "texture": "#1"},
				"down": {"uv": [9, 3.5, 7, 5], "texture": "#1"}
			}
		},
		{
			"from": [6.7, 8.2, 5.7],
			"to": [9.3, 9.8, 8.3],
			"rotation": {"angle": -22.5, "axis": "x", "origin": [8, -5, 11.5]},
			"faces": {
				"north": {"uv": [6.5, 1.5, 8, 2.5], "texture": "#1"},
				"east": {"uv": [5, 1.5, 6.5, 2.5], "texture": "#1"},
				"south": {"uv": [9.5, 1.5, 11, 2.5], "texture": "#1"},
				"west": {"uv": [8, 1.5, 9.5, 2.5], "texture": "#1"},
				"up": {"uv": [8, 1.5, 6.5, 0], "texture": "#1"},
				"down": {"uv": [9.5, 0, 8, 1.5], "texture": "#1"}
			}
		},
		{
			"from": [7.4, 8.4, 4.9],
			"to": [8.6, 9.6, 7.1],
			"rotation": {"angle": -22.5, "axis": "x", "origin": [8, -5, 10.5]},
			"faces": {
				"north": {"uv": [5.5, 7.5, 6.5, 8.5], "texture": "#1"},
				"east": {"uv": [4, 7.5, 5.5, 8.5], "texture": "#1"},
				"south": {"uv": [8, 7.5, 9, 8.5], "texture": "#1"},
				"west": {"uv": [6.5, 7.5, 8, 8.5], "texture": "#1"},
				"up": {"uv": [6.5, 7.5, 5.5, 6], "texture": "#1"},
				"down": {"uv": [7.5, 6, 6.5, 7.5], "texture": "#1"}
			}
		},
		{
			"from": [8, 6.63099, 2.42312],
			"to": [8, 11.63099, 5.42312],
			"rotation": {"angle": -22.5, "axis": "x", "origin": [8.5, -3.86901, 8.92312]},
			"faces": {
				"north": {"uv": [2, 2, 2.5, 5], "texture": "#1"},
				"east": {"uv": [0, 2, 2, 5], "texture": "#1"},
				"south": {"uv": [4.5, 2, 5, 5], "texture": "#1"},
				"west": {"uv": [2.5, 2, 4.5, 5], "texture": "#1"},
				"up": {"uv": [2.5, 2, 2, 0], "texture": "#1"},
				"down": {"uv": [3, 0, 2.5, 2], "texture": "#1"}
			}
		},
		{
			"from": [8, 11.5, 2.8],
			"to": [8, 14.5, 4.8],
			"rotation": {"angle": 0, "axis": "y", "origin": [8, -7, 8]},
			"faces": {
				"north": {"uv": [1.5, 6.5, 2, 8.5], "texture": "#1"},
				"east": {"uv": [0, 6.5, 1.5, 8.5], "texture": "#1"},
				"south": {"uv": [3.5, 6.5, 4, 8.5], "texture": "#1"},
				"west": {"uv": [2, 6.5, 3.5, 8.5], "texture": "#1"},
				"up": {"uv": [2, 6.5, 1.5, 5], "texture": "#1"},
				"down": {"uv": [2.5, 5, 2, 6.5], "texture": "#1"}
			}
		},
		{
			"from": [7.7, 11.2, 4.5],
			"to": [8.3, 14.8, 5.1],
			"rotation": {"angle": 0, "axis": "y", "origin": [8, -7, 8]},
			"faces": {
				"north": {"uv": [0.5, 9, 1, 11], "texture": "#1"},
				"east": {"uv": [0, 9, 0.5, 11], "texture": "#1"},
				"south": {"uv": [1.5, 9, 2, 11], "texture": "#1"},
				"west": {"uv": [1, 9, 1.5, 11], "texture": "#1"},
				"up": {"uv": [1, 9, 0.5, 8.5], "texture": "#1"},
				"down": {"uv": [1.5, 8.5, 1, 9], "texture": "#1"}
			}
		}
	],
	"display": {
		"head": {
			"rotation": [0, -180, 0],
			"translation": [0, -69.5, -1.25],
			"scale": [2, 2, 2]
		}
	},
	"groups": [
		{
			"name": "osn",
			"origin": [8, 14, 5.5],
			"color": 0,
			"children": [
				0,
				{
					"name": "bc",
					"origin": [8, 14, 3.5],
					"color": 0,
					"children": [
						1,
						{
							"name": "sc",
							"origin": [8, 13.9, 1.5],
							"color": 0,
							"children": [
								2,
								{
									"name": "hv",
									"origin": [7.9, 14, 0.7],
									"color": 0,
									"children": [3]
								}
							]
						}
					]
				}
			]
		},
		{
			"name": "bone5",
			"origin": [8, 0, 8],
			"color": 0,
			"children": [4, 5]
		}
	]
}