{
	"credit": "Made with Blockbench",
	"texture_size": [64, 64],
	"textures": {
		"2": "item/svinhurt"
	},
	"elements": [
		{
			"from": [9, 0, 8],
			"to": [12, 3, 11],
			"rotation": {"angle": 0, "axis": "y", "origin": [8, 0, 8]},
			"faces": {
				"north": {"uv": [9.75, 4, 10.5, 4.75], "texture": "#2"},
				"east": {"uv": [9, 4, 9.75, 4.75], "texture": "#2"},
				"south": {"uv": [11.25, 4, 12, 4.75], "texture": "#2"},
				"west": {"uv": [10.5, 4, 11.25, 4.75], "texture": "#2"},
				"up": {"uv": [10.5, 4, 9.75, 3.25], "texture": "#2"},
				"down": {"uv": [11.25, 3.25, 10.5, 4], "texture": "#2"}
			}
		},
		{
			"from": [6, 0, 8],
			"to": [9, 3, 11],
			"rotation": {"angle": 0, "axis": "y", "origin": [8, 0, 8]},
			"faces": {
				"north": {"uv": [6.75, 4, 7.5, 4.75], "texture": "#2"},
				"east": {"uv": [6, 4, 6.75, 4.75], "texture": "#2"},
				"south": {"uv": [8.25, 4, 9, 4.75], "texture": "#2"},
				"west": {"uv": [7.5, 4, 8.25, 4.75], "texture": "#2"},
				"up": {"uv": [7.5, 4, 6.75, 3.25], "texture": "#2"},
				"down": {"uv": [8.25, 3.25, 7.5, 4], "texture": "#2"}
			}
		},
		{
			"from": [4, 3, 8],
			"to": [6, 10, 11],
			"rotation": {"angle": 0, "axis": "y", "origin": [8, 0, 8]},
			"faces": {
				"north": {"uv": [0.75, 0.75, 1.25, 2.5], "texture": "#2"},
				"east": {"uv": [0, 0.75, 0.75, 2.5], "texture": "#2"},
				"south": {"uv": [2, 0.75, 2.5, 2.5], "texture": "#2"},
				"west": {"uv": [1.25, 0.75, 2, 2.5], "texture": "#2"},
				"up": {"uv": [1.25, 0.75, 0.75, 0], "texture": "#2"},
				"down": {"uv": [1.75, 0, 1.25, 0.75], "texture": "#2"}
			}
		},
		{
			"from": [7, 11, 5],
			"to": [11, 14, 6],
			"rotation": {"angle": 0, "axis": "y", "origin": [8, 0, 8]},
			"faces": {
				"north": {"uv": [9.75, 8.25, 10.75, 9], "texture": "#2"},
				"east": {"uv": [9.5, 8.25, 9.75, 9], "texture": "#2"},
				"south": {"uv": [11, 8.25, 12, 9], "texture": "#2"},
				"west": {"uv": [10.75, 8.25, 11, 9], "texture": "#2"},
				"up": {"uv": [10.75, 8.25, 9.75, 8], "texture": "#2"},
				"down": {"uv": [11.75, 8, 10.75, 8.25], "texture": "#2"}
			}
		},
		{
			"from": [-1.65798, 12.06031, 8],
			"to": [-0.65798, 17.06031, 12],
			"rotation": {"angle": -22.5, "axis": "z", "origin": [2.34202, 0.06031, 8]},
			"faces": {
				"north": {"uv": [9, 9, 9.25, 10.25], "texture": "#2"},
				"east": {"uv": [8, 9, 9, 10.25], "texture": "#2"},
				"south": {"uv": [10.25, 9, 10.5, 10.25], "texture": "#2"},
				"west": {"uv": [9.25, 9, 10.25, 10.25], "texture": "#2"},
				"up": {"uv": [9.25, 9, 9, 8], "texture": "#2"},
				"down": {"uv": [9.5, 8, 9.25, 9], "texture": "#2"}
			}
		},
		{
			"from": [18.65798, 11.06031, 8],
			"to": [19.65798, 16.06031, 12],
			"rotation": {"angle": 22.5, "axis": "z", "origin": [13.65798, -0.93969, 8]},
			"faces": {
				"north": {"uv": [6.5, 9, 6.75, 10.25], "texture": "#2"},
				"east": {"uv": [5.5, 9, 6.5, 10.25], "texture": "#2"},
				"south": {"uv": [7.75, 9, 8, 10.25], "texture": "#2"},
				"west": {"uv": [6.75, 9, 7.75, 10.25], "texture": "#2"},
				"up": {"uv": [6.75, 9, 6.5, 8], "texture": "#2"},
				"down": {"uv": [7, 8, 6.75, 9], "texture": "#2"}
			}
		},
		{
			"from": [5, 19, 6],
			"to": [13, 22, 14],
			"rotation": {"angle": 0, "axis": "y", "origin": [8, -1, 7]},
			"faces": {
				"north": {"uv": [8, 7.25, 10, 8], "texture": "#2"},
				"east": {"uv": [6, 7.25, 8, 8], "texture": "#2"},
				"south": {"uv": [12, 7.25, 14, 8], "texture": "#2"},
				"west": {"uv": [10, 7.25, 12, 8], "texture": "#2"},
				"up": {"uv": [10, 7.25, 8, 5.25], "texture": "#2"},
				"down": {"uv": [12, 5.25, 10, 7.25], "texture": "#2"}
			}
		},
		{
			"from": [4, 16, 5],
			"to": [14, 19, 15],
			"rotation": {"angle": 0, "axis": "y", "origin": [8, -2, 8]},
			"faces": {
				"north": {"uv": [2.5, 2.5, 5, 3.25], "texture": "#2"},
				"east": {"uv": [0, 2.5, 2.5, 3.25], "texture": "#2"},
				"south": {"uv": [7.5, 2.5, 10, 3.25], "texture": "#2"},
				"west": {"uv": [5, 2.5, 7.5, 3.25], "texture": "#2"},
				"up": {"uv": [5, 2.5, 2.5, 0], "texture": "#2"},
				"down": {"uv": [7.5, 0, 5, 2.5], "texture": "#2"}
			}
		},
		{
			"from": [5, 10, 6],
			"to": [13, 18, 14],
			"rotation": {"angle": 0, "axis": "y", "origin": [8, 0, 8]},
			"faces": {
				"north": {"uv": [2, 5.25, 4, 7.25], "texture": "#2"},
				"east": {"uv": [0, 5.25, 2, 7.25], "texture": "#2"},
				"south": {"uv": [6, 5.25, 8, 7.25], "texture": "#2"},
				"west": {"uv": [4, 5.25, 6, 7.25], "texture": "#2"},
				"up": {"uv": [4, 5.25, 2, 3.25], "texture": "#2"},
				"down": {"uv": [6, 3.25, 4, 5.25], "texture": "#2"}
			}
		},
		{
			"from": [12, 3, 8],
			"to": [14, 10, 11],
			"rotation": {"angle": 0, "axis": "y", "origin": [8, 0, 8]},
			"faces": {
				"north": {"uv": [8.25, 0.75, 8.75, 2.5], "texture": "#2"},
				"east": {"uv": [7.5, 0.75, 8.25, 2.5], "texture": "#2"},
				"south": {"uv": [9.5, 0.75, 10, 2.5], "texture": "#2"},
				"west": {"uv": [8.75, 0.75, 9.5, 2.5], "texture": "#2"},
				"up": {"uv": [8.75, 0.75, 8.25, 0], "texture": "#2"},
				"down": {"uv": [9.25, 0, 8.75, 0.75], "texture": "#2"}
			}
		},
		{
			"from": [5.7, 2.7, 7.7],
			"to": [12.3, 10.3, 11.3],
			"rotation": {"angle": 0, "axis": "y", "origin": [8, 0, 8]},
			"faces": {
				"north": {"uv": [1.25, 8, 2.75, 9.75], "texture": "#2"},
				"east": {"uv": [0.5, 8, 1.25, 9.75], "texture": "#2"},
				"south": {"uv": [3.5, 8, 5, 9.75], "texture": "#2"},
				"west": {"uv": [2.75, 8, 3.5, 9.75], "texture": "#2"},
				"up": {"uv": [2.75, 8, 1.25, 7.25], "texture": "#2"},
				"down": {"uv": [4.25, 7.25, 2.75, 8], "texture": "#2"}
			}
		}
	],
	"display": {
		"firstperson_righthand": {
			"rotation": [0, 142, 0],
			"translation": [8, 0, -9.5]
		},
		"head": {
			"translation": [-2.5, -23, -3.5],
			"scale": [2.5, 2.5, 2.5]
		}
	},
	"groups": [
		{
			"name": "body",
			"origin": [5, 15, 10],
			"color": 0,
			"children": [
				{
					"name": "right_leg",
					"origin": [10.25, 2, 8],
					"color": 0,
					"children": [0]
				},
				{
					"name": "left_leg",
					"origin": [7.5, 2, 9],
					"color": 0,
					"children": [1]
				},
				{
					"name": "right_hand",
					"origin": [5, 8, 9.25],
					"color": 0,
					"children": [2]
				},
				{
					"name": "head",
					"origin": [9, 12.25, 11],
					"color": 0,
					"children": [
						{
							"name": "noose",
							"origin": [11, 11.25, 8],
							"color": 0,
							"children": [
								3,
								{
									"name": "uxopr",
									"origin": [5, 16, 10],
									"color": 0,
									"children": [4]
								},
								{
									"name": "uxole",
									"origin": [13, 16, 10],
									"color": 0,
									"children": [5]
								},
								{
									"name": "hat",
									"origin": [9, 20, 10],
									"color": 0,
									"children": [6, 7]
								}
							]
						},
						8
					]
				},
				{
					"name": "left_hand",
					"origin": [12, 9, 9.5],
					"color": 0,
					"children": [9]
				},
				10
			]
		}
	]
}