{
	"credit": "Made with Blockbench",
	"texture_size": [32, 32],
	"textures": {
		"0": "item/waffle"
	},
	"elements": [
		{
			"name": "osnova",
			"from": [5.1, 9.1, 6.1],
			"to": [10.9, 9.9, 11.9],
			"rotation": {"angle": -22.5, "axis": "x", "origin": [8, 0, 8]},
			"faces": {
				"north": {"uv": [3, 3, 6, 3.5], "texture": "#0"},
				"east": {"uv": [0, 3, 3, 3.5], "texture": "#0"},
				"south": {"uv": [9, 3, 12, 3.5], "texture": "#0"},
				"west": {"uv": [6, 3, 9, 3.5], "texture": "#0"},
				"up": {"uv": [6, 3, 3, 0], "texture": "#0"},
				"down": {"uv": [9, 0, 6, 3], "texture": "#0"}
			}
		},
		{
			"name": "1",
			"from": [5.21, 8.71, 6.21],
			"to": [10.79, 10.29, 6.79],
			"rotation": {"angle": -22.5, "axis": "x", "origin": [8, -0.5, 8]},
			"faces": {
				"north": {"uv": [7.5, 10.5, 10.5, 11.5], "texture": "#0"},
				"east": {"uv": [7, 10.5, 7.5, 11.5], "texture": "#0"},
				"south": {"uv": [11, 10.5, 14, 11.5], "texture": "#0"},
				"west": {"uv": [10.5, 10.5, 11, 11.5], "texture": "#0"},
				"up": {"uv": [10.5, 10.5, 7.5, 10], "texture": "#0"},
				"down": {"uv": [13.5, 10, 10.5, 10.5], "texture": "#0"}
			}
		},
		{
			"name": "2",
			"from": [5.21, 8.71, 11.21],
			"to": [10.79, 10.29, 11.79],
			"rotation": {"angle": -22.5, "axis": "x", "origin": [8, -0.5, 8]},
			"faces": {
				"north": {"uv": [9.5, 2, 12.5, 3], "texture": "#0"},
				"east": {"uv": [9, 2, 9.5, 3], "texture": "#0"},
				"south": {"uv": [13, 2, 16, 3], "texture": "#0"},
				"west": {"uv": [12.5, 2, 13, 3], "texture": "#0"},
				"up": {"uv": [12.5, 2, 9.5, 1.5], "texture": "#0"},
				"down": {"uv": [15.5, 1.5, 12.5, 2], "texture": "#0"}
			}
		},
		{
			"name": "3_1",
			"from": [5.21, 8.71, 9.71],
			"to": [10.79, 10.29, 10.29],
			"rotation": {"angle": -22.5, "axis": "x", "origin": [8, -0.5, 8]},
			"faces": {
				"north": {"uv": [9.5, 0.5, 12.5, 1.5], "texture": "#0"},
				"east": {"uv": [9, 0.5, 9.5, 1.5], "texture": "#0"},
				"south": {"uv": [13, 0.5, 16, 1.5], "texture": "#0"},
				"west": {"uv": [12.5, 0.5, 13, 1.5], "texture": "#0"},
				"up": {"uv": [12.5, 0.5, 9.5, 0], "texture": "#0"},
				"down": {"uv": [15.5, 0, 12.5, 0.5], "texture": "#0"}
			}
		},
		{
			"name": "4_1",
			"from": [5.21, 8.71, 7.71],
			"to": [10.79, 10.29, 8.29],
			"rotation": {"angle": -22.5, "axis": "x", "origin": [8, -0.5, 8]},
			"faces": {
				"north": {"uv": [4.5, 9, 7.5, 10], "texture": "#0"},
				"east": {"uv": [4, 9, 4.5, 10], "texture": "#0"},
				"south": {"uv": [8, 9, 11, 10], "texture": "#0"},
				"west": {"uv": [7.5, 9, 8, 10], "texture": "#0"},
				"up": {"uv": [7.5, 9, 4.5, 8.5], "texture": "#0"},
				"down": {"uv": [10.5, 8.5, 7.5, 9], "texture": "#0"}
			}
		},
		{
			"name": "3",
			"from": [10.2, 8.7, 6.2],
			"to": [10.8, 10.3, 11.8],
			"rotation": {"angle": -22.5, "axis": "x", "origin": [8, -0.5, 8]},
			"faces": {
				"north": {"uv": [11, 6.5, 11.5, 7.5], "texture": "#0"},
				"east": {"uv": [8, 6.5, 11, 7.5], "texture": "#0"},
				"south": {"uv": [14.5, 6.5, 15, 7.5], "texture": "#0"},
				"west": {"uv": [11.5, 6.5, 14.5, 7.5], "texture": "#0"},
				"up": {"uv": [11.5, 6.5, 11, 3.5], "texture": "#0"},
				"down": {"uv": [12, 3.5, 11.5, 6.5], "texture": "#0"}
			}
		},
		{
			"name": "4_2",
			"from": [8.7, 8.7, 6.2],
			"to": [9.3, 10.3, 11.8],
			"rotation": {"angle": -22.5, "axis": "x", "origin": [8, -0.5, 8]},
			"faces": {
				"north": {"uv": [7, 7.5, 7.5, 8.5], "texture": "#0"},
				"east": {"uv": [4, 7.5, 7, 8.5], "texture": "#0"},
				"south": {"uv": [10.5, 7.5, 11, 8.5], "texture": "#0"},
				"west": {"uv": [7.5, 7.5, 10.5, 8.5], "texture": "#0"},
				"up": {"uv": [7.5, 7.5, 7, 4.5], "texture": "#0"},
				"down": {"uv": [8, 4.5, 7.5, 7.5], "texture": "#0"}
			}
		},
		{
			"name": "5_1",
			"from": [6.7, 8.7, 6.2],
			"to": [7.3, 10.3, 11.8],
			"rotation": {"angle": -22.5, "axis": "x", "origin": [8, -0.5, 8]},
			"faces": {
				"north": {"uv": [3, 6.5, 3.5, 7.5], "texture": "#0"},
				"east": {"uv": [0, 6.5, 3, 7.5], "texture": "#0"},
				"south": {"uv": [6.5, 6.5, 7, 7.5], "texture": "#0"},
				"west": {"uv": [3.5, 6.5, 6.5, 7.5], "texture": "#0"},
				"up": {"uv": [3.5, 6.5, 3, 3.5], "texture": "#0"},
				"down": {"uv": [4, 3.5, 3.5, 6.5], "texture": "#0"}
			}
		},
		{
			"name": "4",
			"from": [5.2, 8.7, 6.2],
			"to": [5.8, 10.3, 11.8],
			"rotation": {"angle": -22.5, "axis": "x", "origin": [8, -0.5, 8]},
			"faces": {
				"north": {"uv": [3, 10.5, 3.5, 11.5], "texture": "#0"},
				"east": {"uv": [0, 10.5, 3, 11.5], "texture": "#0"},
				"south": {"uv": [6.5, 10.5, 7, 11.5], "texture": "#0"},
				"west": {"uv": [3.5, 10.5, 6.5, 11.5], "texture": "#0"},
				"up": {"uv": [3.5, 10.5, 3, 7.5], "texture": "#0"},
				"down": {"uv": [4, 7.5, 3.5, 10.5], "texture": "#0"}
			}
		},
		{
			"name": "1",
			"from": [9.2, 9.95, 6.2],
			"to": [9.8, 10.55, 6.8],
			"rotation": {"angle": 0, "axis": "y", "origin": [9, -1, 4]},
			"faces": {
				"north": {"uv": [0.5, 5.5, 1, 6], "texture": "#0"},
				"east": {"uv": [0, 5.5, 0.5, 6], "texture": "#0"},
				"south": {"uv": [1.5, 5.5, 2, 6], "texture": "#0"},
				"west": {"uv": [1, 5.5, 1.5, 6], "texture": "#0"},
				"up": {"uv": [1, 5.5, 0.5, 5], "texture": "#0"},
				"down": {"uv": [1.5, 5, 1, 5.5], "texture": "#0"}
			}
		},
		{
			"name": "2",
			"from": [5.95, 8.95, 4.95],
			"to": [6.55, 9.55, 5.55],
			"rotation": {"angle": 0, "axis": "y", "origin": [8, -2, 4]},
			"faces": {
				"north": {"uv": [4.5, 5, 5, 5.5], "texture": "#0"},
				"east": {"uv": [4, 5, 4.5, 5.5], "texture": "#0"},
				"south": {"uv": [5.5, 5, 6, 5.5], "texture": "#0"},
				"west": {"uv": [5, 5, 5.5, 5.5], "texture": "#0"},
				"up": {"uv": [5, 5, 4.5, 4.5], "texture": "#0"},
				"down": {"uv": [5.5, 4.5, 5, 5], "texture": "#0"}
			}
		},
		{
			"name": "3",
			"from": [8.7, 10.2, 6.7],
			"to": [9.3, 10.8, 7.3],
			"rotation": {"angle": 0, "axis": "y", "origin": [8, -1, 8]},
			"faces": {
				"north": {"uv": [4.5, 4, 5, 4.5], "texture": "#0"},
				"east": {"uv": [4, 4, 4.5, 4.5], "texture": "#0"},
				"south": {"uv": [5.5, 4, 6, 4.5], "texture": "#0"},
				"west": {"uv": [5, 4, 5.5, 4.5], "texture": "#0"},
				"up": {"uv": [5, 4, 4.5, 3.5], "texture": "#0"},
				"down": {"uv": [5.5, 3.5, 5, 4], "texture": "#0"}
			}
		},
		{
			"name": "1",
			"from": [6.25, 10.25, 5.75],
			"to": [7.25, 11.25, 6.75],
			"rotation": {"angle": 0, "axis": "y", "origin": [6.25, -0.75, 5.5]},
			"faces": {
				"north": {"uv": [6.5, 4, 7, 4.5], "texture": "#0"},
				"east": {"uv": [6, 4, 6.5, 4.5], "texture": "#0"},
				"south": {"uv": [7.5, 4, 8, 4.5], "texture": "#0"},
				"west": {"uv": [7, 4, 7.5, 4.5], "texture": "#0"},
				"up": {"uv": [7, 4, 6.5, 3.5], "texture": "#0"},
				"down": {"uv": [7.5, 3.5, 7, 4], "texture": "#0"}
			}
		},
		{
			"name": "2",
			"from": [6.45, 9.95, 5.95],
			"to": [7.05, 10.55, 6.55],
			"rotation": {"angle": 0, "axis": "y", "origin": [6.25, -0.75, 5.5]},
			"faces": {
				"north": {"uv": [9, 4, 9.5, 4.5], "texture": "#0"},
				"east": {"uv": [8.5, 4, 9, 4.5], "texture": "#0"},
				"south": {"uv": [10, 4, 10.5, 4.5], "texture": "#0"},
				"west": {"uv": [9.5, 4, 10, 4.5], "texture": "#0"},
				"up": {"uv": [9.5, 4, 9, 3.5], "texture": "#0"},
				"down": {"uv": [10, 3.5, 9.5, 4], "texture": "#0"}
			}
		},
		{
			"name": "1",
			"from": [6.25, 11.25, 6.25],
			"to": [7.25, 12.25, 6.25],
			"rotation": {"angle": 0, "axis": "y", "origin": [6.25, -0.75, 5.5]},
			"faces": {
				"north": {"uv": [0, 7.5, 0.5, 8], "texture": "#0"},
				"east": {"uv": [0, 7.5, 0, 8], "texture": "#0"},
				"south": {"uv": [0.5, 7.5, 1, 8], "texture": "#0"},
				"west": {"uv": [0.5, 7.5, 0.5, 8], "texture": "#0"},
				"up": {"uv": [0.5, 7.5, 0, 7.5], "texture": "#0"},
				"down": {"uv": [1, 7.5, 0.5, 7.5], "texture": "#0"}
			}
		},
		{
			"name": "2",
			"from": [6.75, 11.25, 5.75],
			"to": [6.75, 12.25, 6.75],
			"rotation": {"angle": 0, "axis": "y", "origin": [6.25, -0.75, 5.5]},
			"faces": {
				"north": {"uv": [0.5, 7.5, 0.5, 8], "texture": "#0"},
				"east": {"uv": [0, 7.5, 0.5, 8], "texture": "#0"},
				"south": {"uv": [1, 7.5, 1, 8], "texture": "#0"},
				"west": {"uv": [0.5, 7.5, 1, 8], "texture": "#0"},
				"up": {"uv": [0.5, 7.5, 0.5, 7], "texture": "#0"},
				"down": {"uv": [0.5, 7, 0.5, 7.5], "texture": "#0"}
			}
		}
	],
	"display": {
		"head": {
			"translation": [21.5, -45, 0],
			"scale": [1, 1, 1]
		}
	},
	"groups": [
		{
			"name": "all",
			"origin": [8, 11, 9],
			"color": 0,
			"children": [
				{
					"name": "wallfes_1",
					"origin": [8, 10, 9],
					"color": 0,
					"children": [
						0,
						{
							"name": "bortiki",
							"origin": [8, -0.5, 8],
							"color": 0,
							"children": [1, 2, 3, 4, 5, 6, 7, 8]
						}
					]
				},
				{
					"name": "cream",
					"origin": [8, 10, 9],
					"color": 0,
					"children": [
						{
							"name": "cream_1",
							"origin": [7, 11, 11],
							"color": 0,
							"children": []
						},
						{
							"name": "cream_2",
							"origin": [8, 11, 11],
							"color": 0,
							"children": []
						}
					]
				},
				{
					"name": "blueberry",
					"origin": [8, 10, 8],
					"color": 0,
					"children": [
						{
							"name": "blueberry_1",
							"origin": [9.8, 10.55, 10.2],
							"color": 0,
							"children": [9]
						},
						{
							"name": "blueberry_2",
							"origin": [6.55, 10.55, 8.7],
							"color": 0,
							"children": [10]
						},
						{
							"name": "blueberry_3",
							"origin": [9.05, 10.8, 7.05],
							"color": 0,
							"children": [11]
						}
					]
				},
				{
					"name": "strawberry",
					"origin": [5.25, 10.25, 9.5],
					"color": 0,
					"children": [
						{
							"name": "red",
							"origin": [6.25, -0.75, 8.5],
							"color": 0,
							"children": [12, 13]
						},
						{
							"name": "green",
							"origin": [6.25, -0.75, 8.5],
							"color": 0,
							"children": [14, 15]
						}
					]
				}
			]
		}
	]
}