{
	"credit": "Made with Blockbench",
	"texture_size": [32, 32],
	"textures": {
		"0": "item/weight",
		"particle": "item/weight"
	},
	"elements": [
		{
			"from": [-1.45, -1.25, 4.75],
			"to": [5.05, 5.25, 11.25],
			"faces": {
				"north": {"uv": [6, 0, 7.5, 2], "texture": "#0"},
				"east": {"uv": [0, 4, 2, 6], "texture": "#0"},
				"south": {"uv": [2, 6, 3.5, 8], "texture": "#0"},
				"west": {"uv": [2, 4, 4, 6], "texture": "#0"},
				"up": {"uv": [7.5, 4, 6, 2], "texture": "#0"},
				"down": {"uv": [5, 6, 3.5, 8], "texture": "#0"}
			}
		},
		{
			"from": [-2, -0.5, 5.5],
			"to": [6, 4.5, 10.5],
			"faces": {
				"north": {"uv": [6, 0, 7.5, 2], "texture": "#0"},
				"east": {"uv": [0, 4, 2, 6], "texture": "#0"},
				"south": {"uv": [2, 6, 3.5, 8], "texture": "#0"},
				"west": {"uv": [2, 4, 4, 6], "texture": "#0"},
				"up": {"uv": [7.5, 4, 6, 2], "texture": "#0"},
				"down": {"uv": [5, 6, 3.5, 8], "texture": "#0"}
			}
		},
		{
			"from": [10.95, -1.25, 4.75],
			"to": [17.45, 5.25, 11.25],
			"faces": {
				"north": {"uv": [6, 4, 7.5, 6], "texture": "#0"},
				"east": {"uv": [4, 4, 6, 6], "texture": "#0"},
				"south": {"uv": [5, 6, 6.5, 8], "texture": "#0"},
				"west": {"uv": [0, 6, 2, 8], "texture": "#0"},
				"up": {"uv": [8, 8, 6.5, 6], "texture": "#0"},
				"down": {"uv": [9, 0, 7.5, 2], "texture": "#0"}
			}
		},
		{
			"from": [10, -0.5, 5.5],
			"to": [18, 4.5, 10.5],
			"faces": {
				"north": {"uv": [6, 4, 7.5, 6], "texture": "#0"},
				"east": {"uv": [4, 4, 6, 6], "texture": "#0"},
				"south": {"uv": [5, 6, 6.5, 8], "texture": "#0"},
				"west": {"uv": [0, 6, 2, 8], "texture": "#0"},
				"up": {"uv": [8, 8, 6.5, 6], "texture": "#0"},
				"down": {"uv": [9, 0, 7.5, 2], "texture": "#0"}
			}
		},
		{
			"from": [-2.9, 1.1, 7.1],
			"to": [18.9, 2.9, 8.9],
			"faces": {
				"north": {"uv": [0, 0, 6, 1], "texture": "#0"},
				"east": {"uv": [7.5, 2, 8.5, 3], "texture": "#0"},
				"south": {"uv": [0, 1, 6, 2], "texture": "#0"},
				"west": {"uv": [7.5, 3, 8.5, 4], "texture": "#0"},
				"up": {"uv": [6, 3, 0, 2], "texture": "#0"},
				"down": {"uv": [6, 3, 0, 4], "texture": "#0"}
			}
		}
	],
	"display": {
		"thirdperson_righthand": {
			"translation": [0, 6, 0.75]
		},
		"thirdperson_lefthand": {
			"translation": [0, 6, 0.75]
		},
		"firstperson_righthand": {
			"rotation": [30, 0, 0],
			"translation": [2.75, 4.75, -6]
		},
		"firstperson_lefthand": {
			"translation": [0, 7, 0]
		},
		"ground": {
			"translation": [0, 2.75, 0]
		},
		"gui": {
			"rotation": [0, 0, 45],
			"translation": [-3.25, 4, 0],
			"scale": [0.85, 0.85, 0.85]
		},
		"head": {
			"translation": [0, 17, -0.25]
		},
		"fixed": {
			"rotation": [0, 0, -45],
			"translation": [7.25, 7.75, 0],
			"scale": [1.8, 1.8, 1]
		}
	},
	"groups": [
		{
			"name": "group",
			"origin": [0, 0, 0],
			"color": 0,
			"children": [0, 1, 2, 3, 4]
		}
	]
}