{
	"credit": "Made with Blockbench",
	"texture_size": [64, 64],
	"textures": {
		"0": "item/backpack"
	},
	"elements": [
		{
			"from": [4, 12, 11],
			"to": [12, 18, 15],
			"rotation": {"angle": 0, "axis": "y", "origin": [8, 0, 8]},
			"faces": {
				"north": {"uv": [1, 6.75, 3, 8.25], "texture": "#0"},
				"east": {"uv": [0, 6.75, 1, 8.25], "texture": "#0"},
				"south": {"uv": [4, 6.75, 6, 8.25], "texture": "#0"},
				"west": {"uv": [3, 6.75, 4, 8.25], "texture": "#0"},
				"up": {"uv": [3, 6.75, 1, 5.75], "texture": "#0"},
				"down": {"uv": [5, 5.75, 3, 6.75], "texture": "#0"}
			}
		},
		{
			"from": [3, 7, 11],
			"to": [13, 12, 16],
			"rotation": {"angle": 0, "axis": "y", "origin": [8, 0, 8]},
			"faces": {
				"north": {"uv": [1.25, 1.25, 3.75, 2.5], "texture": "#0"},
				"east": {"uv": [0, 1.25, 1.25, 2.5], "texture": "#0"},
				"south": {"uv": [5, 1.25, 7.5, 2.5], "texture": "#0"},
				"west": {"uv": [3.75, 1.25, 5, 2.5], "texture": "#0"},
				"up": {"uv": [3.75, 1.25, 1.25, 0], "texture": "#0"},
				"down": {"uv": [6.25, 0, 3.75, 1.25], "texture": "#0"}
			}
		},
		{
			"from": [2.8, 8.05, 11.3],
			"to": [3.7, 10.95, 14.2],
			"rotation": {"angle": 0, "axis": "y", "origin": [7, -3, 8.25]},
			"faces": {
				"north": {"uv": [10, 1.75, 10.25, 2.5], "texture": "#0"},
				"east": {"uv": [9.25, 1.75, 10, 2.5], "texture": "#0"},
				"south": {"uv": [11, 1.75, 11.25, 2.5], "texture": "#0"},
				"west": {"uv": [10.25, 1.75, 11, 2.5], "texture": "#0"},
				"up": {"uv": [10.25, 1.75, 10, 1], "texture": "#0"},
				"down": {"uv": [10.5, 1, 10.25, 1.75], "texture": "#0"}
			}
		},
		{
			"from": [2, 18, 11],
			"to": [14, 21, 14],
			"rotation": {"angle": 0, "axis": "y", "origin": [8, 0, 8]},
			"faces": {
				"north": {"uv": [0.75, 5, 3.75, 5.75], "texture": "#0"},
				"east": {"uv": [0, 5, 0.75, 5.75], "texture": "#0"},
				"south": {"uv": [4.5, 5, 7.5, 5.75], "texture": "#0"},
				"west": {"uv": [3.75, 5, 4.5, 5.75], "texture": "#0"},
				"up": {"uv": [3.75, 5, 0.75, 4.25], "texture": "#0"},
				"down": {"uv": [6.75, 4.25, 3.75, 5], "texture": "#0"}
			}
		},
		{
			"from": [2, 4, 11],
			"to": [14, 7, 15],
			"rotation": {"angle": 0, "axis": "y", "origin": [8, 0, 8]},
			"faces": {
				"north": {"uv": [1, 3.5, 4, 4.25], "texture": "#0"},
				"east": {"uv": [0, 3.5, 1, 4.25], "texture": "#0"},
				"south": {"uv": [5, 3.5, 8, 4.25], "texture": "#0"},
				"west": {"uv": [4, 3.5, 5, 4.25], "texture": "#0"},
				"up": {"uv": [4, 3.5, 1, 2.5], "texture": "#0"},
				"down": {"uv": [7, 2.5, 4, 3.5], "texture": "#0"}
			}
		},
		{
			"from": [13.16378, 7.79526, 11.43665],
			"to": [15.16378, 11.79526, 13.43665],
			"rotation": {"angle": 0, "axis": "y", "origin": [9.25, -3, 8]},
			"faces": {
				"north": {"uv": [9.75, 7.75, 10.25, 8.75], "texture": "#0"},
				"east": {"uv": [9.25, 7.75, 9.75, 8.75], "texture": "#0"},
				"south": {"uv": [10.75, 7.75, 11.25, 8.75], "texture": "#0"},
				"west": {"uv": [10.25, 7.75, 10.75, 8.75], "texture": "#0"},
				"up": {"uv": [10.25, 7.75, 9.75, 7.25], "texture": "#0"},
				"down": {"uv": [10.75, 7.25, 10.25, 7.75], "texture": "#0"}
			}
		},
		{
			"from": [12.431, 7.75, 11.43665],
			"to": [15.431, 7.75, 13.43665],
			"rotation": {"angle": 0, "axis": "y", "origin": [9.25, -3, 8]},
			"faces": {
				"north": {"uv": [2.25, 8.75, 3, 8.75], "texture": "#0"},
				"east": {"uv": [1.75, 8.75, 2.25, 8.75], "texture": "#0"},
				"south": {"uv": [3.5, 8.75, 4.25, 8.75], "texture": "#0"},
				"west": {"uv": [3, 8.75, 3.5, 8.75], "texture": "#0"},
				"up": {"uv": [3, 8.75, 2.25, 8.25], "texture": "#0"},
				"down": {"uv": [3.75, 8.25, 3, 8.75], "texture": "#0"}
			}
		},
		{
			"from": [15.41258, 8.54506, 11.5002],
			"to": [15.41258, 9.54506, 13.5002],
			"rotation": {"angle": 0, "axis": "y", "origin": [9.25, -3, 8]},
			"faces": {
				"north": {"uv": [0.5, 0.75, 0.5, 1], "texture": "#0"},
				"east": {"uv": [0, 0.75, 0.5, 1], "texture": "#0"},
				"south": {"uv": [1, 0.75, 1, 1], "texture": "#0"},
				"west": {"uv": [0.5, 0.75, 1, 1], "texture": "#0"},
				"up": {"uv": [0.5, 0.75, 0.5, 0.25], "texture": "#0"},
				"down": {"uv": [0.5, 0.25, 0.5, 0.75], "texture": "#0"}
			}
		},
		{
			"from": [15.43, 8.54526, 11.42],
			"to": [15.43, 9.54526, 13.42],
			"rotation": {"angle": 0, "axis": "y", "origin": [9.25, -3, 8]},
			"faces": {
				"north": {"uv": [0.5, 0.75, 0.5, 1], "texture": "#0"},
				"east": {"uv": [0, 0.75, 0.5, 1], "texture": "#0"},
				"south": {"uv": [1, 0.75, 1, 1], "texture": "#0"},
				"west": {"uv": [0.5, 0.75, 1, 1], "texture": "#0"},
				"up": {"uv": [0.5, 0.75, 0.5, 0.25], "texture": "#0"},
				"down": {"uv": [0.5, 0.25, 0.5, 0.75], "texture": "#0"}
			}
		},
		{
			"from": [15.4301, 7.7501, 11.93675],
			"to": [15.4299, 8.7499, 12.93655],
			"rotation": {"angle": 0, "axis": "y", "origin": [9.25, -3, 8]},
			"faces": {
				"north": {"uv": [0.25, 1, 0.25, 1.25], "texture": "#0"},
				"east": {"uv": [0, 1, 0.25, 1.25], "texture": "#0"},
				"south": {"uv": [0.5, 1, 0.5, 1.25], "texture": "#0"},
				"west": {"uv": [0.25, 1, 0.5, 1.25], "texture": "#0"},
				"up": {"uv": [0.25, 1, 0.25, 0.75], "texture": "#0"},
				"down": {"uv": [0.25, 0.75, 0.25, 1], "texture": "#0"}
			}
		},
		{
			"from": [12.431, 8.54526, 11.42],
			"to": [15.431, 9.54526, 11.42],
			"rotation": {"angle": 0, "axis": "y", "origin": [9.25, -3, 8]},
			"faces": {
				"north": {"uv": [7, 2.75, 7.75, 3], "texture": "#0"},
				"east": {"uv": [7, 2.75, 7, 3], "texture": "#0"},
				"south": {"uv": [7.75, 2.75, 8.5, 3], "texture": "#0"},
				"west": {"uv": [7.75, 2.75, 7.75, 3], "texture": "#0"},
				"up": {"uv": [7.75, 2.75, 7, 2.75], "texture": "#0"},
				"down": {"uv": [8.5, 2.75, 7.75, 2.75], "texture": "#0"}
			}
		},
		{
			"from": [12.41398, 8.54546, 13.5002],
			"to": [15.41358, 9.54506, 13.4998],
			"rotation": {"angle": 0, "axis": "y", "origin": [9.25, -3, 8]},
			"faces": {
				"north": {"uv": [6.25, 1, 7, 1.25], "texture": "#0"},
				"east": {"uv": [6.25, 1, 6.25, 1.25], "texture": "#0"},
				"south": {"uv": [7, 1, 7.75, 1.25], "texture": "#0"},
				"west": {"uv": [7, 1, 7, 1.25], "texture": "#0"},
				"up": {"uv": [7, 1, 6.25, 1], "texture": "#0"},
				"down": {"uv": [7.75, 1, 7, 1], "texture": "#0"}
			}
		},
		{
			"from": [13.41378, 11.74526, 11.6],
			"to": [15.01378, 12.34526, 13.2],
			"rotation": {"angle": 0, "axis": "y", "origin": [9.25, -0.25, 8]},
			"faces": {
				"north": {"uv": [9.5, 10, 10, 10.25], "texture": "#0"},
				"east": {"uv": [9, 10, 9.5, 10.25], "texture": "#0"},
				"south": {"uv": [10.5, 10, 11, 10.25], "texture": "#0"},
				"west": {"uv": [10, 10, 10.5, 10.25], "texture": "#0"},
				"up": {"uv": [10, 10, 9.5, 9.5], "texture": "#0"},
				"down": {"uv": [10.5, 9.5, 10, 10], "texture": "#0"}
			}
		},
		{
			"from": [4, 18.09066, 14.68765],
			"to": [5, 21.09066, 14.68765],
			"rotation": {"angle": 0, "axis": "y", "origin": [8, 0.37256, 6.38788]},
			"faces": {
				"north": {"uv": [5, 5.75, 5.25, 6.5], "texture": "#0"},
				"east": {"uv": [5, 5.75, 5, 6.5], "texture": "#0"},
				"south": {"uv": [5.25, 5.75, 5.5, 6.5], "texture": "#0"},
				"west": {"uv": [5.25, 5.75, 5.25, 6.5], "texture": "#0"},
				"up": {"uv": [5.25, 5.75, 5, 5.75], "texture": "#0"},
				"down": {"uv": [5.5, 5.75, 5.25, 5.75], "texture": "#0"}
			}
		},
		{
			"from": [11, 18.09066, 14.68765],
			"to": [12, 21.09066, 14.68765],
			"rotation": {"angle": 0, "axis": "y", "origin": [8, 0.37256, 6.38788]},
			"faces": {
				"north": {"uv": [0.5, 5.75, 0.75, 6.5], "texture": "#0"},
				"east": {"uv": [0.5, 5.75, 0.5, 6.5], "texture": "#0"},
				"south": {"uv": [0.75, 5.75, 1, 6.5], "texture": "#0"},
				"west": {"uv": [0.75, 5.75, 0.75, 6.5], "texture": "#0"},
				"up": {"uv": [0.75, 5.75, 0.5, 5.75], "texture": "#0"},
				"down": {"uv": [1, 5.75, 0.75, 5.75], "texture": "#0"}
			}
		},
		{
			"from": [3.55397, 10.67192, 11.27],
			"to": [4.51397, 11.63192, 14.23],
			"rotation": {"angle": 0, "axis": "y", "origin": [8, 0, 8]},
			"faces": {
				"north": {"uv": [5.75, 6.5, 6, 6.75], "texture": "#0"},
				"east": {"uv": [5, 6.5, 5.75, 6.75], "texture": "#0"},
				"south": {"uv": [6.75, 6.5, 7, 6.75], "texture": "#0"},
				"west": {"uv": [6, 6.5, 6.75, 6.75], "texture": "#0"},
				"up": {"uv": [6, 6.5, 5.75, 5.75], "texture": "#0"},
				"down": {"uv": [6.25, 5.75, 6, 6.5], "texture": "#0"}
			}
		},
		{
			"from": [-0.85, 10.65, 12.4],
			"to": [-0.65, 11.85, 12.6],
			"rotation": {"angle": 0, "axis": "y", "origin": [8.5, 0.75, 8]},
			"faces": {
				"north": {"uv": [0.25, 2.75, 0.5, 3.25], "texture": "#0"},
				"east": {"uv": [0, 2.75, 0.25, 3.25], "texture": "#0"},
				"south": {"uv": [0.75, 2.75, 1, 3.25], "texture": "#0"},
				"west": {"uv": [0.5, 2.75, 0.75, 3.25], "texture": "#0"},
				"up": {"uv": [0.5, 2.75, 0.25, 2.5], "texture": "#0"},
				"down": {"uv": [0.75, 2.5, 0.5, 2.75], "texture": "#0"}
			}
		},
		{
			"from": [-1.25, 9.25, 12],
			"to": [-0.25, 11.25, 13],
			"rotation": {"angle": 0, "axis": "y", "origin": [8.5, 0.75, 8]},
			"faces": {
				"north": {"uv": [0.25, 0.25, 0.5, 0.75], "texture": "#0"},
				"east": {"uv": [0, 0.25, 0.25, 0.75], "texture": "#0"},
				"south": {"uv": [0.75, 0.25, 1, 0.75], "texture": "#0"},
				"west": {"uv": [0.5, 0.25, 0.75, 0.75], "texture": "#0"},
				"up": {"uv": [0.5, 0.25, 0.25, 0], "texture": "#0"},
				"down": {"uv": [0.75, 0, 0.5, 0.25], "texture": "#0"}
			}
		},
		{
			"from": [-3, 9.25, 13.75],
			"to": [-2, 14.25, 14.75],
			"rotation": {"angle": 0, "axis": "y", "origin": [8.5, 0.75, 8]},
			"faces": {
				"north": {"uv": [7.75, 10.25, 8, 11.5], "texture": "#0"},
				"east": {"uv": [7.5, 10.25, 7.75, 11.5], "texture": "#0"},
				"south": {"uv": [8.25, 10.25, 8.5, 11.5], "texture": "#0"},
				"west": {"uv": [8, 10.25, 8.25, 11.5], "texture": "#0"},
				"up": {"uv": [8, 10.25, 7.75, 10], "texture": "#0"},
				"down": {"uv": [8.25, 10, 8, 10.25], "texture": "#0"}
			}
		},
		{
			"from": [0.5, 9.25, 14],
			"to": [1.5, 14.25, 15],
			"rotation": {"angle": 0, "axis": "y", "origin": [8.5, 0.75, 8]},
			"faces": {
				"north": {"uv": [6.75, 10.25, 7, 11.5], "texture": "#0"},
				"east": {"uv": [6.5, 10.25, 6.75, 11.5], "texture": "#0"},
				"south": {"uv": [7.25, 10.25, 7.5, 11.5], "texture": "#0"},
				"west": {"uv": [7, 10.25, 7.25, 11.5], "texture": "#0"},
				"up": {"uv": [7, 10.25, 6.75, 10], "texture": "#0"},
				"down": {"uv": [7.25, 10, 7, 10.25], "texture": "#0"}
			}
		},
		{
			"from": [0.5, 9.25, 10.25],
			"to": [1.5, 14.25, 11.25],
			"rotation": {"angle": 0, "axis": "y", "origin": [8.5, 0.75, 8]},
			"faces": {
				"north": {"uv": [2.75, 10, 3, 11.25], "texture": "#0"},
				"east": {"uv": [2.5, 10, 2.75, 11.25], "texture": "#0"},
				"south": {"uv": [3.25, 10, 3.5, 11.25], "texture": "#0"},
				"west": {"uv": [3, 10, 3.25, 11.25], "texture": "#0"},
				"up": {"uv": [3, 10, 2.75, 9.75], "texture": "#0"},
				"down": {"uv": [3.25, 9.75, 3, 10], "texture": "#0"}
			}
		},
		{
			"from": [-3, 9.25, 10.25],
			"to": [-2, 14.25, 11.25],
			"rotation": {"angle": 0, "axis": "y", "origin": [8.5, 0.75, 8]},
			"faces": {
				"north": {"uv": [1.75, 10, 2, 11.25], "texture": "#0"},
				"east": {"uv": [1.5, 10, 1.75, 11.25], "texture": "#0"},
				"south": {"uv": [2.25, 10, 2.5, 11.25], "texture": "#0"},
				"west": {"uv": [2, 10, 2.25, 11.25], "texture": "#0"},
				"up": {"uv": [2, 10, 1.75, 9.75], "texture": "#0"},
				"down": {"uv": [2.25, 9.75, 2, 10], "texture": "#0"}
			}
		},
		{
			"from": [-3.25, 8.25, 10],
			"to": [1.75, 9.25, 15],
			"rotation": {"angle": 0, "axis": "y", "origin": [8.5, 0.75, 8]},
			"faces": {
				"north": {"uv": [8, 4.25, 9.25, 4.5], "texture": "#0"},
				"east": {"uv": [6.75, 4.25, 8, 4.5], "texture": "#0"},
				"south": {"uv": [10.5, 4.25, 11.75, 4.5], "texture": "#0"},
				"west": {"uv": [9.25, 4.25, 10.5, 4.5], "texture": "#0"},
				"up": {"uv": [9.25, 4.25, 8, 3], "texture": "#0"},
				"down": {"uv": [10.5, 3, 9.25, 4.25], "texture": "#0"}
			}
		},
		{
			"from": [-3.25, 14.25, 10],
			"to": [1.75, 15.25, 15],
			"rotation": {"angle": 0, "axis": "y", "origin": [8.5, 0.75, 8]},
			"faces": {
				"north": {"uv": [7.25, 7, 8.5, 7.25], "texture": "#0"},
				"east": {"uv": [6, 7, 7.25, 7.25], "texture": "#0"},
				"south": {"uv": [9.75, 7, 11, 7.25], "texture": "#0"},
				"west": {"uv": [8.5, 7, 9.75, 7.25], "texture": "#0"},
				"up": {"uv": [8.5, 7, 7.25, 5.75], "texture": "#0"},
				"down": {"uv": [9.75, 5.75, 8.5, 7], "texture": "#0"}
			}
		},
		{
			"from": [-2.25, 15.25, 11],
			"to": [0.75, 16.25, 14],
			"rotation": {"angle": 0, "axis": "y", "origin": [8.5, 0.75, 8]},
			"faces": {
				"north": {"uv": [7.25, 9.75, 8, 10], "texture": "#0"},
				"east": {"uv": [6.5, 9.75, 7.25, 10], "texture": "#0"},
				"south": {"uv": [8.75, 9.75, 9.5, 10], "texture": "#0"},
				"west": {"uv": [8, 9.75, 8.75, 10], "texture": "#0"},
				"up": {"uv": [8, 9.75, 7.25, 9], "texture": "#0"},
				"down": {"uv": [8.75, 9, 8, 9.75], "texture": "#0"}
			}
		},
		{
			"from": [-0.75, 16.25, 11],
			"to": [-0.75, 18.25, 14],
			"rotation": {"angle": 0, "axis": "y", "origin": [8.5, 0.75, 8]},
			"faces": {
				"north": {"uv": [7.25, 9.75, 7.25, 10.25], "texture": "#0"},
				"east": {"uv": [6.5, 9.75, 7.25, 10.25], "texture": "#0"},
				"south": {"uv": [8, 9.75, 8, 10.25], "texture": "#0"},
				"west": {"uv": [7.25, 9.75, 8, 10.25], "texture": "#0"},
				"up": {"uv": [7.25, 9.75, 7.25, 9], "texture": "#0"},
				"down": {"uv": [7.25, 9, 7.25, 9.75], "texture": "#0"}
			}
		},
		{
			"from": [-2.2499, 11.01496, 12.49966],
			"to": [0.7499, 13.01476, 12.49946],
			"rotation": {"angle": 0, "axis": "y", "origin": [8.5, 0.01486, 7.99956]},
			"faces": {
				"north": {"uv": [9.75, 0, 10.5, 0.5], "texture": "#0"},
				"east": {"uv": [9.75, 0, 9.75, 0.5], "texture": "#0"},
				"south": {"uv": [10.5, 0, 11.25, 0.5], "texture": "#0"},
				"west": {"uv": [10.5, 0, 10.5, 0.5], "texture": "#0"},
				"up": {"uv": [10.5, 0, 9.75, 0], "texture": "#0"},
				"down": {"uv": [11.25, 0, 10.5, 0], "texture": "#0"}
			}
		},
		{
			"from": [-0.75, 11.01486, 10.99956],
			"to": [-0.75, 13.01486, 13.99956],
			"rotation": {"angle": 0, "axis": "y", "origin": [8.25, 0.01486, 7.99956]},
			"faces": {
				"north": {"uv": [0.75, 9.75, 0.75, 10.25], "texture": "#0"},
				"east": {"uv": [0, 9.75, 0.75, 10.25], "texture": "#0"},
				"south": {"uv": [1.5, 9.75, 1.5, 10.25], "texture": "#0"},
				"west": {"uv": [0.75, 9.75, 1.5, 10.25], "texture": "#0"},
				"up": {"uv": [0.75, 9.75, 0.75, 9], "texture": "#0"},
				"down": {"uv": [0.75, 9, 0.75, 9.75], "texture": "#0"}
			}
		},
		{
			"from": [4.0001, 11.273, 15.85547],
			"to": [11.9999, 14.2728, 15.85527],
			"rotation": {"angle": 0, "axis": "y", "origin": [8, -3.5, 7.75]},
			"faces": {
				"north": {"uv": [7.5, 4.5, 9.5, 5.25], "texture": "#0"},
				"east": {"uv": [7.5, 4.5, 7.5, 5.25], "texture": "#0"},
				"south": {"uv": [9.5, 4.5, 11.5, 5.25], "texture": "#0"},
				"west": {"uv": [9.5, 4.5, 9.5, 5.25], "texture": "#0"},
				"up": {"uv": [9.5, 4.5, 7.5, 4.5], "texture": "#0"},
				"down": {"uv": [11.5, 4.5, 9.5, 4.5], "texture": "#0"}
			}
		},
		{
			"from": [5, 15.46528, 13.8882],
			"to": [11, 17.46528, 15.8882],
			"rotation": {"angle": 0, "axis": "y", "origin": [8, 0, 7.75]},
			"faces": {
				"north": {"uv": [6.75, 0.5, 8.25, 1], "texture": "#0"},
				"east": {"uv": [6.25, 0.5, 6.75, 1], "texture": "#0"},
				"south": {"uv": [8.75, 0.5, 10.25, 1], "texture": "#0"},
				"west": {"uv": [8.25, 0.5, 8.75, 1], "texture": "#0"},
				"up": {"uv": [8.25, 0.5, 6.75, 0], "texture": "#0"},
				"down": {"uv": [9.75, 0, 8.25, 0.5], "texture": "#0"}
			}
		},
		{
			"from": [-1.33854, 14.93872, 12],
			"to": [5.66146, 15.93872, 13],
			"rotation": {"angle": 0, "axis": "y", "origin": [10.74435, -3.22141, 8]},
			"faces": {
				"north": {"uv": [7.75, 5.5, 9.5, 5.75], "texture": "#0"},
				"east": {"uv": [7.5, 5.5, 7.75, 5.75], "texture": "#0"},
				"south": {"uv": [9.75, 5.5, 11.5, 5.75], "texture": "#0"},
				"west": {"uv": [9.5, 5.5, 9.75, 5.75], "texture": "#0"},
				"up": {"uv": [9.5, 5.5, 7.75, 5.25], "texture": "#0"},
				"down": {"uv": [11.25, 5.25, 9.5, 5.5], "texture": "#0"}
			}
		},
		{
			"from": [4, 17.16326, 14.98489],
			"to": [5, 18.16326, 14.98489],
			"rotation": {"angle": 0, "axis": "y", "origin": [8, 0.37256, 6.38788]},
			"faces": {
				"north": {"uv": [0.5, 3.25, 0.75, 3.5], "texture": "#0"},
				"east": {"uv": [0.5, 3.25, 0.5, 3.5], "texture": "#0"},
				"south": {"uv": [0.75, 3.25, 1, 3.5], "texture": "#0"},
				"west": {"uv": [0.75, 3.25, 0.75, 3.5], "texture": "#0"},
				"up": {"uv": [0.75, 3.25, 0.5, 3.25], "texture": "#0"},
				"down": {"uv": [1, 3.25, 0.75, 3.25], "texture": "#0"}
			}
		},
		{
			"from": [11, 17.16326, 14.98489],
			"to": [12, 18.16326, 14.98489],
			"rotation": {"angle": 0, "axis": "y", "origin": [8, 0.37256, 6.38788]},
			"faces": {
				"north": {"uv": [0, 3.25, 0.25, 3.5], "texture": "#0"},
				"east": {"uv": [0, 3.25, 0, 3.5], "texture": "#0"},
				"south": {"uv": [0.25, 3.25, 0.5, 3.5], "texture": "#0"},
				"west": {"uv": [0.25, 3.25, 0.25, 3.5], "texture": "#0"},
				"up": {"uv": [0.25, 3.25, 0, 3.25], "texture": "#0"},
				"down": {"uv": [0.5, 3.25, 0.25, 3.25], "texture": "#0"}
			}
		},
		{
			"from": [4, 3.90934, 15.68765],
			"to": [5, 6.90934, 15.68765],
			"rotation": {"angle": 0, "axis": "y", "origin": [8, 24.62744, 7.38788]},
			"faces": {
				"north": {"uv": [0, 5.75, 0.25, 6.5], "texture": "#0"},
				"east": {"uv": [0, 5.75, 0, 6.5], "texture": "#0"},
				"south": {"uv": [0.25, 5.75, 0.5, 6.5], "texture": "#0"},
				"west": {"uv": [0.25, 5.75, 0.25, 6.5], "texture": "#0"},
				"up": {"uv": [0.25, 5.75, 0, 5.75], "texture": "#0"},
				"down": {"uv": [0.5, 5.75, 0.25, 5.75], "texture": "#0"}
			}
		},
		{
			"from": [11, 3.90934, 15.68765],
			"to": [12, 6.90934, 15.68765],
			"rotation": {"angle": 0, "axis": "y", "origin": [8, 24.62744, 7.38788]},
			"faces": {
				"north": {"uv": [0, 4.25, 0.25, 5], "texture": "#0"},
				"east": {"uv": [0, 4.25, 0, 5], "texture": "#0"},
				"south": {"uv": [0.25, 4.25, 0.5, 5], "texture": "#0"},
				"west": {"uv": [0.25, 4.25, 0.25, 5], "texture": "#0"},
				"up": {"uv": [0.25, 4.25, 0, 4.25], "texture": "#0"},
				"down": {"uv": [0.5, 4.25, 0.25, 4.25], "texture": "#0"}
			}
		},
		{
			"from": [4, 6.83674, 15.98489],
			"to": [5, 7.83674, 15.98489],
			"rotation": {"angle": 0, "axis": "y", "origin": [8, 24.62744, 7.38788]},
			"faces": {
				"north": {"uv": [0.5, 1, 0.75, 1.25], "texture": "#0"},
				"east": {"uv": [0.5, 1, 0.5, 1.25], "texture": "#0"},
				"south": {"uv": [0.75, 1, 1, 1.25], "texture": "#0"},
				"west": {"uv": [0.75, 1, 0.75, 1.25], "texture": "#0"},
				"up": {"uv": [0.75, 1, 0.5, 1], "texture": "#0"},
				"down": {"uv": [1, 1, 0.75, 1], "texture": "#0"}
			}
		},
		{
			"from": [11, 6.83674, 15.98489],
			"to": [12, 7.83674, 15.98489],
			"rotation": {"angle": 0, "axis": "y", "origin": [8, 24.62744, 7.38788]},
			"faces": {
				"north": {"uv": [0.75, 0, 1, 0.25], "texture": "#0"},
				"east": {"uv": [0.75, 0, 0.75, 0.25], "texture": "#0"},
				"south": {"uv": [1, 0, 1.25, 0.25], "texture": "#0"},
				"west": {"uv": [1, 0, 1, 0.25], "texture": "#0"},
				"up": {"uv": [1, 0, 0.75, 0], "texture": "#0"},
				"down": {"uv": [1.25, 0, 1, 0], "texture": "#0"}
			}
		}
	],
	"display": {
		"head": {
			"translation": [0, -67.75, 0],
			"scale": [1.5, 1.5, 1.5]
		}
	},
	"groups": [
		{
			"name": "backpack",
			"origin": [8, 0, 8],
			"color": 0,
			"children": [
				{
					"name": "bone",
					"origin": [8, 0, 8],
					"color": 0,
					"children": []
				},
				0,
				1,
				2,
				{
					"name": "bone30",
					"origin": [8, 0, 7],
					"color": 0,
					"children": []
				}
			]
		},
		{
			"name": "lyamki",
			"origin": [8, 0, 8],
			"color": 0,
			"children": [
				{
					"name": "bone31",
					"origin": [9.5, -0.5, 8],
					"color": 0,
					"children": []
				},
				{
					"name": "bone37",
					"origin": [8, 0, 8.5],
					"color": 0,
					"children": []
				},
				{
					"name": "bone36",
					"origin": [8, 5, 4.25],
					"color": 0,
					"children": []
				},
				{
					"name": "bone35",
					"origin": [8, 0, 8.5],
					"color": 0,
					"children": []
				},
				{
					"name": "bone32",
					"origin": [6.5, -0.5, 8],
					"color": 0,
					"children": []
				}
			]
		},
		{
			"name": "bone2",
			"origin": [-1.25, 11, 12.5],
			"color": 0,
			"children": [3, 4]
		},
		{
			"name": "bone3",
			"origin": [14.75, 13.5, 9.65],
			"color": 0,
			"children": [5, 6, 7, 8, 9, 10, 11]
		},
		{
			"name": "bone4",
			"origin": [14.7, 16.25, 9.69],
			"color": 0,
			"children": [12]
		},
		{
			"name": "bone7",
			"origin": [8.5, 21, 14.75],
			"color": 0,
			"children": []
		},
		{
			"name": "bone6",
			"origin": [8.5, 18, 14],
			"color": 0,
			"children": []
		},
		{
			"name": "bone8",
			"origin": [12, 18, 14],
			"color": 0,
			"children": []
		},
		{
			"name": "bone9",
			"origin": [8, 9.60663, 15.76176],
			"color": 0,
			"children": []
		},
		{
			"name": "bone11",
			"origin": [8, 0, 8],
			"color": 0,
			"children": []
		},
		{
			"name": "bone12",
			"origin": [11, 10.25, 9.05],
			"color": 0,
			"children": []
		},
		{
			"name": "bone13",
			"origin": [5, 10.25, 9.05],
			"color": 0,
			"children": []
		},
		{
			"name": "bone14",
			"origin": [8.5, 24, 14.75],
			"color": 0,
			"children": []
		},
		{
			"name": "bone5",
			"origin": [8, 19.09257, 14.60141],
			"color": 0,
			"children": [13, 14]
		},
		{
			"name": "bone10",
			"origin": [3.25, 12.5, 12.5],
			"color": 0,
			"children": [15]
		},
		{
			"name": "bone16",
			"origin": [3.75, 15.75, 12.5],
			"color": 0,
			"children": [16, 17, 18, 19, 20, 21, 22, 23, 24, 25]
		},
		{
			"name": "bone19",
			"origin": [4, 15.25, 12],
			"color": 0,
			"children": [
				{
					"name": "bone17",
					"origin": [-0.75, 11.51486, 12.49956],
					"color": 0,
					"children": [26]
				},
				{
					"name": "bone18",
					"origin": [-0.75, 11.51486, 12.49956],
					"color": 0,
					"children": [27]
				}
			]
		},
		{
			"name": "bone20",
			"origin": [8, 12, 14.1],
			"color": 0,
			"children": [28]
		},
		{
			"name": "bone21",
			"origin": [8, 15.5, 14.1],
			"color": 0,
			"children": [29]
		},
		{
			"name": "bone15",
			"origin": [4, 15.5, 12.5],
			"color": 0,
			"children": [30]
		},
		{
			"name": "bone22",
			"origin": [8, 19.09257, 14.60141],
			"color": 0,
			"children": []
		},
		{
			"name": "bone23",
			"origin": [8, 19.09257, 14.60141],
			"color": 0,
			"children": [31, 32]
		},
		{
			"name": "bone24",
			"origin": [8, 5.90743, 15.60141],
			"color": 0,
			"children": [33, 34]
		},
		{
			"name": "bone25",
			"origin": [8, 5.90743, 15.60141],
			"color": 0,
			"children": [35, 36]
		},
		{
			"name": "bone27",
			"origin": [2.5, 14, 12.75],
			"color": 0,
			"children": []
		},
		{
			"name": "bone26",
			"origin": [-9.25, 2.75, 8],
			"color": 0,
			"children": []
		}
	]
}