{
	"credit": "Made with Blockbench",
	"texture_size": [64, 64],
	"textures": {
		"0": "item/cape"
	},
	"elements": [
		{
			"name": "left_arm",
			"from": [-0.55, 16.45, 5.45],
			"to": [4.55, 24.55, 10.55],
			"rotation": {"angle": 0, "axis": "y", "origin": [8, 0, 8]},
			"faces": {
				"north": {"uv": [10, 3.5, 8.75, 5.5], "texture": "#0"},
				"east": {"uv": [11.25, 3.5, 10, 5.5], "texture": "#0"},
				"south": {"uv": [12.5, 3.5, 11.25, 5.5], "texture": "#0"},
				"west": {"uv": [8.75, 3.5, 7.5, 5.5], "texture": "#0"},
				"up": {"uv": [8.75, 3.5, 10, 2.25], "texture": "#0"},
				"down": {"uv": [10, 2.25, 11.25, 3.5], "texture": "#0"}
			}
		},
		{
			"name": "left_arm",
			"from": [-0.8, 16.175, 5.2],
			"to": [4.8, 24.775, 10.8],
			"rotation": {"angle": 0, "axis": "y", "origin": [8, 0, 8]},
			"faces": {
				"north": {"uv": [10, 6.75, 8.75, 8.75], "texture": "#0"},
				"east": {"uv": [11.25, 6.75, 10, 8.75], "texture": "#0"},
				"south": {"uv": [12.5, 6.75, 11.25, 8.75], "texture": "#0"},
				"west": {"uv": [8.75, 6.75, 7.5, 8.75], "texture": "#0"},
				"up": {"uv": [8.75, 6.75, 10, 5.5], "texture": "#0"},
				"down": {"uv": [10, 5.5, 11.25, 6.75], "texture": "#0"}
			}
		},
		{
			"name": "right_arm",
			"from": [11.45, 16.45, 5.45],
			"to": [16.55, 24.55, 10.55],
			"rotation": {"angle": 0, "axis": "y", "origin": [8, 0, 8]},
			"faces": {
				"north": {"uv": [8.75, 3.5, 10, 5.5], "texture": "#0"},
				"east": {"uv": [7.5, 3.5, 8.75, 5.5], "texture": "#0"},
				"south": {"uv": [11.25, 3.5, 12.5, 5.5], "texture": "#0"},
				"west": {"uv": [10, 3.5, 11.25, 5.5], "texture": "#0"},
				"up": {"uv": [10, 3.5, 8.75, 2.25], "texture": "#0"},
				"down": {"uv": [11.25, 2.25, 10, 3.5], "texture": "#0"}
			}
		},
		{
			"name": "right_arm",
			"from": [11.2, 16.175, 5.2],
			"to": [16.8, 24.775, 10.8],
			"rotation": {"angle": 0, "axis": "y", "origin": [8, 0, 8]},
			"faces": {
				"north": {"uv": [8.75, 6.75, 10, 8.75], "texture": "#0"},
				"east": {"uv": [7.5, 6.75, 8.75, 8.75], "texture": "#0"},
				"south": {"uv": [11.25, 6.75, 12.5, 8.75], "texture": "#0"},
				"west": {"uv": [10, 6.75, 11.25, 8.75], "texture": "#0"},
				"up": {"uv": [10, 6.75, 8.75, 5.5], "texture": "#0"},
				"down": {"uv": [11.25, 5.5, 10, 6.75], "texture": "#0"}
			}
		},
		{
			"name": "body",
			"from": [3.25, 16.25, 5.25],
			"to": [12.75, 24.75, 10.75],
			"rotation": {"angle": 0, "axis": "y", "origin": [8, 24, 8]},
			"faces": {
				"north": {"uv": [1.25, 11, 3.5, 13], "texture": "#0"},
				"east": {"uv": [0, 11, 1.25, 13], "texture": "#0"},
				"south": {"uv": [4.75, 11, 7, 13], "texture": "#0"},
				"west": {"uv": [3.5, 11, 4.75, 13], "texture": "#0"},
				"up": {"uv": [3.5, 11, 1.25, 9.75], "texture": "#0"},
				"down": {"uv": [5.75, 9.75, 3.5, 11], "texture": "#0"}
			}
		},
		{
			"name": "body",
			"from": [3.5, 16.5, 5.5],
			"to": [12.5, 24.5, 10.5],
			"rotation": {"angle": 0, "axis": "y", "origin": [8, 24, 8]},
			"faces": {
				"north": {"uv": [1.25, 7.75, 3.5, 9.75], "texture": "#0"},
				"east": {"uv": [0, 7.75, 1.25, 9.75], "texture": "#0"},
				"south": {"uv": [4.75, 7.75, 7, 9.75], "texture": "#0"},
				"west": {"uv": [3.5, 7.75, 4.75, 9.75], "texture": "#0"},
				"up": {"uv": [3.5, 7.75, 1.25, 6.5], "texture": "#0"},
				"down": {"uv": [5.75, 6.5, 3.5, 7.75], "texture": "#0"}
			}
		},
		{
			"name": "body",
			"from": [3, 22.75, 7.55],
			"to": [13, 25.75, 12.55],
			"rotation": {"angle": 0, "axis": "y", "origin": [8, 24, 8]},
			"faces": {
				"north": {"uv": [1.25, 5.75, 3.75, 6.5], "texture": "#0"},
				"east": {"uv": [0, 5.75, 1.25, 6.5], "texture": "#0"},
				"south": {"uv": [5, 5.75, 7.5, 6.5], "texture": "#0"},
				"west": {"uv": [3.75, 5.75, 5, 6.5], "texture": "#0"},
				"up": {"uv": [3.75, 5.75, 1.25, 4.5], "texture": "#0"},
				"down": {"uv": [6.25, 4.5, 3.75, 5.75], "texture": "#0"}
			}
		},
		{
			"name": "body",
			"from": [2.65, 22.4, 7.2],
			"to": [13.35, 26.1, 12.9],
			"rotation": {"angle": 0, "axis": "y", "origin": [8, 24, 8]},
			"faces": {
				"north": {"uv": [1.25, 3.75, 3.75, 4.5], "texture": "#0"},
				"east": {"uv": [0, 3.75, 1.25, 4.5], "texture": "#0"},
				"south": {"uv": [5, 3.75, 7.5, 4.5], "texture": "#0"},
				"west": {"uv": [3.75, 3.75, 5, 4.5], "texture": "#0"},
				"up": {"uv": [3.75, 3.75, 1.25, 2.5], "texture": "#0"},
				"down": {"uv": [6.25, 2.5, 3.75, 3.75], "texture": "#0"}
			}
		},
		{
			"name": "fire_1",
			"from": [7.5, 20.7, 17],
			"to": [12.5, 30.7, 17],
			"rotation": {"angle": 45, "axis": "y", "origin": [10, 27, 11]},
			"faces": {
				"north": {"uv": [7, 8.75, 8.25, 11.25], "texture": "#0"},
				"east": {"uv": [7, 8.75, 7, 11.25], "texture": "#0"},
				"south": {"uv": [8.25, 8.75, 9.5, 11.25], "texture": "#0"},
				"west": {"uv": [8.25, 8.75, 8.25, 11.25], "texture": "#0"},
				"up": {"uv": [8.25, 8.75, 7, 8.75], "texture": "#0"},
				"down": {"uv": [9.5, 8.75, 8.25, 8.75], "texture": "#0"}
			}
		},
		{
			"name": "fire_2",
			"from": [5, 21.7, 17],
			"to": [10, 31.7, 17],
			"rotation": {"angle": 0, "axis": "y", "origin": [7, 28, 11]},
			"faces": {
				"north": {"uv": [7, 8.75, 8.25, 11.25], "texture": "#0"},
				"east": {"uv": [7, 8.75, 7, 11.25], "texture": "#0"},
				"south": {"uv": [8.25, 8.75, 9.5, 11.25], "texture": "#0"},
				"west": {"uv": [8.25, 8.75, 8.25, 11.25], "texture": "#0"},
				"up": {"uv": [8.25, 8.75, 7, 8.75], "texture": "#0"},
				"down": {"uv": [9.5, 8.75, 8.25, 8.75], "texture": "#0"}
			}
		},
		{
			"name": "fire_2",
			"from": [11.5, 15.7, 13],
			"to": [16.5, 25.7, 13],
			"rotation": {"angle": 45, "axis": "y", "origin": [14, 22, 7]},
			"faces": {
				"north": {"uv": [7, 8.75, 8.25, 11.25], "texture": "#0"},
				"east": {"uv": [7, 8.75, 7, 11.25], "texture": "#0"},
				"south": {"uv": [8.25, 8.75, 9.5, 11.25], "texture": "#0"},
				"west": {"uv": [8.25, 8.75, 8.25, 11.25], "texture": "#0"},
				"up": {"uv": [8.25, 8.75, 7, 8.75], "texture": "#0"},
				"down": {"uv": [9.5, 8.75, 8.25, 8.75], "texture": "#0"}
			}
		},
		{
			"name": "fire_2",
			"from": [2.5, 20.7, 17],
			"to": [7.5, 30.7, 17],
			"rotation": {"angle": -45, "axis": "y", "origin": [5, 27, 11]},
			"faces": {
				"north": {"uv": [7, 8.75, 8.25, 11.25], "texture": "#0"},
				"east": {"uv": [7, 8.75, 7, 11.25], "texture": "#0"},
				"south": {"uv": [8.25, 8.75, 9.5, 11.25], "texture": "#0"},
				"west": {"uv": [8.25, 8.75, 8.25, 11.25], "texture": "#0"},
				"up": {"uv": [8.25, 8.75, 7, 8.75], "texture": "#0"},
				"down": {"uv": [9.5, 8.75, 8.25, 8.75], "texture": "#0"}
			}
		},
		{
			"name": "fire_3",
			"from": [-1.5, 15.7, 13],
			"to": [3.5, 25.7, 13],
			"rotation": {"angle": -45, "axis": "y", "origin": [1, 22, 7]},
			"faces": {
				"north": {"uv": [7, 8.75, 8.25, 11.25], "texture": "#0"},
				"east": {"uv": [7, 8.75, 7, 11.25], "texture": "#0"},
				"south": {"uv": [8.25, 8.75, 9.5, 11.25], "texture": "#0"},
				"west": {"uv": [8.25, 8.75, 8.25, 11.25], "texture": "#0"},
				"up": {"uv": [8.25, 8.75, 7, 8.75], "texture": "#0"},
				"down": {"uv": [9.5, 8.75, 8.25, 8.75], "texture": "#0"}
			}
		},
		{
			"name": "cape_1",
			"from": [2.5, 7.5, 10.5],
			"to": [13.5, 16.5, 10.5],
			"rotation": {"angle": 0, "axis": "y", "origin": [8, 22, 8]},
			"faces": {
				"north": {"uv": [8, 0, 10.75, 2.25], "texture": "#0"},
				"east": {"uv": [8, 0, 8, 2.25], "texture": "#0"},
				"south": {"uv": [10.75, 0, 13.5, 2.25], "texture": "#0"},
				"west": {"uv": [10.75, 0, 10.75, 2.25], "texture": "#0"},
				"up": {"uv": [10.75, 0, 8, 0], "texture": "#0"},
				"down": {"uv": [13.5, 0, 10.75, 0], "texture": "#0"}
			}
		},
		{
			"name": "cape_2",
			"from": [2.5, -2, 10.5],
			"to": [13.5, 8, 10.5],
			"rotation": {"angle": 0, "axis": "y", "origin": [8, 14, 8]},
			"faces": {
				"north": {"uv": [2.5, 0, 5.25, 2.5], "texture": "#0"},
				"east": {"uv": [2.5, 0, 2.5, 2.5], "texture": "#0"},
				"south": {"uv": [5.25, 0, 8, 2.5], "texture": "#0"},
				"west": {"uv": [5.25, 0, 5.25, 2.5], "texture": "#0"},
				"up": {"uv": [5.25, 0, 2.5, 0], "texture": "#0"},
				"down": {"uv": [8, 0, 5.25, 0], "texture": "#0"}
			}
		},
		{
			"name": "cape_2_left",
			"from": [-1.5, -3, 13],
			"to": [3.5, 7, 13],
			"rotation": {"angle": -22.5, "axis": "y", "origin": [9, 13, 10]},
			"faces": {
				"north": {"uv": [1.25, 0, 0, 2.5], "texture": "#0"},
				"east": {"uv": [1.25, 0, 1.25, 2.5], "texture": "#0"},
				"south": {"uv": [2.5, 0, 1.25, 2.5], "texture": "#0"},
				"west": {"uv": [0, 0, 0, 2.5], "texture": "#0"},
				"up": {"uv": [0, 0, 1.25, 0], "texture": "#0"},
				"down": {"uv": [1.25, 0, 2.5, 0], "texture": "#0"}
			}
		},
		{
			"name": "cape_2_right",
			"from": [12.5, -3, 13],
			"to": [17.5, 7, 13],
			"rotation": {"angle": 22.5, "axis": "y", "origin": [7, 13, 10]},
			"faces": {
				"north": {"uv": [0, 0, 1.25, 2.5], "texture": "#0"},
				"east": {"uv": [0, 0, 0, 2.5], "texture": "#0"},
				"south": {"uv": [1.25, 0, 2.5, 2.5], "texture": "#0"},
				"west": {"uv": [1.25, 0, 1.25, 2.5], "texture": "#0"},
				"up": {"uv": [1.25, 0, 0, 0], "texture": "#0"},
				"down": {"uv": [2.5, 0, 1.25, 0], "texture": "#0"}
			}
		}
	],
	"display": {
		"head": {
			"translation": [0, -75.25, 0.5],
			"scale": [1.4, 1.4, 1.4]
		}
	},
	"groups": [
		{
			"name": "left_arm",
			"origin": [4, 22, 8],
			"color": 0,
			"children": [0, 1]
		},
		{
			"name": "right_arm",
			"origin": [12, 22, 8],
			"color": 1,
			"children": [2, 3]
		},
		{
			"name": "body",
			"origin": [8, -3.3, 8],
			"color": 2,
			"children": [
				4,
				5,
				6,
				7,
				{
					"name": "fire",
					"origin": [8, -3.3, 8],
					"color": 3,
					"children": [
						{
							"name": "fire_1",
							"origin": [8, 0.2, 14],
							"color": 4,
							"children": [8, 9, 10, 11, 12]
						}
					]
				},
				{
					"name": "cape_1",
					"origin": [8, -5.5, 10.5],
					"color": 2,
					"children": [
						13,
						{
							"name": "cape_2",
							"origin": [8, -14.5, 10.5],
							"color": 3,
							"children": [
								14,
								{
									"name": "cape_2_left",
									"origin": [2.5, -15, 10.5],
									"color": 4,
									"children": [15]
								},
								{
									"name": "cape_2_right",
									"origin": [13.5, -15, 10.5],
									"color": 5,
									"children": [16]
								}
							]
						}
					]
				}
			]
		}
	]
}