{
	"credit": "Made with Blockbench",
	"texture_size": [64, 64],
	"textures": {
		"0": "item/chicken"
	},
	"elements": [
		{
			"from": [3.9, 8.9, 2.9],
			"to": [12.1, 12.1, 13.1],
			"rotation": {"angle": 0, "axis": "y", "origin": [8, -1, 8]},
			"faces": {
				"north": {"uv": [2.5, 2.5, 4.5, 3.25], "texture": "#0"},
				"east": {"uv": [0, 2.5, 2.5, 3.25], "texture": "#0"},
				"south": {"uv": [7, 2.5, 9, 3.25], "texture": "#0"},
				"west": {"uv": [4.5, 2.5, 7, 3.25], "texture": "#0"},
				"up": {"uv": [4.5, 2.5, 2.5, 0], "texture": "#0"},
				"down": {"uv": [6.5, 0, 4.5, 2.5], "texture": "#0"}
			}
		},
		{
			"from": [3, 10, 5],
			"to": [5, 12, 11],
			"rotation": {"angle": 0, "axis": "y", "origin": [8, 0, 8]},
			"faces": {
				"north": {"uv": [8, 1.5, 8.5, 2], "texture": "#0"},
				"east": {"uv": [6.5, 1.5, 8, 2], "texture": "#0"},
				"south": {"uv": [10, 1.5, 10.5, 2], "texture": "#0"},
				"west": {"uv": [8.5, 1.5, 10, 2], "texture": "#0"},
				"up": {"uv": [8.5, 1.5, 8, 0], "texture": "#0"},
				"down": {"uv": [9, 0, 8.5, 1.5], "texture": "#0"}
			}
		},
		{
			"from": [11, 10, 5],
			"to": [13, 12, 11],
			"rotation": {"angle": 0, "axis": "y", "origin": [8, 0, 8]},
			"faces": {
				"north": {"uv": [7.5, 4.75, 8, 5.25], "texture": "#0"},
				"east": {"uv": [6, 4.75, 7.5, 5.25], "texture": "#0"},
				"south": {"uv": [9.5, 4.75, 10, 5.25], "texture": "#0"},
				"west": {"uv": [8, 4.75, 9.5, 5.25], "texture": "#0"},
				"up": {"uv": [8, 4.75, 7.5, 3.25], "texture": "#0"},
				"down": {"uv": [8.5, 3.25, 8, 4.75], "texture": "#0"}
			}
		},
		{
			"from": [7, 11, 12],
			"to": [9, 13, 14],
			"rotation": {"angle": 0, "axis": "y", "origin": [8, -1, 8]},
			"faces": {
				"north": {"uv": [0.5, 2, 1, 2.5], "texture": "#0"},
				"east": {"uv": [0, 2, 0.5, 2.5], "texture": "#0"},
				"south": {"uv": [1.5, 2, 2, 2.5], "texture": "#0"},
				"west": {"uv": [1, 2, 1.5, 2.5], "texture": "#0"},
				"up": {"uv": [1, 2, 0.5, 1.5], "texture": "#0"},
				"down": {"uv": [1.5, 1.5, 1, 2], "texture": "#0"}
			}
		},
		{
			"from": [5.54645, 12.14645, 14.38268],
			"to": [7.54645, 15.14645, 14.38268],
			"rotation": {"angle": 0, "axis": "y", "origin": [6.9, 14, 14]},
			"faces": {
				"north": {"uv": [0, 3.25, 0.5, 4], "texture": "#0"},
				"east": {"uv": [0, 3.25, 0, 4], "texture": "#0"},
				"south": {"uv": [0.5, 3.25, 1, 4], "texture": "#0"},
				"west": {"uv": [0.5, 3.25, 0.5, 4], "texture": "#0"},
				"up": {"uv": [0.5, 3.25, 0, 3.25], "texture": "#0"},
				"down": {"uv": [1, 3.25, 0.5, 3.25], "texture": "#0"}
			}
		},
		{
			"from": [8.45355, 12.14645, 14.38268],
			"to": [10.45355, 15.14645, 14.38268],
			"rotation": {"angle": 0, "axis": "y", "origin": [8, 0, 8]},
			"faces": {
				"north": {"uv": [1.5, 0.75, 2, 1.5], "texture": "#0"},
				"east": {"uv": [1.5, 0.75, 1.5, 1.5], "texture": "#0"},
				"south": {"uv": [2, 0.75, 2.5, 1.5], "texture": "#0"},
				"west": {"uv": [2, 0.75, 2, 1.5], "texture": "#0"},
				"up": {"uv": [2, 0.75, 1.5, 0.75], "texture": "#0"},
				"down": {"uv": [2.5, 0.75, 2, 0.75], "texture": "#0"}
			}
		},
		{
			"from": [7, 12.29289, 14.70711],
			"to": [9, 12.29289, 16.70711],
			"rotation": {"angle": 0, "axis": "y", "origin": [8, 0, 8]},
			"faces": {
				"north": {"uv": [0.5, 0.5, 1, 0.5], "texture": "#0"},
				"east": {"uv": [0, 0.5, 0.5, 0.5], "texture": "#0"},
				"south": {"uv": [1.5, 0.5, 2, 0.5], "texture": "#0"},
				"west": {"uv": [1, 0.5, 1.5, 0.5], "texture": "#0"},
				"up": {"uv": [1, 0.5, 0.5, 0], "texture": "#0"},
				"down": {"uv": [1.5, 0, 1, 0.5], "texture": "#0"}
			}
		},
		{
			"from": [7.5, 11.5, 2.5],
			"to": [8.5, 12.5, 4.5],
			"rotation": {"angle": 0, "axis": "y", "origin": [8, -1, 8]},
			"faces": {
				"north": {"uv": [1.5, 0.5, 1.75, 0.75], "texture": "#0"},
				"east": {"uv": [1, 0.5, 1.5, 0.75], "texture": "#0"},
				"south": {"uv": [2.25, 0.5, 2.5, 0.75], "texture": "#0"},
				"west": {"uv": [1.75, 0.5, 2.25, 0.75], "texture": "#0"},
				"up": {"uv": [1.75, 0.5, 1.5, 0], "texture": "#0"},
				"down": {"uv": [2, 0, 1.75, 0.5], "texture": "#0"}
			}
		},
		{
			"from": [8, 12, 2.75],
			"to": [8, 15, 5.75],
			"rotation": {"angle": 0, "axis": "y", "origin": [8, -1, 8]},
			"faces": {
				"north": {"uv": [0.75, 0.75, 0.75, 1.5], "texture": "#0"},
				"east": {"uv": [0, 0.75, 0.75, 1.5], "texture": "#0"},
				"south": {"uv": [1.5, 0.75, 1.5, 1.5], "texture": "#0"},
				"west": {"uv": [0.75, 0.75, 1.5, 1.5], "texture": "#0"},
				"up": {"uv": [0.75, 0.75, 0.75, 0], "texture": "#0"},
				"down": {"uv": [0.75, 0, 0.75, 0.75], "texture": "#0"}
			}
		},
		{
			"from": [7, 9.54289, 2.70711],
			"to": [9, 10.54289, 2.70711],
			"rotation": {"angle": 0, "axis": "y", "origin": [8, -1, 8]},
			"faces": {
				"north": {"uv": [0, 0.5, 0.5, 0.75], "texture": "#0"},
				"east": {"uv": [0, 0.5, 0, 0.75], "texture": "#0"},
				"south": {"uv": [0.5, 0.5, 1, 0.75], "texture": "#0"},
				"west": {"uv": [0.5, 0.5, 0.5, 0.75], "texture": "#0"},
				"up": {"uv": [0.5, 0.5, 0, 0.5], "texture": "#0"},
				"down": {"uv": [1, 0.5, 0.5, 0.5], "texture": "#0"}
			}
		}
	],
	"display": {
		"head": {
			"translation": [0, -42.25, 0],
			"scale": [1.5, 1.5, 1.5]
		}
	},
	"groups": [
		0,
		{
			"name": "bone5",
			"origin": [4, 11, 7],
			"color": 0,
			"children": [1]
		},
		{
			"name": "bone4",
			"origin": [12, 11, 7],
			"color": 0,
			"children": [2]
		},
		3,
		{
			"name": "bone2",
			"origin": [6.9, 13, 14],
			"color": 0,
			"children": [4]
		},
		{
			"name": "bone",
			"origin": [9, 13, 14],
			"color": 0,
			"children": [5]
		},
		{
			"name": "bone3",
			"origin": [8, 13, 14],
			"color": 0,
			"children": [6]
		},
		7,
		8,
		{
			"name": "bone6",
			"origin": [8, 10, 2],
			"color": 0,
			"children": [9]
		}
	]
}