{
	"credit": "Made with Blockbench",
	"texture_size": [32, 32],
	"textures": {
		"0": "item/crosh",
		"particle": "item/crosh"
	},
	"elements": [
		{
			"from": [4, 8, 5],
			"to": [13, 17, 14],
			"rotation": {"angle": 0, "axis": "y", "origin": [4, 8, 5]},
			"faces": {
				"north": {"uv": [0, 0, 4.5, 4.5], "texture": "#0"},
				"east": {"uv": [0, 4.5, 4.5, 9], "texture": "#0"},
				"south": {"uv": [4.5, 0, 9, 4.5], "texture": "#0"},
				"west": {"uv": [4.5, 4.5, 9, 9], "texture": "#0"},
				"up": {"uv": [4.5, 13.5, 0, 9], "texture": "#0"},
				"down": {"uv": [13.5, 0, 9, 4.5], "texture": "#0"}
			}
		},
		{
			"from": [5, 6, 8.5],
			"to": [7, 8, 10.5],
			"rotation": {"angle": 0, "axis": "y", "origin": [5, 6, 8]},
			"faces": {
				"north": {"uv": [10.5, 9.5, 11.5, 10.5], "texture": "#0"},
				"east": {"uv": [10.5, 10.5, 11.5, 11.5], "texture": "#0"},
				"south": {"uv": [11, 4.5, 12, 5.5], "texture": "#0"},
				"west": {"uv": [11, 5.5, 12, 6.5], "texture": "#0"},
				"up": {"uv": [12, 7.5, 11, 6.5], "texture": "#0"},
				"down": {"uv": [12, 7.5, 11, 8.5], "texture": "#0"}
			}
		},
		{
			"from": [2, 10, 8.5],
			"to": [4, 12, 10.5],
			"rotation": {"angle": 0, "axis": "y", "origin": [2, 10, 8]},
			"faces": {
				"north": {"uv": [11, 8.5, 12, 9.5], "texture": "#0"},
				"east": {"uv": [11.5, 9.5, 12.5, 10.5], "texture": "#0"},
				"south": {"uv": [10.5, 11.5, 11.5, 12.5], "texture": "#0"},
				"west": {"uv": [11.5, 10.5, 12.5, 11.5], "texture": "#0"},
				"up": {"uv": [12.5, 12.5, 11.5, 11.5], "texture": "#0"},
				"down": {"uv": [13, 4.5, 12, 5.5], "texture": "#0"}
			}
		},
		{
			"from": [13, 10, 8.5],
			"to": [15, 12, 10.5],
			"rotation": {"angle": 0, "axis": "y", "origin": [13, 10, 8]},
			"faces": {
				"north": {"uv": [12, 5.5, 13, 6.5], "texture": "#0"},
				"east": {"uv": [12, 6.5, 13, 7.5], "texture": "#0"},
				"south": {"uv": [12, 7.5, 13, 8.5], "texture": "#0"},
				"west": {"uv": [12, 8.5, 13, 9.5], "texture": "#0"},
				"up": {"uv": [13.5, 10.5, 12.5, 9.5], "texture": "#0"},
				"down": {"uv": [11.5, 12.5, 10.5, 13.5], "texture": "#0"}
			}
		},
		{
			"from": [5, 17, 8.5],
			"to": [7, 27, 10.5],
			"rotation": {"angle": 0, "axis": "y", "origin": [5, 17, 8]},
			"faces": {
				"north": {"uv": [4.5, 9, 5.5, 14], "texture": "#0"},
				"east": {"uv": [9, 4.5, 10, 9.5], "texture": "#0"},
				"south": {"uv": [5.5, 9, 6.5, 14], "texture": "#0"},
				"west": {"uv": [6.5, 9, 7.5, 14], "texture": "#0"},
				"up": {"uv": [13.5, 11.5, 12.5, 10.5], "texture": "#0"},
				"down": {"uv": [12.5, 12.5, 11.5, 13.5], "texture": "#0"}
			}
		},
		{
			"from": [10, 6, 8.5],
			"to": [12, 8, 10.5],
			"rotation": {"angle": 0, "axis": "y", "origin": [10, 6, 8]},
			"faces": {
				"north": {"uv": [12.5, 11.5, 13.5, 12.5], "texture": "#0"},
				"east": {"uv": [12.5, 12.5, 13.5, 13.5], "texture": "#0"},
				"south": {"uv": [13, 4.5, 14, 5.5], "texture": "#0"},
				"west": {"uv": [13, 5.5, 14, 6.5], "texture": "#0"},
				"up": {"uv": [14, 7.5, 13, 6.5], "texture": "#0"},
				"down": {"uv": [14, 7.5, 13, 8.5], "texture": "#0"}
			}
		},
		{
			"from": [10, 17, 8.5],
			"to": [12, 27, 10.5],
			"rotation": {"angle": 0, "axis": "y", "origin": [10, 17, 8]},
			"faces": {
				"north": {"uv": [7.5, 9, 8.5, 14], "texture": "#0"},
				"east": {"uv": [8.5, 9.5, 9.5, 14.5], "texture": "#0"},
				"south": {"uv": [9.5, 9.5, 10.5, 14.5], "texture": "#0"},
				"west": {"uv": [10, 4.5, 11, 9.5], "texture": "#0"},
				"up": {"uv": [14, 9.5, 13, 8.5], "texture": "#0"},
				"down": {"uv": [1, 13.5, 0, 14.5], "texture": "#0"}
			}
		}
	],
	"display": {
		"thirdperson_righthand": {
			"rotation": [90, 0, 0],
			"translation": [-6.75, 0, -53.5],
			"scale": [4, 4, 4]
		},
		"head": {
			"translation": [-1.5, -80, 0],
			"scale": [3, 3, 3]
		}
	},
	"groups": [
		{
			"name": "group",
			"origin": [4, 8, 5],
			"color": 0,
			"children": [0, 1, 2, 3, 4, 5, 6]
		}
	]
}