{
	"credit": "Made with Blockbench",
	"texture_size": [32, 32],
	"textures": {
		"3": "item/dragon_wing"
	},
	"elements": [
		{
			"from": [6, 7.5, 7],
			"to": [8, 8.5, 12],
			"rotation": {"angle": -45, "axis": "y", "origin": [8.25, 0, 8]},
			"faces": {
				"north": {"uv": [7.5, 2.5, 8.5, 3], "texture": "#3"},
				"east": {"uv": [5, 2.5, 7.5, 3], "texture": "#3"},
				"south": {"uv": [11, 2.5, 12, 3], "texture": "#3"},
				"west": {"uv": [8.5, 2.5, 11, 3], "texture": "#3"},
				"up": {"uv": [8.5, 2.5, 7.5, 0], "texture": "#3"},
				"down": {"uv": [9.5, 0, 8.5, 2.5], "texture": "#3"}
			}
		},
		{
			"from": [4.85, 7.6, 11.1],
			"to": [6.65, 8.4, 12.9],
			"rotation": {"angle": -45, "axis": "y", "origin": [8.25, 1, 8]},
			"faces": {
				"north": {"uv": [13, 3, 14, 3.5], "texture": "#3"},
				"east": {"uv": [12, 3, 13, 3.5], "texture": "#3"},
				"south": {"uv": [15, 3, 16, 3.5], "texture": "#3"},
				"west": {"uv": [14, 3, 15, 3.5], "texture": "#3"},
				"up": {"uv": [14, 3, 13, 2], "texture": "#3"},
				"down": {"uv": [15, 2, 14, 3], "texture": "#3"}
			}
		},
		{
			"from": [4.7, 8.2, 12.2],
			"to": [6.3, 8.8, 17.8],
			"rotation": {"angle": -45, "axis": "y", "origin": [8.25, 0, 8]},
			"faces": {
				"north": {"uv": [3, 3, 4, 3.5], "texture": "#3"},
				"east": {"uv": [0, 3, 3, 3.5], "texture": "#3"},
				"south": {"uv": [7, 3, 8, 3.5], "texture": "#3"},
				"west": {"uv": [4, 3, 7, 3.5], "texture": "#3"},
				"up": {"uv": [4, 3, 3, 0], "texture": "#3"},
				"down": {"uv": [5, 0, 4, 3], "texture": "#3"}
			}
		},
		{
			"from": [6.25, 1, 8.25],
			"to": [6.25, 11, 16.25],
			"rotation": {"angle": -45, "axis": "y", "origin": [7.5, 0, 8]},
			"faces": {
				"north": {"uv": [4, 4, 4, 9], "texture": "#3"},
				"east": {"uv": [0, 4, 4, 9], "texture": "#3"},
				"south": {"uv": [8, 4, 8, 9], "texture": "#3"},
				"west": {"uv": [4, 4, 8, 9], "texture": "#3"},
				"up": {"uv": [4, 4, 4, 0], "texture": "#3"},
				"down": {"uv": [4, 0, 4, 4], "texture": "#3"}
			}
		},
		{
			"from": [4.52884, 3.04566, 16.00647],
			"to": [6.77884, 11.04566, 16.00647],
			"rotation": {"angle": -45, "axis": "y", "origin": [8.25, 0, 8]},
			"faces": {
				"north": {"uv": [12, 6, 13, 10], "texture": "#3"},
				"east": {"uv": [12, 6, 12, 10], "texture": "#3"},
				"south": {"uv": [13, 6, 14, 10], "texture": "#3"},
				"west": {"uv": [13, 6, 13, 10], "texture": "#3"},
				"up": {"uv": [13, 6, 12, 6], "texture": "#3"},
				"down": {"uv": [14, 6, 13, 6], "texture": "#3"}
			}
		},
		{
			"from": [-1.2, 11.03858, 9.43512],
			"to": [0.6, 12.83858, 11.23512],
			"rotation": {"angle": -45, "axis": "y", "origin": [-0.3, 11.21575, 10.44993]},
			"faces": {
				"north": {"uv": [10.5, 1, 11.5, 2], "texture": "#3"},
				"east": {"uv": [9.5, 1, 10.5, 2], "texture": "#3"},
				"south": {"uv": [12.5, 1, 13.5, 2], "texture": "#3"},
				"west": {"uv": [11.5, 1, 12.5, 2], "texture": "#3"},
				"up": {"uv": [11.5, 1, 10.5, 0], "texture": "#3"},
				"down": {"uv": [12.5, 0, 11.5, 1], "texture": "#3"}
			}
		},
		{
			"from": [3.48493, -1.14878, 12.67522],
			"to": [3.48493, 5.85122, 16.67522],
			"rotation": {"angle": -45, "axis": "y", "origin": [8.5, 0, 8]},
			"faces": {
				"north": {"uv": [8, 9, 8, 12.5], "texture": "#3"},
				"east": {"uv": [6, 9, 8, 12.5], "texture": "#3"},
				"south": {"uv": [10, 9, 10, 12.5], "texture": "#3"},
				"west": {"uv": [8, 9, 10, 12.5], "texture": "#3"},
				"up": {"uv": [8, 9, 8, 7], "texture": "#3"},
				"down": {"uv": [8, 7, 8, 9], "texture": "#3"}
			}
		},
		{
			"from": [5.25, 4.75, 10.25],
			"to": [5.25, 11.75, 16.25],
			"rotation": {"angle": -45, "axis": "y", "origin": [8.25, 0, 8]},
			"faces": {
				"north": {"uv": [3, 9, 3, 12.5], "texture": "#3"},
				"east": {"uv": [0, 9, 3, 12.5], "texture": "#3"},
				"south": {"uv": [6, 9, 6, 12.5], "texture": "#3"},
				"west": {"uv": [3, 9, 6, 12.5], "texture": "#3"},
				"up": {"uv": [3, 9, 3, 6], "texture": "#3"},
				"down": {"uv": [3, 6, 3, 9], "texture": "#3"}
			}
		},
		{
			"from": [3.6, 3.85, 15.35],
			"to": [4.4, 11.65, 16.15],
			"rotation": {"angle": -45, "axis": "y", "origin": [8, 0, 8]},
			"faces": {
				"north": {"uv": [10.5, 9.5, 11, 13.5], "texture": "#3"},
				"east": {"uv": [10, 9.5, 10.5, 13.5], "texture": "#3"},
				"south": {"uv": [11.5, 9.5, 12, 13.5], "texture": "#3"},
				"west": {"uv": [11, 9.5, 11.5, 13.5], "texture": "#3"},
				"up": {"uv": [11, 9.5, 10.5, 9], "texture": "#3"},
				"down": {"uv": [11.5, 9, 11, 9.5], "texture": "#3"}
			}
		},
		{
			"from": [3.2, 2.2, 16.2],
			"to": [3.8, 4.8, 16.8],
			"rotation": {"angle": -45, "axis": "y", "origin": [8.25, 0, 8]},
			"faces": {
				"north": {"uv": [0.5, 0.5, 1, 2], "texture": "#3"},
				"east": {"uv": [0, 0.5, 0.5, 2], "texture": "#3"},
				"south": {"uv": [1.5, 0.5, 2, 2], "texture": "#3"},
				"west": {"uv": [1, 0.5, 1.5, 2], "texture": "#3"},
				"up": {"uv": [1, 0.5, 0.5, 0], "texture": "#3"},
				"down": {"uv": [1.5, 0, 1, 0.5], "texture": "#3"}
			}
		},
		{
			"from": [3.44149, 0.78537, 16.23878],
			"to": [3.44149, 3.78537, 20.23878],
			"rotation": {"angle": -45, "axis": "y", "origin": [6.95248, -11.83386, 10.10925]},
			"faces": {
				"north": {"uv": [10, 7.5, 10, 9], "texture": "#3"},
				"east": {"uv": [8, 7.5, 10, 9], "texture": "#3"},
				"south": {"uv": [12, 7.5, 12, 9], "texture": "#3"},
				"west": {"uv": [10, 7.5, 12, 9], "texture": "#3"},
				"up": {"uv": [10, 7.5, 10, 5.5], "texture": "#3"},
				"down": {"uv": [10, 5.5, 10, 7.5], "texture": "#3"}
			}
		},
		{
			"from": [4.51649, 11.96037, 14.73878],
			"to": [4.51649, 14.96037, 18.73878],
			"rotation": {"angle": -45, "axis": "y", "origin": [8.02748, -0.65886, 8.60925]},
			"faces": {
				"north": {"uv": [10, 7.5, 10, 9], "texture": "#3"},
				"east": {"uv": [8, 7.5, 10, 9], "texture": "#3"},
				"south": {"uv": [12, 7.5, 12, 9], "texture": "#3"},
				"west": {"uv": [10, 7.5, 12, 9], "texture": "#3"},
				"up": {"uv": [10, 7.5, 10, 5.5], "texture": "#3"},
				"down": {"uv": [10, 5.5, 10, 7.5], "texture": "#3"}
			}
		},
		{
			"from": [8.5, 7.5, 7],
			"to": [10.5, 8.5, 12],
			"rotation": {"angle": 45, "axis": "y", "origin": [8.25, 0, 8]},
			"faces": {
				"north": {"uv": [8.5, 2.5, 7.5, 3], "texture": "#3"},
				"east": {"uv": [11, 2.5, 8.5, 3], "texture": "#3"},
				"south": {"uv": [12, 2.5, 11, 3], "texture": "#3"},
				"west": {"uv": [7.5, 2.5, 5, 3], "texture": "#3"},
				"up": {"uv": [7.5, 2.5, 8.5, 0], "texture": "#3"},
				"down": {"uv": [8.5, 0, 9.5, 2.5], "texture": "#3"}
			}
		},
		{
			"from": [9.85, 7.6, 11.1],
			"to": [11.65, 8.4, 12.9],
			"rotation": {"angle": 45, "axis": "y", "origin": [8.25, 1, 8]},
			"faces": {
				"north": {"uv": [14, 3, 13, 3.5], "texture": "#3"},
				"east": {"uv": [15, 3, 14, 3.5], "texture": "#3"},
				"south": {"uv": [16, 3, 15, 3.5], "texture": "#3"},
				"west": {"uv": [13, 3, 12, 3.5], "texture": "#3"},
				"up": {"uv": [13, 3, 14, 2], "texture": "#3"},
				"down": {"uv": [14, 2, 15, 3], "texture": "#3"}
			}
		},
		{
			"from": [10.2, 8.2, 12.2],
			"to": [11.8, 8.8, 17.8],
			"rotation": {"angle": 45, "axis": "y", "origin": [8.25, 0, 8]},
			"faces": {
				"north": {"uv": [4, 3, 3, 3.5], "texture": "#3"},
				"east": {"uv": [7, 3, 4, 3.5], "texture": "#3"},
				"south": {"uv": [8, 3, 7, 3.5], "texture": "#3"},
				"west": {"uv": [3, 3, 0, 3.5], "texture": "#3"},
				"up": {"uv": [3, 3, 4, 0], "texture": "#3"},
				"down": {"uv": [4, 0, 5, 3], "texture": "#3"}
			}
		},
		{
			"from": [10.25, 1, 8.25],
			"to": [10.25, 11, 16.25],
			"rotation": {"angle": 45, "axis": "y", "origin": [9, 0, 8]},
			"faces": {
				"north": {"uv": [4, 4, 4, 9], "texture": "#3"},
				"east": {"uv": [8, 4, 4, 9], "texture": "#3"},
				"south": {"uv": [8, 4, 8, 9], "texture": "#3"},
				"west": {"uv": [4, 4, 0, 9], "texture": "#3"},
				"up": {"uv": [4, 4, 4, 0], "texture": "#3"},
				"down": {"uv": [4, 0, 4, 4], "texture": "#3"}
			}
		},
		{
			"from": [9.72116, 3.04566, 16.00647],
			"to": [11.97116, 11.04566, 16.00647],
			"rotation": {"angle": 45, "axis": "y", "origin": [8.25, 0, 8]},
			"faces": {
				"north": {"uv": [13, 6, 12, 10], "texture": "#3"},
				"east": {"uv": [13, 6, 13, 10], "texture": "#3"},
				"south": {"uv": [14, 6, 13, 10], "texture": "#3"},
				"west": {"uv": [12, 6, 12, 10], "texture": "#3"},
				"up": {"uv": [12, 6, 13, 6], "texture": "#3"},
				"down": {"uv": [13, 6, 14, 6], "texture": "#3"}
			}
		},
		{
			"from": [15.9, 11.03858, 9.43512],
			"to": [17.7, 12.83858, 11.23512],
			"rotation": {"angle": 45, "axis": "y", "origin": [16.8, 11.21575, 10.44993]},
			"faces": {
				"north": {"uv": [11.5, 1, 10.5, 2], "texture": "#3"},
				"east": {"uv": [12.5, 1, 11.5, 2], "texture": "#3"},
				"south": {"uv": [13.5, 1, 12.5, 2], "texture": "#3"},
				"west": {"uv": [10.5, 1, 9.5, 2], "texture": "#3"},
				"up": {"uv": [10.5, 1, 11.5, 0], "texture": "#3"},
				"down": {"uv": [11.5, 0, 12.5, 1], "texture": "#3"}
			}
		},
		{
			"from": [13.01507, -1.14878, 12.67522],
			"to": [13.01507, 5.85122, 16.67522],
			"rotation": {"angle": 45, "axis": "y", "origin": [8, 0, 8]},
			"faces": {
				"north": {"uv": [8, 9, 8, 12.5], "texture": "#3"},
				"east": {"uv": [10, 9, 8, 12.5], "texture": "#3"},
				"south": {"uv": [10, 9, 10, 12.5], "texture": "#3"},
				"west": {"uv": [8, 9, 6, 12.5], "texture": "#3"},
				"up": {"uv": [8, 9, 8, 7], "texture": "#3"},
				"down": {"uv": [8, 7, 8, 9], "texture": "#3"}
			}
		},
		{
			"from": [11.25, 4.75, 10.25],
			"to": [11.25, 11.75, 16.25],
			"rotation": {"angle": 45, "axis": "y", "origin": [8.25, 0, 8]},
			"faces": {
				"north": {"uv": [3, 9, 3, 12.5], "texture": "#3"},
				"east": {"uv": [6, 9, 3, 12.5], "texture": "#3"},
				"south": {"uv": [6, 9, 6, 12.5], "texture": "#3"},
				"west": {"uv": [3, 9, 0, 12.5], "texture": "#3"},
				"up": {"uv": [3, 9, 3, 6], "texture": "#3"},
				"down": {"uv": [3, 6, 3, 9], "texture": "#3"}
			}
		},
		{
			"from": [12.1, 3.85, 15.35],
			"to": [12.9, 11.65, 16.15],
			"rotation": {"angle": 45, "axis": "y", "origin": [8.5, 0, 8]},
			"faces": {
				"north": {"uv": [11, 9.5, 10.5, 13.5], "texture": "#3"},
				"east": {"uv": [11.5, 9.5, 11, 13.5], "texture": "#3"},
				"south": {"uv": [12, 9.5, 11.5, 13.5], "texture": "#3"},
				"west": {"uv": [10.5, 9.5, 10, 13.5], "texture": "#3"},
				"up": {"uv": [10.5, 9.5, 11, 9], "texture": "#3"},
				"down": {"uv": [11, 9, 11.5, 9.5], "texture": "#3"}
			}
		},
		{
			"from": [12.7, 2.2, 16.2],
			"to": [13.3, 4.8, 16.8],
			"rotation": {"angle": 45, "axis": "y", "origin": [8.25, 0, 8]},
			"faces": {
				"north": {"uv": [1, 0.5, 0.5, 2], "texture": "#3"},
				"east": {"uv": [1.5, 0.5, 1, 2], "texture": "#3"},
				"south": {"uv": [2, 0.5, 1.5, 2], "texture": "#3"},
				"west": {"uv": [0.5, 0.5, 0, 2], "texture": "#3"},
				"up": {"uv": [0.5, 0.5, 1, 0], "texture": "#3"},
				"down": {"uv": [1, 0, 1.5, 0.5], "texture": "#3"}
			}
		},
		{
			"from": [13.05851, 0.78537, 16.23878],
			"to": [13.05851, 3.78537, 20.23878],
			"rotation": {"angle": 45, "axis": "y", "origin": [9.54752, -11.83386, 10.10925]},
			"faces": {
				"north": {"uv": [10, 7.5, 10, 9], "texture": "#3"},
				"east": {"uv": [12, 7.5, 10, 9], "texture": "#3"},
				"south": {"uv": [12, 7.5, 12, 9], "texture": "#3"},
				"west": {"uv": [10, 7.5, 8, 9], "texture": "#3"},
				"up": {"uv": [10, 7.5, 10, 5.5], "texture": "#3"},
				"down": {"uv": [10, 5.5, 10, 7.5], "texture": "#3"}
			}
		},
		{
			"from": [11.98351, 11.96037, 14.73878],
			"to": [11.98351, 14.96037, 18.73878],
			"rotation": {"angle": 45, "axis": "y", "origin": [8.47252, -0.65886, 8.60925]},
			"faces": {
				"north": {"uv": [10, 7.5, 10, 9], "texture": "#3"},
				"east": {"uv": [12, 7.5, 10, 9], "texture": "#3"},
				"south": {"uv": [12, 7.5, 12, 9], "texture": "#3"},
				"west": {"uv": [10, 7.5, 8, 9], "texture": "#3"},
				"up": {"uv": [10, 7.5, 10, 5.5], "texture": "#3"},
				"down": {"uv": [10, 5.5, 10, 7.5], "texture": "#3"}
			}
		}
	],
	"display": {
		"head": {
			"translation": [0, -55.75, 8.25],
			"scale": [3.2, 3.2, 3.2]
		}
	},
	"groups": [
		{
			"name": "root",
			"origin": [8, 0, 8],
			"color": 0,
			"children": [
				{
					"name": "Wings",
					"origin": [8.25, 8, 8],
					"color": 0,
					"children": [
						{
							"name": "LeftWing",
							"origin": [7.25, 8, 8],
							"color": 0,
							"children": [
								{
									"name": "upper_part",
									"origin": [8.25, 0, 8],
									"color": 0,
									"children": [
										{
											"name": "u_one",
											"origin": [8.25, 7.5, 9],
											"color": 0,
											"children": [0]
										},
										{
											"name": "u_two",
											"origin": [6, 8, 12.25],
											"color": 0,
											"children": [1]
										},
										{
											"name": "u_three",
											"origin": [6.25, 8.75, 12.75],
											"color": 0,
											"children": [2]
										}
									]
								},
								{
									"name": "flat_wing",
									"origin": [8.25, 0, 8],
									"color": 0,
									"children": [
										{
											"name": "f_one",
											"origin": [5.501, 8, 9],
											"color": 0,
											"children": [3]
										},
										{
											"name": "f_four",
											"origin": [4.52884, 11.04566, 16.25747],
											"color": 0,
											"children": [4]
										}
									]
								},
								{
									"name": "lower_part",
									"origin": [4.75, 11.25, 15.75],
									"color": 0,
									"children": [
										{
											"name": "bone",
											"origin": [4.7, 12.1, 15.275],
											"color": 0,
											"children": [5]
										},
										{
											"name": "f_three",
											"origin": [3.48493, 4.85122, 16.67522],
											"color": 0,
											"children": [6]
										},
										{
											"name": "f_two",
											"origin": [4.75, 11, 17],
											"color": 0,
											"children": [7]
										},
										{
											"name": "l_one",
											"origin": [4.5, 12, 15.75],
											"color": 0,
											"children": [8]
										},
										{
											"name": "l_two",
											"origin": [3.35, 4.4, 16.6],
											"color": 0,
											"children": [
												9,
												{
													"name": "thorn2",
													"origin": [3.64439, 1.91424, 16.73253],
													"color": 0,
													"children": [10]
												}
											]
										},
										{
											"name": "thorn",
											"origin": [4.71939, 13.08924, 15.23253],
											"color": 0,
											"children": [11]
										}
									]
								}
							]
						},
						{
							"name": "RightWing",
							"origin": [9.25, 8, 8],
							"color": 0,
							"children": [
								{
									"name": "upper_part2",
									"origin": [8.25, 0, 8],
									"color": 0,
									"children": [
										{
											"name": "u_one2",
											"origin": [8.25, 7.5, 9],
											"color": 0,
											"children": [12]
										},
										{
											"name": "u_two2",
											"origin": [10.5, 8, 12.25],
											"color": 0,
											"children": [13]
										},
										{
											"name": "u_three2",
											"origin": [10.25, 8.75, 12.75],
											"color": 0,
											"children": [14]
										}
									]
								},
								{
									"name": "flat_wing2",
									"origin": [8.25, 0, 8],
									"color": 0,
									"children": [
										{
											"name": "f_one2",
											"origin": [10.999, 8, 9],
											"color": 0,
											"children": [15]
										},
										{
											"name": "f_four2",
											"origin": [11.97116, 11.04566, 16.25747],
											"color": 0,
											"children": [16]
										}
									]
								},
								{
									"name": "lower_part2",
									"origin": [11.75, 11.25, 15.75],
									"color": 0,
									"children": [
										{
											"name": "bone2",
											"origin": [11.8, 12.1, 15.275],
											"color": 0,
											"children": [17]
										},
										{
											"name": "f_three2",
											"origin": [13.01507, 4.85122, 16.67522],
											"color": 0,
											"children": [18]
										},
										{
											"name": "f_two2",
											"origin": [11.75, 11, 17],
											"color": 0,
											"children": [19]
										},
										{
											"name": "l_one2",
											"origin": [12, 12, 15.75],
											"color": 0,
											"children": [20]
										},
										{
											"name": "l_two2",
											"origin": [13.15, 4.4, 16.6],
											"color": 0,
											"children": [
												21,
												{
													"name": "thorn3",
													"origin": [12.85561, 1.91424, 16.73253],
													"color": 0,
													"children": [22]
												}
											]
										},
										{
											"name": "thorn4",
											"origin": [11.78061, 13.08924, 15.23253],
											"color": 0,
											"children": [23]
										}
									]
								}
							]
						}
					]
				}
			]
		}
	]
}