{
	"credit": "Made with Blockbench",
	"texture_size": [32, 32],
	"textures": {
		"0": "item/dragon"
	},
	"elements": [
		{
			"from": [7.15, 3.15, 15.4],
			"to": [8.85, 4.85, 18.1],
			"rotation": {"angle": 0, "axis": "y", "origin": [8, 0, 8]},
			"faces": {
				"north": {"uv": [11.5, 4, 12.5, 5], "texture": "#0"},
				"east": {"uv": [10, 4, 11.5, 5], "texture": "#0"},
				"south": {"uv": [14, 4, 15, 5], "texture": "#0"},
				"west": {"uv": [12.5, 4, 14, 5], "texture": "#0"},
				"up": {"uv": [12.5, 4, 11.5, 2.5], "texture": "#0"},
				"down": {"uv": [13.5, 2.5, 12.5, 4], "texture": "#0"}
			}
		},
		{
			"from": [8, 4.75, 15.25],
			"to": [8, 7.75, 18.25],
			"rotation": {"angle": 0, "axis": "y", "origin": [8, 0, 8]},
			"faces": {
				"north": {"uv": [10, 11.5, 10, 13], "texture": "#0"},
				"east": {"uv": [8.5, 11.5, 10, 13], "texture": "#0"},
				"south": {"uv": [11.5, 11.5, 11.5, 13], "texture": "#0"},
				"west": {"uv": [10, 11.5, 11.5, 13], "texture": "#0"},
				"up": {"uv": [10, 11.5, 10, 10], "texture": "#0"},
				"down": {"uv": [10, 10, 10, 11.5], "texture": "#0"}
			}
		},
		{
			"from": [7, 0, 15],
			"to": [7, 3, 18],
			"rotation": {"angle": 0, "axis": "y", "origin": [8, -1, 8]},
			"faces": {
				"north": {"uv": [10.5, 13, 10.5, 14.5], "texture": "#0"},
				"east": {"uv": [9, 13, 10.5, 14.5], "texture": "#0"},
				"south": {"uv": [12, 13, 12, 14.5], "texture": "#0"},
				"west": {"uv": [10.5, 13, 12, 14.5], "texture": "#0"},
				"up": {"uv": [10.5, 13, 10.5, 11.5], "texture": "#0"},
				"down": {"uv": [10.5, 11.5, 10.5, 13], "texture": "#0"}
			}
		},
		{
			"from": [9, 0, 15],
			"to": [9, 3, 18],
			"rotation": {"angle": 0, "axis": "y", "origin": [8, -1, 8]},
			"faces": {
				"north": {"uv": [7.5, 13, 7.5, 14.5], "texture": "#0"},
				"east": {"uv": [6, 13, 7.5, 14.5], "texture": "#0"},
				"south": {"uv": [9, 13, 9, 14.5], "texture": "#0"},
				"west": {"uv": [7.5, 13, 9, 14.5], "texture": "#0"},
				"up": {"uv": [7.5, 13, 7.5, 11.5], "texture": "#0"},
				"down": {"uv": [7.5, 11.5, 7.5, 13], "texture": "#0"}
			}
		},
		{
			"from": [8, 2.75, 18],
			"to": [8, 5.75, 23],
			"rotation": {"angle": 0, "axis": "y", "origin": [8, 0, 8]},
			"faces": {
				"north": {"uv": [2.5, 9, 2.5, 10.5], "texture": "#0"},
				"east": {"uv": [0, 9, 2.5, 10.5], "texture": "#0"},
				"south": {"uv": [5, 9, 5, 10.5], "texture": "#0"},
				"west": {"uv": [2.5, 9, 5, 10.5], "texture": "#0"},
				"up": {"uv": [2.5, 9, 2.5, 6.5], "texture": "#0"},
				"down": {"uv": [2.5, 6.5, 2.5, 9], "texture": "#0"}
			}
		},
		{
			"from": [7.1, 2.1, 12.6],
			"to": [8.9, 3.9, 15.4],
			"rotation": {"angle": 0, "axis": "y", "origin": [8, -1, 8]},
			"faces": {
				"north": {"uv": [11.5, 1.5, 12.5, 2.5], "texture": "#0"},
				"east": {"uv": [10, 1.5, 11.5, 2.5], "texture": "#0"},
				"south": {"uv": [14, 1.5, 15, 2.5], "texture": "#0"},
				"west": {"uv": [12.5, 1.5, 14, 2.5], "texture": "#0"},
				"up": {"uv": [12.5, 1.5, 11.5, 0], "texture": "#0"},
				"down": {"uv": [13.5, 0, 12.5, 1.5], "texture": "#0"}
			}
		},
		{
			"from": [8, 3.75, 12.75],
			"to": [8, 6.75, 15.75],
			"rotation": {"angle": 0, "axis": "y", "origin": [8, -1, 8]},
			"faces": {
				"north": {"uv": [1.5, 12.5, 1.5, 14], "texture": "#0"},
				"east": {"uv": [0, 12.5, 1.5, 14], "texture": "#0"},
				"south": {"uv": [3, 12.5, 3, 14], "texture": "#0"},
				"west": {"uv": [1.5, 12.5, 3, 14], "texture": "#0"},
				"up": {"uv": [1.5, 12.5, 1.5, 11], "texture": "#0"},
				"down": {"uv": [1.5, 11, 1.5, 12.5], "texture": "#0"}
			}
		},
		{
			"from": [7.05, 3.05, 9.8],
			"to": [8.95, 4.95, 12.7],
			"rotation": {"angle": 0, "axis": "y", "origin": [8, 0, 8]},
			"faces": {
				"north": {"uv": [10.5, 10.5, 11.5, 11.5], "texture": "#0"},
				"east": {"uv": [9, 10.5, 10.5, 11.5], "texture": "#0"},
				"south": {"uv": [13, 10.5, 14, 11.5], "texture": "#0"},
				"west": {"uv": [11.5, 10.5, 13, 11.5], "texture": "#0"},
				"up": {"uv": [11.5, 10.5, 10.5, 9], "texture": "#0"},
				"down": {"uv": [12.5, 9, 11.5, 10.5], "texture": "#0"}
			}
		},
		{
			"from": [8, 4.75, 10],
			"to": [8, 7.75, 13],
			"rotation": {"angle": 0, "axis": "y", "origin": [8, 0, 8]},
			"faces": {
				"north": {"uv": [12.5, 7, 12.5, 8.5], "texture": "#0"},
				"east": {"uv": [11, 7, 12.5, 8.5], "texture": "#0"},
				"south": {"uv": [14, 7, 14, 8.5], "texture": "#0"},
				"west": {"uv": [12.5, 7, 14, 8.5], "texture": "#0"},
				"up": {"uv": [12.5, 7, 12.5, 5.5], "texture": "#0"},
				"down": {"uv": [12.5, 5.5, 12.5, 7], "texture": "#0"}
			}
		},
		{
			"from": [7, 2, 7],
			"to": [9, 4, 10],
			"rotation": {"angle": 0, "axis": "y", "origin": [8, -1, 8]},
			"faces": {
				"north": {"uv": [8, 3, 9, 4], "texture": "#0"},
				"east": {"uv": [6.5, 3, 8, 4], "texture": "#0"},
				"south": {"uv": [10.5, 3, 11.5, 4], "texture": "#0"},
				"west": {"uv": [9, 3, 10.5, 4], "texture": "#0"},
				"up": {"uv": [9, 3, 8, 1.5], "texture": "#0"},
				"down": {"uv": [10, 1.5, 9, 3], "texture": "#0"}
			}
		},
		{
			"from": [6.75, 0.25, 5.25],
			"to": [6.75, 3.25, 8.25],
			"rotation": {"angle": 0, "axis": "y", "origin": [8, -0.5, 6]},
			"faces": {
				"north": {"uv": [13.5, 5, 13.5, 6.5], "texture": "#0"},
				"east": {"uv": [12, 5, 13.5, 6.5], "texture": "#0"},
				"south": {"uv": [15, 5, 15, 6.5], "texture": "#0"},
				"west": {"uv": [13.5, 5, 15, 6.5], "texture": "#0"},
				"up": {"uv": [13.5, 5, 13.5, 3.5], "texture": "#0"},
				"down": {"uv": [13.5, 3.5, 13.5, 5], "texture": "#0"}
			}
		},
		{
			"from": [9.25, 0.25, 5.25],
			"to": [9.25, 3.25, 8.25],
			"rotation": {"angle": 0, "axis": "y", "origin": [8, -0.5, 6]},
			"faces": {
				"north": {"uv": [13, 11.5, 13, 13], "texture": "#0"},
				"east": {"uv": [11.5, 11.5, 13, 13], "texture": "#0"},
				"south": {"uv": [14.5, 11.5, 14.5, 13], "texture": "#0"},
				"west": {"uv": [13, 11.5, 14.5, 13], "texture": "#0"},
				"up": {"uv": [13, 11.5, 13, 10], "texture": "#0"},
				"down": {"uv": [13, 10, 13, 11.5], "texture": "#0"}
			}
		},
		{
			"from": [8, 4, 7],
			"to": [8, 7, 10],
			"rotation": {"angle": 0, "axis": "y", "origin": [8, -1, 8]},
			"faces": {
				"north": {"uv": [4.5, 13, 4.5, 14.5], "texture": "#0"},
				"east": {"uv": [3, 13, 4.5, 14.5], "texture": "#0"},
				"south": {"uv": [6, 13, 6, 14.5], "texture": "#0"},
				"west": {"uv": [4.5, 13, 6, 14.5], "texture": "#0"},
				"up": {"uv": [4.5, 13, 4.5, 11.5], "texture": "#0"},
				"down": {"uv": [4.5, 11.5, 4.5, 13], "texture": "#0"}
			}
		},
		{
			"from": [6.5, 3, 4],
			"to": [9.5, 5, 7],
			"rotation": {"angle": 0, "axis": "y", "origin": [8, -1, 8]},
			"faces": {
				"north": {"uv": [1.5, 1.5, 3, 2.5], "texture": "#0"},
				"east": {"uv": [0, 1.5, 1.5, 2.5], "texture": "#0"},
				"south": {"uv": [4.5, 1.5, 6, 2.5], "texture": "#0"},
				"west": {"uv": [3, 1.5, 4.5, 2.5], "texture": "#0"},
				"up": {"uv": [3, 1.5, 1.5, 0], "texture": "#0"},
				"down": {"uv": [4.5, 0, 3, 1.5], "texture": "#0"}
			}
		},
		{
			"from": [6.5, 4, 5],
			"to": [6.5, 8, 9],
			"rotation": {"angle": 0, "axis": "y", "origin": [7.5, -1, 8]},
			"faces": {
				"north": {"uv": [7, 9, 7, 11], "texture": "#0"},
				"east": {"uv": [5, 9, 7, 11], "texture": "#0"},
				"south": {"uv": [9, 9, 9, 11], "texture": "#0"},
				"west": {"uv": [7, 9, 9, 11], "texture": "#0"},
				"up": {"uv": [7, 9, 7, 7], "texture": "#0"},
				"down": {"uv": [7, 7, 7, 9], "texture": "#0"}
			}
		},
		{
			"from": [9.5, 4, 5],
			"to": [9.5, 8, 9],
			"rotation": {"angle": 0, "axis": "y", "origin": [8.5, -1, 8]},
			"faces": {
				"north": {"uv": [9, 7, 9, 9], "texture": "#0"},
				"east": {"uv": [7, 7, 9, 9], "texture": "#0"},
				"south": {"uv": [11, 7, 11, 9], "texture": "#0"},
				"west": {"uv": [9, 7, 11, 9], "texture": "#0"},
				"up": {"uv": [9, 7, 9, 5], "texture": "#0"},
				"down": {"uv": [9, 5, 9, 7], "texture": "#0"}
			}
		},
		{
			"from": [7, 3, 1],
			"to": [9, 4, 4],
			"rotation": {"angle": 0, "axis": "y", "origin": [8, 0, 8]},
			"faces": {
				"north": {"uv": [1.5, 12, 2.5, 12.5], "texture": "#0"},
				"east": {"uv": [0, 12, 1.5, 12.5], "texture": "#0"},
				"south": {"uv": [4, 12, 5, 12.5], "texture": "#0"},
				"west": {"uv": [2.5, 12, 4, 12.5], "texture": "#0"},
				"up": {"uv": [2.5, 12, 1.5, 10.5], "texture": "#0"},
				"down": {"uv": [3.5, 10.5, 2.5, 12], "texture": "#0"}
			}
		}
	],
	"display": {
		"head": {
			"translation": [0, -25, 0],
			"scale": [2.5, 2.5, 2.5]
		}
	},
	"groups": [
		{
			"name": "JOPA",
			"origin": [8, 4, 15.5],
			"color": 0,
			"children": [
				0,
				1,
				{
					"name": "LAPAZAADL",
					"origin": [7, 3, 15.5],
					"color": 0,
					"children": [2]
				},
				{
					"name": "LAPAZADR",
					"origin": [9, 3, 15.5],
					"color": 0,
					"children": [3]
				},
				{
					"name": "XHOST",
					"origin": [8, 4, 18],
					"color": 0,
					"children": [4]
				}
			]
		},
		{
			"name": "TELO3",
			"origin": [8, 3, 12.75],
			"color": 0,
			"children": [5, 6]
		},
		{
			"name": "TELO2",
			"origin": [8, 4, 9.75],
			"color": 0,
			"children": [7, 8]
		},
		{
			"name": "TELO1",
			"origin": [8, 3, 7],
			"color": 0,
			"children": [
				9,
				{
					"name": "LAPAPEREDL",
					"origin": [7, 2.75, 7.75],
					"color": 0,
					"children": [10]
				},
				{
					"name": "LAPAPEREDR",
					"origin": [9, 3, 7.75],
					"color": 0,
					"children": [11]
				},
				12
			]
		},
		{
			"name": "GOLOVA",
			"origin": [8, 3, 7],
			"color": 0,
			"children": [
				13,
				{
					"name": "LROG",
					"origin": [6.5, 5, 7],
					"color": 0,
					"children": [14]
				},
				{
					"name": "RROG",
					"origin": [9.5, 5, 7],
					"color": 0,
					"children": [15]
				},
				{
					"name": "NOS2",
					"origin": [8, 4, 4],
					"color": 0,
					"children": [
						{
							"name": "NOS",
							"origin": [8, 3.75, 4],
							"color": 0,
							"children": [16]
						}
					]
				}
			]
		}
	]
}