{
	"credit": "Made with Blockbench",
	"texture_size": [64, 64],
	"textures": {
		"0": "item/garfield"
	},
	"elements": [
		{
			"from": [4, 7, 6],
			"to": [12, 15, 10],
			"rotation": {"angle": 0, "axis": "y", "origin": [8, 0, 8]},
			"faces": {
				"north": {"uv": [1, 5.5, 3, 7.5], "texture": "#0"},
				"east": {"uv": [0, 5.5, 1, 7.5], "texture": "#0"},
				"south": {"uv": [4, 5.5, 6, 7.5], "texture": "#0"},
				"west": {"uv": [3, 5.5, 4, 7.5], "texture": "#0"},
				"up": {"uv": [3, 5.5, 1, 4.5], "texture": "#0"},
				"down": {"uv": [5, 4.5, 3, 5.5], "texture": "#0"}
			}
		},
		{
			"from": [8.5, 0, 4],
			"to": [12.5, 2, 10],
			"rotation": {"angle": 0, "axis": "y", "origin": [8, 0, 8]},
			"faces": {
				"north": {"uv": [6, 7.5, 7, 8], "texture": "#0"},
				"east": {"uv": [4.5, 7.5, 6, 8], "texture": "#0"},
				"south": {"uv": [8.5, 7.5, 9.5, 8], "texture": "#0"},
				"west": {"uv": [7, 7.5, 8.5, 8], "texture": "#0"},
				"up": {"uv": [7, 7.5, 6, 6], "texture": "#0"},
				"down": {"uv": [8, 6, 7, 7.5], "texture": "#0"}
			}
		},
		{
			"from": [9.5, 2, 7],
			"to": [11.5, 7, 9],
			"rotation": {"angle": 0, "axis": "y", "origin": [8, 0, 8]},
			"faces": {
				"north": {"uv": [0.5, 9.75, 1, 11], "texture": "#0"},
				"east": {"uv": [0, 9.75, 0.5, 11], "texture": "#0"},
				"south": {"uv": [1.5, 9.75, 2, 11], "texture": "#0"},
				"west": {"uv": [1, 9.75, 1.5, 11], "texture": "#0"},
				"up": {"uv": [1, 9.75, 0.5, 9.25], "texture": "#0"},
				"down": {"uv": [1.5, 9.25, 1, 9.75], "texture": "#0"}
			}
		},
		{
			"from": [4.5, 2, 7],
			"to": [6.5, 7, 9],
			"rotation": {"angle": 0, "axis": "y", "origin": [8, 0, 8]},
			"faces": {
				"north": {"uv": [9.5, 2.5, 10, 3.75], "texture": "#0"},
				"east": {"uv": [9, 2.5, 9.5, 3.75], "texture": "#0"},
				"south": {"uv": [10.5, 2.5, 11, 3.75], "texture": "#0"},
				"west": {"uv": [10, 2.5, 10.5, 3.75], "texture": "#0"},
				"up": {"uv": [10, 2.5, 9.5, 2], "texture": "#0"},
				"down": {"uv": [10.5, 2, 10, 2.5], "texture": "#0"}
			}
		},
		{
			"from": [3.5, 0, 4],
			"to": [7.5, 2, 10],
			"rotation": {"angle": 0, "axis": "y", "origin": [8, 0, 8]},
			"faces": {
				"north": {"uv": [8.5, 1.5, 9.5, 2], "texture": "#0"},
				"east": {"uv": [7, 1.5, 8.5, 2], "texture": "#0"},
				"south": {"uv": [11, 1.5, 12, 2], "texture": "#0"},
				"west": {"uv": [9.5, 1.5, 11, 2], "texture": "#0"},
				"up": {"uv": [9.5, 1.5, 8.5, 0], "texture": "#0"},
				"down": {"uv": [10.5, 0, 9.5, 1.5], "texture": "#0"}
			}
		},
		{
			"from": [17, 5, 6.5],
			"to": [20, 8, 9.5],
			"rotation": {"angle": 22.5, "axis": "z", "origin": [13, -1, 8]},
			"faces": {
				"north": {"uv": [8.75, 6.25, 9.5, 7], "texture": "#0"},
				"east": {"uv": [8, 6.25, 8.75, 7], "texture": "#0"},
				"south": {"uv": [10.25, 6.25, 11, 7], "texture": "#0"},
				"west": {"uv": [9.5, 6.25, 10.25, 7], "texture": "#0"},
				"up": {"uv": [9.5, 6.25, 8.75, 5.5], "texture": "#0"},
				"down": {"uv": [10.25, 5.5, 9.5, 6.25], "texture": "#0"}
			}
		},
		{
			"from": [17, 8, 7],
			"to": [19, 13, 9],
			"rotation": {"angle": 22.5, "axis": "z", "origin": [13, -1, 8]},
			"faces": {
				"north": {"uv": [6.5, 8.5, 7, 9.75], "texture": "#0"},
				"east": {"uv": [6, 8.5, 6.5, 9.75], "texture": "#0"},
				"south": {"uv": [7.5, 8.5, 8, 9.75], "texture": "#0"},
				"west": {"uv": [7, 8.5, 7.5, 9.75], "texture": "#0"},
				"up": {"uv": [7, 8.5, 6.5, 8], "texture": "#0"},
				"down": {"uv": [7.5, 8, 7, 8.5], "texture": "#0"}
			}
		},
		{
			"from": [-3, 8, 7],
			"to": [-1, 13, 9],
			"rotation": {"angle": -22.5, "axis": "z", "origin": [3, -1, 8]},
			"faces": {
				"north": {"uv": [8.5, 8.5, 9, 9.75], "texture": "#0"},
				"east": {"uv": [8, 8.5, 8.5, 9.75], "texture": "#0"},
				"south": {"uv": [9.5, 8.5, 10, 9.75], "texture": "#0"},
				"west": {"uv": [9, 8.5, 9.5, 9.75], "texture": "#0"},
				"up": {"uv": [9, 8.5, 8.5, 8], "texture": "#0"},
				"down": {"uv": [9.5, 8, 9, 8.5], "texture": "#0"}
			}
		},
		{
			"from": [-4, 5, 6.5],
			"to": [-1, 8, 9.5],
			"rotation": {"angle": -22.5, "axis": "z", "origin": [3, -1, 8]},
			"faces": {
				"north": {"uv": [3.75, 8.75, 4.5, 9.5], "texture": "#0"},
				"east": {"uv": [3, 8.75, 3.75, 9.5], "texture": "#0"},
				"south": {"uv": [5.25, 8.75, 6, 9.5], "texture": "#0"},
				"west": {"uv": [4.5, 8.75, 5.25, 9.5], "texture": "#0"},
				"up": {"uv": [4.5, 8.75, 3.75, 8], "texture": "#0"},
				"down": {"uv": [5.25, 8, 4.5, 8.75], "texture": "#0"}
			}
		},
		{
			"from": [7, 3, 12],
			"to": [9, 9, 14],
			"rotation": {"angle": -22.5, "axis": "x", "origin": [8, 0, 10]},
			"faces": {
				"north": {"uv": [0.5, 0.5, 1, 2], "texture": "#0"},
				"east": {"uv": [0, 0.5, 0.5, 2], "texture": "#0"},
				"south": {"uv": [1.5, 0.5, 2, 2], "texture": "#0"},
				"west": {"uv": [1, 0.5, 1.5, 2], "texture": "#0"},
				"up": {"uv": [1, 0.5, 0.5, 0], "texture": "#0"},
				"down": {"uv": [1.5, 0, 1, 0.5], "texture": "#0"}
			}
		},
		{
			"from": [6.5, 0, 11.5],
			"to": [9.5, 4, 14.5],
			"rotation": {"angle": -22.5, "axis": "x", "origin": [8, 0, 10]},
			"faces": {
				"north": {"uv": [0.75, 8.25, 1.5, 9.25], "texture": "#0"},
				"east": {"uv": [0, 8.25, 0.75, 9.25], "texture": "#0"},
				"south": {"uv": [2.25, 8.25, 3, 9.25], "texture": "#0"},
				"west": {"uv": [1.5, 8.25, 2.25, 9.25], "texture": "#0"},
				"up": {"uv": [1.5, 8.25, 0.75, 7.5], "texture": "#0"},
				"down": {"uv": [2.25, 7.5, 1.5, 8.25], "texture": "#0"}
			}
		},
		{
			"from": [3, 15, 4],
			"to": [13, 25, 12],
			"rotation": {"angle": 0, "axis": "y", "origin": [8, 0, 8]},
			"faces": {
				"north": {"uv": [2, 2, 4.5, 4.5], "texture": "#0"},
				"east": {"uv": [0, 2, 2, 4.5], "texture": "#0"},
				"south": {"uv": [6.5, 2, 9, 4.5], "texture": "#0"},
				"west": {"uv": [4.5, 2, 6.5, 4.5], "texture": "#0"},
				"up": {"uv": [4.5, 2, 2, 0], "texture": "#0"},
				"down": {"uv": [7, 0, 4.5, 2], "texture": "#0"}
			}
		},
		{
			"from": [4, 24, 6],
			"to": [7, 28, 7],
			"rotation": {"angle": -22.5, "axis": "x", "origin": [8, 26, 7]},
			"faces": {
				"north": {"uv": [2.25, 9.75, 3, 10.75], "texture": "#0"},
				"east": {"uv": [2, 9.75, 2.25, 10.75], "texture": "#0"},
				"south": {"uv": [3.25, 9.75, 4, 10.75], "texture": "#0"},
				"west": {"uv": [3, 9.75, 3.25, 10.75], "texture": "#0"},
				"up": {"uv": [3, 9.75, 2.25, 9.5], "texture": "#0"},
				"down": {"uv": [3.75, 9.5, 3, 9.75], "texture": "#0"}
			}
		},
		{
			"from": [9, 24, 6],
			"to": [12, 28, 7],
			"rotation": {"angle": -22.5, "axis": "x", "origin": [8, 26, 7]},
			"faces": {
				"north": {"uv": [9.25, 4, 10, 5], "texture": "#0"},
				"east": {"uv": [9, 4, 9.25, 5], "texture": "#0"},
				"south": {"uv": [10.25, 4, 11, 5], "texture": "#0"},
				"west": {"uv": [10, 4, 10.25, 5], "texture": "#0"},
				"up": {"uv": [10, 4, 9.25, 3.75], "texture": "#0"},
				"down": {"uv": [10.75, 3.75, 10, 4], "texture": "#0"}
			}
		}
	],
	"display": {
		"head": {
			"translation": [0, -35, 0]
		}
	},
	"groups": [
		0,
		{
			"name": "bone2",
			"origin": [10.5, 6.75, 8],
			"color": 0,
			"children": [1, 2]
		},
		{
			"name": "bone",
			"origin": [5.5, 6.75, 8],
			"color": 0,
			"children": [3, 4]
		},
		{
			"name": "bone4",
			"origin": [12.25, 12.5, 8],
			"color": 0,
			"children": [5, 6]
		},
		{
			"name": "bone3",
			"origin": [3.75, 12.5, 8],
			"color": 0,
			"children": [7, 8]
		},
		{
			"name": "bone6",
			"origin": [8, 8, 11],
			"color": 0,
			"children": [
				9,
				{
					"name": "bone7",
					"origin": [8, 3.5, 11],
					"color": 0,
					"children": [10]
				}
			]
		},
		{
			"name": "bone9",
			"origin": [8, 15, 8],
			"color": 0,
			"children": [
				11,
				{
					"name": "bone5",
					"origin": [8, 26, 7],
					"color": 0,
					"children": [12, 13]
				},
				{
					"name": "bone8",
					"origin": [8, 20, 3.9],
					"color": 0,
					"children": []
				}
			]
		}
	]
}