{
	"credit": "Made with Blockbench",
	"texture_size": [64, 64],
	"textures": {
		"0": "item/hotdog"
	},
	"elements": [
		{
			"from": [8.578, 7.8555, 12.289],
			"to": [7.867, 8.1445, 11.578],
			"rotation": {"angle": 0, "axis": "y", "origin": [8, 0, 8]},
			"faces": {
				"north": {"uv": [11.5, 11.5, 11.75, 12], "texture": "#0"},
				"east": {"uv": [11.25, 11.5, 11.5, 12], "texture": "#0"},
				"south": {"uv": [12, 11.5, 12.25, 12], "texture": "#0"},
				"west": {"uv": [11.75, 11.5, 12, 12], "texture": "#0"},
				"up": {"uv": [11.75, 11.5, 11.5, 11.25], "texture": "#0"},
				"down": {"uv": [12, 11.25, 11.75, 11.5], "texture": "#0"}
			}
		},
		{
			"from": [9, 7.8555, 6.578],
			"to": [8.289, 8.1445, 5.867],
			"rotation": {"angle": 0, "axis": "y", "origin": [8, 0, 8]},
			"faces": {
				"north": {"uv": [11.5, 11.5, 11.75, 12], "texture": "#0"},
				"east": {"uv": [11.25, 11.5, 11.5, 12], "texture": "#0"},
				"south": {"uv": [12, 11.5, 12.25, 12], "texture": "#0"},
				"west": {"uv": [11.75, 11.5, 12, 12], "texture": "#0"},
				"up": {"uv": [11.75, 11.5, 11.5, 11.25], "texture": "#0"},
				"down": {"uv": [12, 11.25, 11.75, 11.5], "texture": "#0"}
			}
		},
		{
			"from": [6.711, 7.8555, 7.289],
			"to": [9, 8.1445, 6.578],
			"rotation": {"angle": 0, "axis": "y", "origin": [8, 0, 8]},
			"faces": {
				"north": {"uv": [10.75, 11.75, 11.75, 12.25], "texture": "#0"},
				"east": {"uv": [10.5, 11.75, 10.75, 12.25], "texture": "#0"},
				"south": {"uv": [12, 11.75, 13, 12.25], "texture": "#0"},
				"west": {"uv": [11.75, 11.75, 12, 12.25], "texture": "#0"},
				"up": {"uv": [11.75, 11.75, 10.75, 11.5], "texture": "#0"},
				"down": {"uv": [12.75, 11.5, 11.75, 11.75], "texture": "#0"}
			}
		},
		{
			"from": [7, 7.8555, 6.578],
			"to": [6.289, 8.1445, 8.867],
			"rotation": {"angle": 0, "axis": "y", "origin": [8, 0, 8]},
			"faces": {
				"north": {"uv": [11.75, 11.5, 12, 12], "texture": "#0"},
				"east": {"uv": [10.75, 11.5, 11.75, 12], "texture": "#0"},
				"south": {"uv": [13, 11.5, 13.25, 12], "texture": "#0"},
				"west": {"uv": [12, 11.5, 13, 12], "texture": "#0"},
				"up": {"uv": [12, 11.5, 11.75, 10.5], "texture": "#0"},
				"down": {"uv": [12.25, 10.5, 12, 11.5], "texture": "#0"}
			}
		},
		{
			"from": [6.289, 7.8555, 9.289],
			"to": [8.578, 8.1445, 8.578],
			"rotation": {"angle": 0, "axis": "y", "origin": [8, 0, 8]},
			"faces": {
				"north": {"uv": [11.25, 11.75, 12.25, 12.25], "texture": "#0"},
				"east": {"uv": [11, 11.75, 11.25, 12.25], "texture": "#0"},
				"south": {"uv": [12.5, 11.75, 13.5, 12.25], "texture": "#0"},
				"west": {"uv": [12.25, 11.75, 12.5, 12.25], "texture": "#0"},
				"up": {"uv": [12.25, 11.75, 11.25, 11.5], "texture": "#0"},
				"down": {"uv": [13.25, 11.5, 12.25, 11.75], "texture": "#0"}
			}
		},
		{
			"from": [8.578, 7.8555, 9.289],
			"to": [7.867, 8.1445, 11.578],
			"rotation": {"angle": 0, "axis": "y", "origin": [8, 0, 8]},
			"faces": {
				"north": {"uv": [12, 11.5, 12.25, 12], "texture": "#0"},
				"east": {"uv": [11, 11.5, 12, 12], "texture": "#0"},
				"south": {"uv": [13.25, 11.5, 13.5, 12], "texture": "#0"},
				"west": {"uv": [12.25, 11.5, 13.25, 12], "texture": "#0"},
				"up": {"uv": [12.25, 11.5, 12, 10.5], "texture": "#0"},
				"down": {"uv": [12.5, 10.5, 12.25, 11.5], "texture": "#0"}
			}
		},
		{
			"from": [6.711, 7.8555, 11],
			"to": [8, 8.1445, 12.289],
			"rotation": {"angle": 0, "axis": "y", "origin": [8, 0, 8]},
			"faces": {
				"north": {"uv": [11, 11.5, 11.75, 12], "texture": "#0"},
				"east": {"uv": [10.25, 11.5, 11, 12], "texture": "#0"},
				"south": {"uv": [12.5, 11.5, 13.25, 12], "texture": "#0"},
				"west": {"uv": [11.75, 11.5, 12.5, 12], "texture": "#0"},
				"up": {"uv": [11.75, 11.5, 11, 10.75], "texture": "#0"},
				"down": {"uv": [12.5, 10.75, 11.75, 11.5], "texture": "#0"}
			}
		},
		{
			"from": [6.711, 7.8555, 12],
			"to": [8, 8.1445, 15.289],
			"rotation": {"angle": 0, "axis": "y", "origin": [8, 0, 8]},
			"faces": {
				"north": {"uv": [11.5, 11.75, 12.25, 12.25], "texture": "#0"},
				"east": {"uv": [10.25, 11.75, 11.5, 12.25], "texture": "#0"},
				"south": {"uv": [13.5, 11.75, 14.25, 12.25], "texture": "#0"},
				"west": {"uv": [12.25, 11.75, 13.5, 12.25], "texture": "#0"},
				"up": {"uv": [12.25, 11.75, 11.5, 10.5], "texture": "#0"},
				"down": {"uv": [13, 10.5, 12.25, 11.75], "texture": "#0"}
			}
		},
		{
			"from": [3, 2, 2],
			"to": [12, 3, 14],
			"rotation": {"angle": 0, "axis": "y", "origin": [8, 0, 8]},
			"faces": {
				"north": {"uv": [3, 7.75, 5.25, 8], "texture": "#0"},
				"east": {"uv": [0, 7.75, 3, 8], "texture": "#0"},
				"south": {"uv": [8.25, 7.75, 10.5, 8], "texture": "#0"},
				"west": {"uv": [5.25, 7.75, 8.25, 8], "texture": "#0"},
				"up": {"uv": [5.25, 7.75, 3, 4.75], "texture": "#0"},
				"down": {"uv": [7.5, 4.75, 5.25, 7.75], "texture": "#0"}
			}
		},
		{
			"from": [3, 3, 2],
			"to": [4, 7, 14],
			"rotation": {"angle": 0, "axis": "y", "origin": [8, 0, 8]},
			"faces": {
				"north": {"uv": [10.5, 8.75, 10.75, 9.75], "texture": "#0"},
				"east": {"uv": [7.5, 8.75, 10.5, 9.75], "texture": "#0"},
				"south": {"uv": [13.75, 8.75, 14, 9.75], "texture": "#0"},
				"west": {"uv": [10.75, 8.75, 13.75, 9.75], "texture": "#0"},
				"up": {"uv": [10.75, 8.75, 10.5, 5.75], "texture": "#0"},
				"down": {"uv": [11, 5.75, 10.75, 8.75], "texture": "#0"}
			}
		},
		{
			"from": [11, 3, 2],
			"to": [12, 7, 14],
			"rotation": {"angle": 0, "axis": "y", "origin": [8, 0, 8]},
			"faces": {
				"north": {"uv": [10.5, 4.75, 10.75, 5.75], "texture": "#0"},
				"east": {"uv": [7.5, 4.75, 10.5, 5.75], "texture": "#0"},
				"south": {"uv": [13.75, 4.75, 14, 5.75], "texture": "#0"},
				"west": {"uv": [10.75, 4.75, 13.75, 5.75], "texture": "#0"},
				"up": {"uv": [10.75, 4.75, 10.5, 1.75], "texture": "#0"},
				"down": {"uv": [11, 1.75, 10.75, 4.75], "texture": "#0"}
			}
		},
		{
			"from": [6.70711, 15.29289, 2],
			"to": [9.70711, 16.29289, 5],
			"rotation": {"angle": 45, "axis": "z", "origin": [13.70711, 6.29289, 8]},
			"faces": {
				"north": {"uv": [0.75, 1.75, 1.5, 2], "texture": "#0"},
				"east": {"uv": [0, 1.75, 0.75, 2], "texture": "#0"},
				"south": {"uv": [2.25, 1.75, 3, 2], "texture": "#0"},
				"west": {"uv": [1.5, 1.75, 2.25, 2], "texture": "#0"},
				"up": {"uv": [1.5, 1.75, 0.75, 1], "texture": "#0"},
				"down": {"uv": [2.25, 1, 1.5, 1.75], "texture": "#0"}
			}
		},
		{
			"from": [5.23396, 13.35721, 2],
			"to": [8.23396, 14.35721, 5],
			"rotation": {"angle": -45, "axis": "z", "origin": [3.23396, 5.35721, 8]},
			"faces": {
				"north": {"uv": [0.75, 0.75, 1.5, 1], "texture": "#0"},
				"east": {"uv": [0, 0.75, 0.75, 1], "texture": "#0"},
				"south": {"uv": [2.25, 0.75, 3, 1], "texture": "#0"},
				"west": {"uv": [1.5, 0.75, 2.25, 1], "texture": "#0"},
				"up": {"uv": [1.5, 0.75, 0.75, 0], "texture": "#0"},
				"down": {"uv": [2.25, 0, 1.5, 0.75], "texture": "#0"}
			}
		},
		{
			"from": [4, 3, 1],
			"to": [11, 8, 15],
			"rotation": {"angle": 0, "axis": "y", "origin": [8, 0, 8]},
			"faces": {
				"north": {"uv": [3.5, 3.5, 5.25, 4.75], "texture": "#0"},
				"east": {"uv": [0, 3.5, 3.5, 4.75], "texture": "#0"},
				"south": {"uv": [8.75, 3.5, 10.5, 4.75], "texture": "#0"},
				"west": {"uv": [5.25, 3.5, 8.75, 4.75], "texture": "#0"},
				"up": {"uv": [5.25, 3.5, 3.5, 0], "texture": "#0"},
				"down": {"uv": [7, 0, 5.25, 3.5], "texture": "#0"}
			}
		},
		{
			"from": [4, 8, 1],
			"to": [11, 11, 6],
			"rotation": {"angle": 0, "axis": "y", "origin": [8, 0, 8]},
			"faces": {
				"north": {"uv": [1.25, 9.25, 3, 10], "texture": "#0"},
				"east": {"uv": [0, 9.25, 1.25, 10], "texture": "#0"},
				"south": {"uv": [4.25, 9.25, 6, 10], "texture": "#0"},
				"west": {"uv": [3, 9.25, 4.25, 10], "texture": "#0"},
				"up": {"uv": [3, 9.25, 1.25, 8], "texture": "#0"},
				"down": {"uv": [4.75, 8, 3, 9.25], "texture": "#0"}
			}
		},
		{
			"from": [6, 7, -1],
			"to": [9, 9, 1],
			"rotation": {"angle": 0, "axis": "y", "origin": [8, 0, 8]},
			"faces": {
				"north": {"uv": [0.5, 2.5, 1.25, 3], "texture": "#0"},
				"east": {"uv": [0, 2.5, 0.5, 3], "texture": "#0"},
				"south": {"uv": [1.75, 2.5, 2.5, 3], "texture": "#0"},
				"west": {"uv": [1.25, 2.5, 1.75, 3], "texture": "#0"},
				"up": {"uv": [1.25, 2.5, 0.5, 2], "texture": "#0"},
				"down": {"uv": [2, 2, 1.25, 2.5], "texture": "#0"}
			}
		},
		{
			"from": [6, 6, 15],
			"to": [9, 9, 16],
			"rotation": {"angle": 0, "axis": "y", "origin": [8, 0, 8]},
			"faces": {
				"north": {"uv": [0.25, 5, 1, 5.75], "texture": "#0"},
				"east": {"uv": [0, 5, 0.25, 5.75], "texture": "#0"},
				"south": {"uv": [1.25, 5, 2, 5.75], "texture": "#0"},
				"west": {"uv": [1, 5, 1.25, 5.75], "texture": "#0"},
				"up": {"uv": [1, 5, 0.25, 4.75], "texture": "#0"},
				"down": {"uv": [1.75, 4.75, 1, 5], "texture": "#0"}
			}
		},
		{
			"from": [4, 0, 11],
			"to": [6, 3, 13],
			"rotation": {"angle": 0, "axis": "y", "origin": [8, 0, 8]},
			"faces": {
				"north": {"uv": [4, 4, 4.5, 4.75], "texture": "#0"},
				"east": {"uv": [3.5, 4, 4, 4.75], "texture": "#0"},
				"south": {"uv": [5, 4, 5.5, 4.75], "texture": "#0"},
				"west": {"uv": [4.5, 4, 5, 4.75], "texture": "#0"},
				"up": {"uv": [4.5, 4, 4, 3.5], "texture": "#0"},
				"down": {"uv": [5, 3.5, 4.5, 4], "texture": "#0"}
			}
		},
		{
			"from": [4, 0, 3],
			"to": [6, 3, 5],
			"rotation": {"angle": 0, "axis": "y", "origin": [8, 0, 8]},
			"faces": {
				"north": {"uv": [4, 4, 4.5, 4.75], "texture": "#0"},
				"east": {"uv": [3.5, 4, 4, 4.75], "texture": "#0"},
				"south": {"uv": [5, 4, 5.5, 4.75], "texture": "#0"},
				"west": {"uv": [4.5, 4, 5, 4.75], "texture": "#0"},
				"up": {"uv": [4.5, 4, 4, 3.5], "texture": "#0"},
				"down": {"uv": [5, 3.5, 4.5, 4], "texture": "#0"}
			}
		},
		{
			"from": [9, 0, 11],
			"to": [11, 3, 13],
			"rotation": {"angle": 0, "axis": "y", "origin": [8, 0, 8]},
			"faces": {
				"north": {"uv": [4, 4, 4.5, 4.75], "texture": "#0"},
				"east": {"uv": [3.5, 4, 4, 4.75], "texture": "#0"},
				"south": {"uv": [5, 4, 5.5, 4.75], "texture": "#0"},
				"west": {"uv": [4.5, 4, 5, 4.75], "texture": "#0"},
				"up": {"uv": [4.5, 4, 4, 3.5], "texture": "#0"},
				"down": {"uv": [5, 3.5, 4.5, 4], "texture": "#0"}
			}
		},
		{
			"from": [9, 0, 3],
			"to": [11, 3, 5],
			"rotation": {"angle": 0, "axis": "y", "origin": [8, 0, 8]},
			"faces": {
				"north": {"uv": [4, 3.75, 4.5, 4.5], "texture": "#0"},
				"east": {"uv": [3.5, 3.75, 4, 4.5], "texture": "#0"},
				"south": {"uv": [5, 3.75, 5.5, 4.5], "texture": "#0"},
				"west": {"uv": [4.5, 3.75, 5, 4.5], "texture": "#0"},
				"up": {"uv": [4.5, 3.75, 4, 3.25], "texture": "#0"},
				"down": {"uv": [5, 3.25, 4.5, 3.75], "texture": "#0"}
			}
		}
	],
	"display": {
		"head": {
			"translation": [0, -35, 0]
		}
	},
	"groups": [
		{
			"name": "FYLLPES",
			"origin": [8, 0, 8],
			"color": 0,
			"children": [
				{
					"name": "Soys",
					"origin": [8, 0, 8],
					"color": 0,
					"children": [0, 1, 2, 3, 4, 5, 6, 7]
				},
				{
					"name": "XLEB",
					"origin": [8, 0, 8],
					"color": 0,
					"children": [8, 9, 10]
				},
				{
					"name": "Yxo2",
					"origin": [4, 10, 4],
					"color": 0,
					"children": [11]
				},
				{
					"name": "Yxo",
					"origin": [11, 10, 4],
					"color": 0,
					"children": [12]
				},
				{
					"name": "Telo",
					"origin": [8, 0, 8],
					"color": 0,
					"children": [13, 14, 15, 16]
				},
				{
					"name": "NogaChitiri",
					"origin": [5, 2, 12],
					"color": 0,
					"children": [17]
				},
				{
					"name": "NogaTri",
					"origin": [5, 3, 4],
					"color": 0,
					"children": [18]
				},
				{
					"name": "NogaDva",
					"origin": [10, 2, 12],
					"color": 0,
					"children": [19]
				},
				{
					"name": "Noga",
					"origin": [10, 3, 4],
					"color": 0,
					"children": [20]
				}
			]
		}
	]
}