{
	"credit": "Made with Blockbench",
	"textures": {
		"0": "item/krip"
	},
	"elements": [
		{
			"from": [10, 3, 8],
			"to": [11, 6, 9],
			"rotation": {"angle": 0, "axis": "y", "origin": [11, 3, 9]},
			"faces": {
				"north": {"uv": [9, 13, 10, 16], "texture": "#0"},
				"east": {"uv": [8, 13, 9, 16], "texture": "#0"},
				"south": {"uv": [11, 13, 12, 16], "texture": "#0"},
				"west": {"uv": [10, 13, 11, 16], "texture": "#0"},
				"up": {"uv": [10, 13, 9, 12], "texture": "#0"},
				"down": {"uv": [11, 12, 10, 13], "texture": "#0"}
			}
		},
		{
			"from": [8, 3, 8],
			"to": [10, 6, 9],
			"rotation": {"angle": 0, "axis": "y", "origin": [9, 3, 9]},
			"faces": {
				"north": {"uv": [5, 5, 7, 8], "texture": "#0"},
				"east": {"uv": [4, 5, 5, 8], "texture": "#0"},
				"south": {"uv": [8, 5, 10, 8], "texture": "#0"},
				"west": {"uv": [7, 5, 8, 8], "texture": "#0"},
				"up": {"uv": [7, 5, 5, 4], "texture": "#0"},
				"down": {"uv": [9, 4, 7, 5], "texture": "#0"}
			}
		},
		{
			"from": [7.02293, 3.02283, 8],
			"to": [8.02293, 6.02283, 9],
			"rotation": {"angle": 0, "axis": "y", "origin": [8.52293, 3.02283, 9]},
			"faces": {
				"north": {"uv": [11, 5, 12, 8], "texture": "#0"},
				"east": {"uv": [10, 5, 11, 8], "texture": "#0"},
				"south": {"uv": [13, 5, 14, 8], "texture": "#0"},
				"west": {"uv": [12, 5, 13, 8], "texture": "#0"},
				"up": {"uv": [12, 5, 11, 4], "texture": "#0"},
				"down": {"uv": [13, 4, 12, 5], "texture": "#0"}
			}
		},
		{
			"from": [7.52293, 2.72283, 7.4],
			"to": [7.52293, 3.72283, 9.4],
			"rotation": {"angle": 0, "axis": "y", "origin": [8.52293, 2.02283, 8]},
			"faces": {
				"north": {"uv": [12, 11, 12, 12], "texture": "#0"},
				"east": {"uv": [10, 11, 12, 12], "texture": "#0"},
				"south": {"uv": [14, 11, 14, 12], "texture": "#0"},
				"west": {"uv": [12, 11, 14, 12], "texture": "#0"},
				"up": {"uv": [12, 11, 12, 9], "texture": "#0"},
				"down": {"uv": [12, 9, 12, 11], "texture": "#0"}
			}
		},
		{
			"from": [7.52293, 2.72283, 4.7],
			"to": [7.52293, 3.72283, 7.7],
			"rotation": {"angle": 0, "axis": "y", "origin": [8.52293, 2.02283, 7]},
			"faces": {
				"north": {"uv": [12, 10, 12, 11], "texture": "#0"},
				"east": {"uv": [9, 10, 12, 11], "texture": "#0"},
				"south": {"uv": [15, 10, 15, 11], "texture": "#0"},
				"west": {"uv": [12, 10, 15, 11], "texture": "#0"},
				"up": {"uv": [12, 10, 12, 7], "texture": "#0"},
				"down": {"uv": [12, 7, 12, 10], "texture": "#0"}
			}
		},
		{
			"from": [9.3, 0, 8],
			"to": [10.3, 3, 9],
			"rotation": {"angle": 0, "axis": "y", "origin": [10, 0, 9]},
			"faces": {
				"north": {"uv": [5, 13, 6, 16], "texture": "#0"},
				"east": {"uv": [4, 13, 5, 16], "texture": "#0"},
				"south": {"uv": [7, 13, 8, 16], "texture": "#0"},
				"west": {"uv": [6, 13, 7, 16], "texture": "#0"},
				"up": {"uv": [6, 13, 5, 12], "texture": "#0"},
				"down": {"uv": [7, 12, 6, 13], "texture": "#0"}
			}
		},
		{
			"from": [7.7, 0, 8],
			"to": [8.7, 3, 9],
			"rotation": {"angle": 0, "axis": "y", "origin": [9, 0, 9]},
			"faces": {
				"north": {"uv": [1, 5, 2, 8], "texture": "#0"},
				"east": {"uv": [0, 5, 1, 8], "texture": "#0"},
				"south": {"uv": [3, 5, 4, 8], "texture": "#0"},
				"west": {"uv": [2, 5, 3, 8], "texture": "#0"},
				"up": {"uv": [2, 5, 1, 4], "texture": "#0"},
				"down": {"uv": [3, 4, 2, 5], "texture": "#0"}
			}
		},
		{
			"from": [8, 6, 7.5],
			"to": [10, 8, 9.5],
			"rotation": {"angle": 0, "axis": "y", "origin": [9, 6, 8]},
			"faces": {
				"north": {"uv": [2, 2, 4, 4], "texture": "#0"},
				"east": {"uv": [0, 2, 2, 4], "texture": "#0"},
				"south": {"uv": [6, 2, 8, 4], "texture": "#0"},
				"west": {"uv": [4, 2, 6, 4], "texture": "#0"},
				"up": {"uv": [4, 2, 2, 0], "texture": "#0"},
				"down": {"uv": [6, 0, 4, 2], "texture": "#0"}
			}
		},
		{
			"from": [7, 7, 8.5],
			"to": [8, 8, 8.5],
			"rotation": {"angle": 0, "axis": "y", "origin": [8, 7, 8]},
			"faces": {
				"north": {"uv": [3, 10, 4, 11], "texture": "#0"},
				"east": {"uv": [3, 10, 3, 11], "texture": "#0"},
				"south": {"uv": [4, 10, 5, 11], "texture": "#0"},
				"west": {"uv": [4, 10, 4, 11], "texture": "#0"},
				"up": {"uv": [4, 10, 3, 10], "texture": "#0"},
				"down": {"uv": [5, 10, 4, 10], "texture": "#0"}
			}
		},
		{
			"from": [10, 7, 8.5],
			"to": [11, 8, 8.5],
			"rotation": {"angle": 0, "axis": "y", "origin": [11, 7, 8]},
			"faces": {
				"north": {"uv": [5, 10, 6, 11], "texture": "#0"},
				"east": {"uv": [5, 10, 5, 11], "texture": "#0"},
				"south": {"uv": [6, 10, 7, 11], "texture": "#0"},
				"west": {"uv": [6, 10, 6, 11], "texture": "#0"},
				"up": {"uv": [6, 10, 5, 10], "texture": "#0"},
				"down": {"uv": [7, 10, 6, 10], "texture": "#0"}
			}
		}
	],
	"display": {
		"head": {
			"translation": [-2, -27, -1],
			"scale": [2, 2, 2]
		}
	},
	"groups": [
		{
			"name": "bone",
			"origin": [8, 0, 8],
			"color": 0,
			"children": [0]
		},
		{
			"name": "bone3",
			"origin": [8, 0, 8],
			"color": 0,
			"children": [1]
		},
		{
			"name": "bone7",
			"origin": [8, 6, 8],
			"color": 0,
			"children": [
				{
					"name": "bone6",
					"origin": [9.52293, 3.02283, 9],
					"color": 0,
					"children": [2]
				},
				{
					"name": "bone5",
					"origin": [7.52293, 3.02283, 8],
					"color": 0,
					"children": [3, 4]
				}
			]
		},
		{
			"name": "bone9",
			"origin": [8, 0, 8],
			"color": 0,
			"children": [
				{
					"name": "bone2",
					"origin": [8, 0, 8],
					"color": 0,
					"children": [5]
				},
				{
					"name": "bone8",
					"origin": [10, 0, 9],
					"color": 0,
					"children": [6]
				}
			]
		},
		{
			"name": "bone10",
			"origin": [9, 6, 8],
			"color": 0,
			"children": [
				7,
				{
					"name": "bone4",
					"origin": [8, 0, 8],
					"color": 0,
					"children": [8, 9]
				}
			]
		}
	]
}