{
	"credit": "Made with Blockbench",
	"texture_size": [64, 64],
	"textures": {
		"0": "item/mask",
		"particle": "item/mask"
	},
	"elements": [
		{
			"from": [7, 1.28912, -5.31703],
			"to": [9, 3.28912, -0.31703],
			"rotation": {"angle": -22.5, "axis": "x", "origin": [9, -0.71088, -2.31703]},
			"faces": {
				"north": {"uv": [6.25, 3.5, 6.75, 4], "texture": "#0"},
				"east": {"uv": [0, 6.25, 1.25, 6.75], "texture": "#0"},
				"south": {"uv": [3.75, 6.25, 4.25, 6.75], "texture": "#0"},
				"west": {"uv": [1.25, 6.25, 2.5, 6.75], "texture": "#0"},
				"up": {"uv": [6.75, 2.75, 6.25, 1.5], "texture": "#0"},
				"down": {"uv": [3, 6.25, 2.5, 7.5], "texture": "#0"}
			}
		},
		{
			"from": [6.5, 1.25, -2],
			"to": [9.5, 4.25, 3],
			"rotation": {"angle": 0, "axis": "y", "origin": [8.5, -0.75, 1]},
			"faces": {
				"north": {"uv": [6.25, 2.75, 7, 3.5], "texture": "#0"},
				"east": {"uv": [5.5, 0, 6.75, 0.75], "texture": "#0"},
				"south": {"uv": [3, 6.25, 3.75, 7], "texture": "#0"},
				"west": {"uv": [5.5, 0.75, 6.75, 1.5], "texture": "#0"},
				"up": {"uv": [6.25, 2.75, 5.5, 1.5], "texture": "#0"},
				"down": {"uv": [6.25, 2.75, 5.5, 4], "texture": "#0"}
			}
		},
		{
			"from": [3, -0.5, 3],
			"to": [13, 8.5, 3],
			"rotation": {"angle": 0, "axis": "y", "origin": [7, -0.5, 1]},
			"faces": {
				"north": {"uv": [3, 0, 5.5, 2.25], "texture": "#0"},
				"east": {"uv": [0, 0, 0, 2.25], "texture": "#0"},
				"south": {"uv": [3, 2.25, 5.5, 4.5], "texture": "#0"},
				"west": {"uv": [0, 0, 0, 2.25], "texture": "#0"},
				"up": {"uv": [2.5, 0, 0, 0], "texture": "#0"},
				"down": {"uv": [2.5, 0, 0, 0], "texture": "#0"}
			}
		},
		{
			"from": [2, 8.25, 2],
			"to": [14, 9.25, 14],
			"rotation": {"angle": 0, "axis": "y", "origin": [9, 6.25, 11]},
			"faces": {
				"north": {"uv": [5.5, 4, 8.5, 4.25], "texture": "#0"},
				"east": {"uv": [5.5, 4.25, 8.5, 4.5], "texture": "#0"},
				"south": {"uv": [0, 6, 3, 6.25], "texture": "#0"},
				"west": {"uv": [3, 6, 6, 6.25], "texture": "#0"},
				"up": {"uv": [3, 3, 0, 0], "texture": "#0"},
				"down": {"uv": [3, 3, 0, 6], "texture": "#0"}
			}
		},
		{
			"from": [5, 9.25, 5],
			"to": [11, 11.25, 11],
			"rotation": {"angle": 0, "axis": "y", "origin": [9, 7.25, 11]},
			"faces": {
				"north": {"uv": [6, 4.5, 7.5, 5], "texture": "#0"},
				"east": {"uv": [6, 5, 7.5, 5.5], "texture": "#0"},
				"south": {"uv": [6, 5.5, 7.5, 6], "texture": "#0"},
				"west": {"uv": [6, 6, 7.5, 6.5], "texture": "#0"},
				"up": {"uv": [4.5, 6, 3, 4.5], "texture": "#0"},
				"down": {"uv": [6, 4.5, 4.5, 6], "texture": "#0"}
			}
		}
	],
	"display": {
		"gui": {
			"translation": [0, 2.75, 0]
		},
		"head": {
			"translation": [0, 5.25, -0.5],
			"scale": [1.5, 1.5, 1.2]
		}
	},
	"groups": [
		{
			"name": "anchor",
			"origin": [9, 7.25, 11],
			"color": 0,
			"children": [0, 1, 2, 3, 4]
		}
	]
}