{
	"credit": "Made with Blockbench",
	"texture_size": [8, 8],
	"textures": {
		"1": "item/mid_medium_1",
		"2": "item/mid_medium_2",
		"4": "item/mid_medium_4"
	},
	"elements": [
		{
			"from": [3.5, 12, 5],
			"to": [12.5, 24, 5.5],
			"faces": {
				"north": {"uv": [2.25, 0, 3.375, 1.5], "texture": "#2"},
				"east": {"uv": [4.625, 6.75, 4.75, 8.25], "texture": "#2"},
				"south": {"uv": [2.25, 1.5, 3.375, 3], "texture": "#2"},
				"west": {"uv": [4.75, 6.75, 4.875, 8.25], "texture": "#2"},
				"up": {"uv": [7.875, 4.25, 6.75, 4.125], "texture": "#2"},
				"down": {"uv": [7.875, 4.25, 6.75, 4.375], "texture": "#2"}
			}
		},
		{
			"from": [3.3, 15.5, 10.5],
			"to": [12.7, 16.5, 10.75],
			"faces": {
				"north": {"uv": [6.875, 6.75, 8, 6.875], "texture": "#2"},
				"east": {"uv": [7, 10, 7.125, 10.125], "texture": "#2"},
				"south": {"uv": [6.875, 6.875, 8, 7], "texture": "#2"},
				"west": {"uv": [7.125, 10, 7.25, 10.125], "texture": "#2"},
				"up": {"uv": [8.125, 0.125, 7, 0], "texture": "#2"},
				"down": {"uv": [8.125, 0.125, 7, 0.25], "texture": "#2"}
			}
		},
		{
			"from": [3.3, 13.5, 10.5],
			"to": [12.7, 14.5, 10.75],
			"faces": {
				"north": {"uv": [7, 0.25, 8.125, 0.375], "texture": "#2"},
				"east": {"uv": [10, 7.125, 10.125, 7.25], "texture": "#2"},
				"south": {"uv": [7, 0.375, 8.125, 0.5], "texture": "#2"},
				"west": {"uv": [7.25, 10, 7.375, 10.125], "texture": "#2"},
				"up": {"uv": [1.625, 7.125, 0.5, 7], "texture": "#2"},
				"down": {"uv": [8.125, 0.5, 7, 0.625], "texture": "#2"}
			}
		},
		{
			"from": [3.3, 15.5, 5],
			"to": [3.5, 16.5, 10.55],
			"faces": {
				"north": {"uv": [10, 8.125, 10.125, 8.25], "texture": "#2"},
				"east": {"uv": [7.625, 6.375, 8.375, 6.5], "texture": "#2"},
				"south": {"uv": [8.375, 10, 8.5, 10.125], "texture": "#2"},
				"west": {"uv": [7.625, 7.375, 8.375, 7.5], "texture": "#2"},
				"up": {"uv": [7.125, 8.375, 7, 7.625], "texture": "#2"},
				"down": {"uv": [7.25, 7.625, 7.125, 8.375], "texture": "#2"}
			}
		},
		{
			"from": [3.3, 13.5, 5],
			"to": [3.5, 14.5, 10.55],
			"faces": {
				"north": {"uv": [10, 8, 10.125, 8.125], "texture": "#2"},
				"east": {"uv": [7.625, 6.125, 8.375, 6.25], "texture": "#2"},
				"south": {"uv": [8.125, 10, 8.25, 10.125], "texture": "#2"},
				"west": {"uv": [7.625, 6.25, 8.375, 6.375], "texture": "#2"},
				"up": {"uv": [6.875, 8.375, 6.75, 7.625], "texture": "#2"},
				"down": {"uv": [7, 7.625, 6.875, 8.375], "texture": "#2"}
			}
		},
		{
			"from": [12.45, 15.5, 5],
			"to": [12.7, 16.5, 10.55],
			"faces": {
				"north": {"uv": [7.875, 10, 8, 10.125], "texture": "#2"},
				"east": {"uv": [7.625, 5.875, 8.375, 6], "texture": "#2"},
				"south": {"uv": [10, 7.875, 10.125, 8], "texture": "#2"},
				"west": {"uv": [7.625, 6, 8.375, 6.125], "texture": "#2"},
				"up": {"uv": [6.625, 8.375, 6.5, 7.625], "texture": "#2"},
				"down": {"uv": [6.75, 7.625, 6.625, 8.375], "texture": "#2"}
			}
		},
		{
			"from": [12.45, 13.5, 5],
			"to": [12.7, 14.5, 10.55],
			"faces": {
				"north": {"uv": [7.75, 10, 7.875, 10.125], "texture": "#2"},
				"east": {"uv": [7.5, 7, 8.25, 7.125], "texture": "#2"},
				"south": {"uv": [10, 7.75, 10.125, 7.875], "texture": "#2"},
				"west": {"uv": [7.625, 5.75, 8.375, 5.875], "texture": "#2"},
				"up": {"uv": [5.625, 3.125, 5.5, 2.375], "texture": "#2"},
				"down": {"uv": [6.5, 7.625, 6.375, 8.375], "texture": "#2"}
			}
		},
		{
			"from": [3.3, 15.5, 4.75],
			"to": [12.7, 16.5, 5],
			"faces": {
				"north": {"uv": [7, 1.125, 8.125, 1.25], "texture": "#2"},
				"east": {"uv": [7.5, 10, 7.625, 10.125], "texture": "#2"},
				"south": {"uv": [7, 1.25, 8.125, 1.375], "texture": "#2"},
				"west": {"uv": [7.625, 10, 7.75, 10.125], "texture": "#2"},
				"up": {"uv": [8.125, 1.5, 7, 1.375], "texture": "#2"},
				"down": {"uv": [8.125, 1.5, 7, 1.625], "texture": "#2"}
			}
		},
		{
			"from": [5.3, 20.5, 4.75],
			"to": [10.7, 21.5, 5],
			"faces": {
				"north": {"uv": [8.625, 3.875, 9.25, 4], "texture": "#2"},
				"east": {"uv": [10.125, 6.375, 10.25, 6.5], "texture": "#2"},
				"south": {"uv": [8.625, 5, 9.25, 5.125], "texture": "#2"},
				"west": {"uv": [6.5, 10.125, 6.625, 10.25], "texture": "#2"},
				"up": {"uv": [9.25, 5.25, 8.625, 5.125], "texture": "#2"},
				"down": {"uv": [9.25, 5.25, 8.625, 5.375], "texture": "#2"}
			}
		},
		{
			"from": [5.3, 19.4, 4.75],
			"to": [10.7, 20.4, 5],
			"faces": {
				"north": {"uv": [8.625, 6.5, 9.25, 6.625], "texture": "#2"},
				"east": {"uv": [10.125, 6.625, 10.25, 6.75], "texture": "#2"},
				"south": {"uv": [8.625, 6.625, 9.25, 6.75], "texture": "#2"},
				"west": {"uv": [6.75, 10.125, 6.875, 10.25], "texture": "#2"},
				"up": {"uv": [9.25, 6.875, 8.625, 6.75], "texture": "#2"},
				"down": {"uv": [9.25, 6.875, 8.625, 7], "texture": "#2"}
			}
		},
		{
			"from": [3.75, 16.45, 4.75],
			"to": [4.75, 22.6, 5],
			"rotation": {"angle": 0, "axis": "y", "origin": [8, 19.9, 4.875]},
			"faces": {
				"north": {"uv": [1.625, 7.875, 1.75, 8.625], "texture": "#2"},
				"east": {"uv": [3.125, 7.875, 3.25, 8.625], "texture": "#2"},
				"south": {"uv": [3.25, 7.875, 3.375, 8.625], "texture": "#2"},
				"west": {"uv": [7.875, 4, 8, 4.75], "texture": "#2"},
				"up": {"uv": [10.25, 6.875, 10.125, 6.75], "texture": "#2"},
				"down": {"uv": [7, 10.125, 6.875, 10.25], "texture": "#2"}
			}
		},
		{
			"from": [3.75, 21.2, 4.55],
			"to": [4.75, 21.6, 4.8],
			"rotation": {"angle": 0, "axis": "y", "origin": [8, 19.9, 4.875]},
			"faces": {
				"north": {"uv": [10.125, 7, 10.25, 7.125], "texture": "#2"},
				"east": {"uv": [7.125, 10.125, 7.25, 10.25], "texture": "#2"},
				"south": {"uv": [10.125, 7.125, 10.25, 7.25], "texture": "#2"},
				"west": {"uv": [7.25, 10.125, 7.375, 10.25], "texture": "#2"},
				"up": {"uv": [10.25, 7.375, 10.125, 7.25], "texture": "#2"},
				"down": {"uv": [7.5, 10.125, 7.375, 10.25], "texture": "#2"}
			}
		},
		{
			"from": [3.75, 20.7, 4.55],
			"to": [4.75, 21.1, 4.8],
			"rotation": {"angle": 0, "axis": "y", "origin": [8, 19.9, 4.875]},
			"faces": {
				"north": {"uv": [10.125, 7.375, 10.25, 7.5], "texture": "#2"},
				"east": {"uv": [7.5, 10.125, 7.625, 10.25], "texture": "#2"},
				"south": {"uv": [10.125, 7.5, 10.25, 7.625], "texture": "#2"},
				"west": {"uv": [7.625, 10.125, 7.75, 10.25], "texture": "#2"},
				"up": {"uv": [10.25, 7.75, 10.125, 7.625], "texture": "#2"},
				"down": {"uv": [7.875, 10.125, 7.75, 10.25], "texture": "#2"}
			}
		},
		{
			"from": [3.75, 20.2, 4.55],
			"to": [4.75, 20.6, 4.8],
			"rotation": {"angle": 0, "axis": "y", "origin": [8, 19.9, 4.875]},
			"faces": {
				"north": {"uv": [10.125, 7.75, 10.25, 7.875], "texture": "#2"},
				"east": {"uv": [7.875, 10.125, 8, 10.25], "texture": "#2"},
				"south": {"uv": [10.125, 7.875, 10.25, 8], "texture": "#2"},
				"west": {"uv": [8, 10.125, 8.125, 10.25], "texture": "#2"},
				"up": {"uv": [10.25, 8.125, 10.125, 8], "texture": "#2"},
				"down": {"uv": [8.25, 10.125, 8.125, 10.25], "texture": "#2"}
			}
		},
		{
			"from": [3.75, 19.7, 4.55],
			"to": [4.75, 20.1, 4.8],
			"rotation": {"angle": 0, "axis": "y", "origin": [8, 19.9, 4.875]},
			"faces": {
				"north": {"uv": [10.125, 8.125, 10.25, 8.25], "texture": "#2"},
				"east": {"uv": [8.25, 10.125, 8.375, 10.25], "texture": "#2"},
				"south": {"uv": [10.125, 8.25, 10.25, 8.375], "texture": "#2"},
				"west": {"uv": [8.375, 10.125, 8.5, 10.25], "texture": "#2"},
				"up": {"uv": [10.25, 8.5, 10.125, 8.375], "texture": "#2"},
				"down": {"uv": [8.625, 10.125, 8.5, 10.25], "texture": "#2"}
			}
		},
		{
			"from": [3.75, 19.2, 4.55],
			"to": [4.75, 19.6, 4.8],
			"rotation": {"angle": 0, "axis": "y", "origin": [8, 19.9, 4.875]},
			"faces": {
				"north": {"uv": [10.125, 8.5, 10.25, 8.625], "texture": "#2"},
				"east": {"uv": [8.625, 10.125, 8.75, 10.25], "texture": "#2"},
				"south": {"uv": [10.125, 8.625, 10.25, 8.75], "texture": "#2"},
				"west": {"uv": [8.75, 10.125, 8.875, 10.25], "texture": "#2"},
				"up": {"uv": [10.25, 8.875, 10.125, 8.75], "texture": "#2"},
				"down": {"uv": [9, 10.125, 8.875, 10.25], "texture": "#2"}
			}
		},
		{
			"from": [3.75, 18.7, 4.55],
			"to": [4.75, 19.1, 4.8],
			"rotation": {"angle": 0, "axis": "y", "origin": [8, 19.9, 4.875]},
			"faces": {
				"north": {"uv": [10.125, 8.875, 10.25, 9], "texture": "#2"},
				"east": {"uv": [9, 10.125, 9.125, 10.25], "texture": "#2"},
				"south": {"uv": [10.125, 9, 10.25, 9.125], "texture": "#2"},
				"west": {"uv": [9.125, 10.125, 9.25, 10.25], "texture": "#2"},
				"up": {"uv": [10.25, 9.25, 10.125, 9.125], "texture": "#2"},
				"down": {"uv": [9.375, 10.125, 9.25, 10.25], "texture": "#2"}
			}
		},
		{
			"from": [3.75, 18.2, 4.55],
			"to": [4.75, 18.6, 4.8],
			"rotation": {"angle": 0, "axis": "y", "origin": [8, 19.9, 4.875]},
			"faces": {
				"north": {"uv": [10.125, 9.25, 10.25, 9.375], "texture": "#2"},
				"east": {"uv": [9.375, 10.125, 9.5, 10.25], "texture": "#2"},
				"south": {"uv": [10.125, 9.375, 10.25, 9.5], "texture": "#2"},
				"west": {"uv": [9.5, 10.125, 9.625, 10.25], "texture": "#2"},
				"up": {"uv": [10.25, 9.625, 10.125, 9.5], "texture": "#2"},
				"down": {"uv": [9.75, 10.125, 9.625, 10.25], "texture": "#2"}
			}
		},
		{
			"from": [11.25, 18.2, 4.55],
			"to": [12.25, 18.6, 4.8],
			"rotation": {"angle": 0, "axis": "y", "origin": [8, 19.9, 4.875]},
			"faces": {
				"north": {"uv": [1.75, 10.25, 1.875, 10.375], "texture": "#2"},
				"east": {"uv": [10.25, 1.75, 10.375, 1.875], "texture": "#2"},
				"south": {"uv": [1.875, 10.25, 2, 10.375], "texture": "#2"},
				"west": {"uv": [10.25, 1.875, 10.375, 2], "texture": "#2"},
				"up": {"uv": [2.125, 10.375, 2, 10.25], "texture": "#2"},
				"down": {"uv": [10.375, 2, 10.25, 2.125], "texture": "#2"}
			}
		},
		{
			"from": [11.25, 17.7, 4.55],
			"to": [12.25, 18.1, 4.8],
			"rotation": {"angle": 0, "axis": "y", "origin": [8, 19.9, 4.875]},
			"faces": {
				"north": {"uv": [2.125, 10.25, 2.25, 10.375], "texture": "#2"},
				"east": {"uv": [10.25, 2.125, 10.375, 2.25], "texture": "#2"},
				"south": {"uv": [2.25, 10.25, 2.375, 10.375], "texture": "#2"},
				"west": {"uv": [10.25, 2.25, 10.375, 2.375], "texture": "#2"},
				"up": {"uv": [2.5, 10.375, 2.375, 10.25], "texture": "#2"},
				"down": {"uv": [10.375, 2.375, 10.25, 2.5], "texture": "#2"}
			}
		},
		{
			"from": [11.25, 17.2, 4.55],
			"to": [12.25, 17.6, 4.8],
			"rotation": {"angle": 0, "axis": "y", "origin": [8, 19.9, 4.875]},
			"faces": {
				"north": {"uv": [2.5, 10.25, 2.625, 10.375], "texture": "#2"},
				"east": {"uv": [10.25, 2.5, 10.375, 2.625], "texture": "#2"},
				"south": {"uv": [2.625, 10.25, 2.75, 10.375], "texture": "#2"},
				"west": {"uv": [10.25, 2.625, 10.375, 2.75], "texture": "#2"},
				"up": {"uv": [2.875, 10.375, 2.75, 10.25], "texture": "#2"},
				"down": {"uv": [10.375, 2.75, 10.25, 2.875], "texture": "#2"}
			}
		},
		{
			"from": [11.25, 16.7, 4.55],
			"to": [12.25, 17.1, 4.8],
			"rotation": {"angle": 0, "axis": "y", "origin": [8, 19.9, 4.875]},
			"faces": {
				"north": {"uv": [2.875, 10.25, 3, 10.375], "texture": "#2"},
				"east": {"uv": [10.25, 2.875, 10.375, 3], "texture": "#2"},
				"south": {"uv": [3, 10.25, 3.125, 10.375], "texture": "#2"},
				"west": {"uv": [10.25, 3, 10.375, 3.125], "texture": "#2"},
				"up": {"uv": [3.25, 10.375, 3.125, 10.25], "texture": "#2"},
				"down": {"uv": [10.375, 3.125, 10.25, 3.25], "texture": "#2"}
			}
		},
		{
			"from": [11.25, 18.7, 4.55],
			"to": [12.25, 19.1, 4.8],
			"rotation": {"angle": 0, "axis": "y", "origin": [8, 19.9, 4.875]},
			"faces": {
				"north": {"uv": [1.375, 10.25, 1.5, 10.375], "texture": "#2"},
				"east": {"uv": [10.25, 1.375, 10.375, 1.5], "texture": "#2"},
				"south": {"uv": [1.5, 10.25, 1.625, 10.375], "texture": "#2"},
				"west": {"uv": [10.25, 1.5, 10.375, 1.625], "texture": "#2"},
				"up": {"uv": [1.75, 10.375, 1.625, 10.25], "texture": "#2"},
				"down": {"uv": [10.375, 1.625, 10.25, 1.75], "texture": "#2"}
			}
		},
		{
			"from": [11.25, 19.2, 4.55],
			"to": [12.25, 19.6, 4.8],
			"rotation": {"angle": 0, "axis": "y", "origin": [8, 19.9, 4.875]},
			"faces": {
				"north": {"uv": [1, 10.25, 1.125, 10.375], "texture": "#2"},
				"east": {"uv": [10.25, 1, 10.375, 1.125], "texture": "#2"},
				"south": {"uv": [1.125, 10.25, 1.25, 10.375], "texture": "#2"},
				"west": {"uv": [10.25, 1.125, 10.375, 1.25], "texture": "#2"},
				"up": {"uv": [1.375, 10.375, 1.25, 10.25], "texture": "#2"},
				"down": {"uv": [10.375, 1.25, 10.25, 1.375], "texture": "#2"}
			}
		},
		{
			"from": [11.25, 19.7, 4.55],
			"to": [12.25, 20.1, 4.8],
			"rotation": {"angle": 0, "axis": "y", "origin": [8, 19.9, 4.875]},
			"faces": {
				"north": {"uv": [0.625, 10.25, 0.75, 10.375], "texture": "#2"},
				"east": {"uv": [10.25, 0.625, 10.375, 0.75], "texture": "#2"},
				"south": {"uv": [0.75, 10.25, 0.875, 10.375], "texture": "#2"},
				"west": {"uv": [10.25, 0.75, 10.375, 0.875], "texture": "#2"},
				"up": {"uv": [1, 10.375, 0.875, 10.25], "texture": "#2"},
				"down": {"uv": [10.375, 0.875, 10.25, 1], "texture": "#2"}
			}
		},
		{
			"from": [11.25, 20.2, 4.55],
			"to": [12.25, 20.6, 4.8],
			"rotation": {"angle": 0, "axis": "y", "origin": [8, 19.9, 4.875]},
			"faces": {
				"north": {"uv": [0.25, 10.25, 0.375, 10.375], "texture": "#2"},
				"east": {"uv": [10.25, 0.25, 10.375, 0.375], "texture": "#2"},
				"south": {"uv": [0.375, 10.25, 0.5, 10.375], "texture": "#2"},
				"west": {"uv": [10.25, 0.375, 10.375, 0.5], "texture": "#2"},
				"up": {"uv": [0.625, 10.375, 0.5, 10.25], "texture": "#2"},
				"down": {"uv": [10.375, 0.5, 10.25, 0.625], "texture": "#2"}
			}
		},
		{
			"from": [11.25, 20.7, 4.55],
			"to": [12.25, 21.1, 4.8],
			"rotation": {"angle": 0, "axis": "y", "origin": [8, 19.9, 4.875]},
			"faces": {
				"north": {"uv": [10.125, 10, 10.25, 10.125], "texture": "#2"},
				"east": {"uv": [10.125, 10.125, 10.25, 10.25], "texture": "#2"},
				"south": {"uv": [0, 10.25, 0.125, 10.375], "texture": "#2"},
				"west": {"uv": [10.25, 0, 10.375, 0.125], "texture": "#2"},
				"up": {"uv": [0.25, 10.375, 0.125, 10.25], "texture": "#2"},
				"down": {"uv": [10.375, 0.125, 10.25, 0.25], "texture": "#2"}
			}
		},
		{
			"from": [11.25, 21.2, 4.55],
			"to": [12.25, 21.6, 4.8],
			"rotation": {"angle": 0, "axis": "y", "origin": [8, 19.9, 4.875]},
			"faces": {
				"north": {"uv": [10.125, 9.625, 10.25, 9.75], "texture": "#2"},
				"east": {"uv": [9.75, 10.125, 9.875, 10.25], "texture": "#2"},
				"south": {"uv": [10.125, 9.75, 10.25, 9.875], "texture": "#2"},
				"west": {"uv": [9.875, 10.125, 10, 10.25], "texture": "#2"},
				"up": {"uv": [10.25, 10, 10.125, 9.875], "texture": "#2"},
				"down": {"uv": [10.125, 10.125, 10, 10.25], "texture": "#2"}
			}
		},
		{
			"from": [11.25, 21.7, 4.55],
			"to": [12.25, 22.1, 4.8],
			"rotation": {"angle": 0, "axis": "y", "origin": [8, 19.9, 4.875]},
			"faces": {
				"north": {"uv": [3.25, 10.25, 3.375, 10.375], "texture": "#2"},
				"east": {"uv": [10.25, 3.25, 10.375, 3.375], "texture": "#2"},
				"south": {"uv": [3.375, 10.25, 3.5, 10.375], "texture": "#2"},
				"west": {"uv": [10.25, 3.375, 10.375, 3.5], "texture": "#2"},
				"up": {"uv": [3.625, 10.375, 3.5, 10.25], "texture": "#2"},
				"down": {"uv": [10.375, 3.5, 10.25, 3.625], "texture": "#2"}
			}
		},
		{
			"from": [11.25, 22.2, 4.55],
			"to": [12.25, 22.6, 4.8],
			"rotation": {"angle": 0, "axis": "y", "origin": [8, 19.9, 4.875]},
			"faces": {
				"north": {"uv": [3.625, 10.25, 3.75, 10.375], "texture": "#2"},
				"east": {"uv": [10.25, 3.625, 10.375, 3.75], "texture": "#2"},
				"south": {"uv": [3.75, 10.25, 3.875, 10.375], "texture": "#2"},
				"west": {"uv": [10.25, 3.75, 10.375, 3.875], "texture": "#2"},
				"up": {"uv": [4, 10.375, 3.875, 10.25], "texture": "#2"},
				"down": {"uv": [10.375, 3.875, 10.25, 4], "texture": "#2"}
			}
		},
		{
			"from": [3.75, 22.2, 4.55],
			"to": [4.75, 22.6, 4.8],
			"rotation": {"angle": 0, "axis": "y", "origin": [8, 19.9, 4.875]},
			"faces": {
				"north": {"uv": [4.375, 10.25, 4.5, 10.375], "texture": "#2"},
				"east": {"uv": [10.25, 4.375, 10.375, 4.5], "texture": "#2"},
				"south": {"uv": [4.5, 10.25, 4.625, 10.375], "texture": "#2"},
				"west": {"uv": [10.25, 4.5, 10.375, 4.625], "texture": "#2"},
				"up": {"uv": [4.75, 10.375, 4.625, 10.25], "texture": "#2"},
				"down": {"uv": [10.375, 4.625, 10.25, 4.75], "texture": "#2"}
			}
		},
		{
			"from": [3.75, 21.7, 4.55],
			"to": [4.75, 22.1, 4.8],
			"rotation": {"angle": 0, "axis": "y", "origin": [8, 19.9, 4.875]},
			"faces": {
				"north": {"uv": [4, 10.25, 4.125, 10.375], "texture": "#2"},
				"east": {"uv": [10.25, 4, 10.375, 4.125], "texture": "#2"},
				"south": {"uv": [4.125, 10.25, 4.25, 10.375], "texture": "#2"},
				"west": {"uv": [10.25, 4.125, 10.375, 4.25], "texture": "#2"},
				"up": {"uv": [4.375, 10.375, 4.25, 10.25], "texture": "#2"},
				"down": {"uv": [10.375, 4.25, 10.25, 4.375], "texture": "#2"}
			}
		},
		{
			"from": [3.75, 17.7, 4.55],
			"to": [4.75, 18.1, 4.8],
			"rotation": {"angle": 0, "axis": "y", "origin": [8, 19.9, 4.875]},
			"faces": {
				"north": {"uv": [5.125, 10.25, 5.25, 10.375], "texture": "#2"},
				"east": {"uv": [10.25, 5.125, 10.375, 5.25], "texture": "#2"},
				"south": {"uv": [5.25, 10.25, 5.375, 10.375], "texture": "#2"},
				"west": {"uv": [10.25, 5.25, 10.375, 5.375], "texture": "#2"},
				"up": {"uv": [5.5, 10.375, 5.375, 10.25], "texture": "#2"},
				"down": {"uv": [10.375, 5.375, 10.25, 5.5], "texture": "#2"}
			}
		},
		{
			"from": [3.75, 17.2, 4.55],
			"to": [4.75, 17.6, 4.8],
			"rotation": {"angle": 0, "axis": "y", "origin": [8, 19.9, 4.875]},
			"faces": {
				"north": {"uv": [4.75, 10.25, 4.875, 10.375], "texture": "#2"},
				"east": {"uv": [10.25, 4.75, 10.375, 4.875], "texture": "#2"},
				"south": {"uv": [4.875, 10.25, 5, 10.375], "texture": "#2"},
				"west": {"uv": [10.25, 4.875, 10.375, 5], "texture": "#2"},
				"up": {"uv": [5.125, 10.375, 5, 10.25], "texture": "#2"},
				"down": {"uv": [10.375, 5, 10.25, 5.125], "texture": "#2"}
			}
		},
		{
			"from": [3.75, 16.7, 4.55],
			"to": [4.75, 17.1, 4.8],
			"rotation": {"angle": 0, "axis": "y", "origin": [8, 19.9, 4.875]},
			"faces": {
				"north": {"uv": [5.5, 10.25, 5.625, 10.375], "texture": "#2"},
				"east": {"uv": [10.25, 5.5, 10.375, 5.625], "texture": "#2"},
				"south": {"uv": [5.625, 10.25, 5.75, 10.375], "texture": "#2"},
				"west": {"uv": [10.25, 5.625, 10.375, 5.75], "texture": "#2"},
				"up": {"uv": [5.875, 10.375, 5.75, 10.25], "texture": "#2"},
				"down": {"uv": [10.375, 5.75, 10.25, 5.875], "texture": "#2"}
			}
		},
		{
			"from": [11.25, 16.7, 10.75],
			"to": [12.25, 17.1, 11],
			"rotation": {"angle": 0, "axis": "y", "origin": [8, 19.9, 4.875]},
			"faces": {
				"north": {"uv": [10.375, 4.375, 10.5, 4.5], "texture": "#2"},
				"east": {"uv": [4.5, 10.375, 4.625, 10.5], "texture": "#2"},
				"south": {"uv": [10.375, 4.5, 10.5, 4.625], "texture": "#2"},
				"west": {"uv": [4.625, 10.375, 4.75, 10.5], "texture": "#2"},
				"up": {"uv": [10.5, 4.75, 10.375, 4.625], "texture": "#2"},
				"down": {"uv": [4.875, 10.375, 4.75, 10.5], "texture": "#2"}
			}
		},
		{
			"from": [11.25, 17.2, 10.75],
			"to": [12.25, 17.6, 11],
			"rotation": {"angle": 0, "axis": "y", "origin": [8, 19.9, 4.875]},
			"faces": {
				"north": {"uv": [10.375, 4, 10.5, 4.125], "texture": "#2"},
				"east": {"uv": [4.125, 10.375, 4.25, 10.5], "texture": "#2"},
				"south": {"uv": [10.375, 4.125, 10.5, 4.25], "texture": "#2"},
				"west": {"uv": [4.25, 10.375, 4.375, 10.5], "texture": "#2"},
				"up": {"uv": [10.5, 4.375, 10.375, 4.25], "texture": "#2"},
				"down": {"uv": [4.5, 10.375, 4.375, 10.5], "texture": "#2"}
			}
		},
		{
			"from": [11.25, 17.7, 10.75],
			"to": [12.25, 18.1, 11],
			"rotation": {"angle": 0, "axis": "y", "origin": [8, 19.9, 4.875]},
			"faces": {
				"north": {"uv": [10.375, 3.625, 10.5, 3.75], "texture": "#2"},
				"east": {"uv": [3.75, 10.375, 3.875, 10.5], "texture": "#2"},
				"south": {"uv": [10.375, 3.75, 10.5, 3.875], "texture": "#2"},
				"west": {"uv": [3.875, 10.375, 4, 10.5], "texture": "#2"},
				"up": {"uv": [10.5, 4, 10.375, 3.875], "texture": "#2"},
				"down": {"uv": [4.125, 10.375, 4, 10.5], "texture": "#2"}
			}
		},
		{
			"from": [11.25, 18.2, 10.75],
			"to": [12.25, 18.6, 11],
			"rotation": {"angle": 0, "axis": "y", "origin": [8, 19.9, 4.875]},
			"faces": {
				"north": {"uv": [10.375, 3.25, 10.5, 3.375], "texture": "#2"},
				"east": {"uv": [3.375, 10.375, 3.5, 10.5], "texture": "#2"},
				"south": {"uv": [10.375, 3.375, 10.5, 3.5], "texture": "#2"},
				"west": {"uv": [3.5, 10.375, 3.625, 10.5], "texture": "#2"},
				"up": {"uv": [10.5, 3.625, 10.375, 3.5], "texture": "#2"},
				"down": {"uv": [3.75, 10.375, 3.625, 10.5], "texture": "#2"}
			}
		},
		{
			"from": [11.25, 18.7, 10.75],
			"to": [12.25, 19.1, 11],
			"rotation": {"angle": 0, "axis": "y", "origin": [8, 19.9, 4.875]},
			"faces": {
				"north": {"uv": [10.375, 2.875, 10.5, 3], "texture": "#2"},
				"east": {"uv": [3, 10.375, 3.125, 10.5], "texture": "#2"},
				"south": {"uv": [10.375, 3, 10.5, 3.125], "texture": "#2"},
				"west": {"uv": [3.125, 10.375, 3.25, 10.5], "texture": "#2"},
				"up": {"uv": [10.5, 3.25, 10.375, 3.125], "texture": "#2"},
				"down": {"uv": [3.375, 10.375, 3.25, 10.5], "texture": "#2"}
			}
		},
		{
			"from": [11.25, 19.7, 10.75],
			"to": [12.25, 20.1, 11],
			"rotation": {"angle": 0, "axis": "y", "origin": [8, 19.9, 4.875]},
			"faces": {
				"north": {"uv": [10.375, 2.5, 10.5, 2.625], "texture": "#2"},
				"east": {"uv": [2.625, 10.375, 2.75, 10.5], "texture": "#2"},
				"south": {"uv": [10.375, 2.625, 10.5, 2.75], "texture": "#2"},
				"west": {"uv": [2.75, 10.375, 2.875, 10.5], "texture": "#2"},
				"up": {"uv": [10.5, 2.875, 10.375, 2.75], "texture": "#2"},
				"down": {"uv": [3, 10.375, 2.875, 10.5], "texture": "#2"}
			}
		},
		{
			"from": [11.25, 19.2, 10.75],
			"to": [12.25, 19.6, 11],
			"rotation": {"angle": 0, "axis": "y", "origin": [8, 19.9, 4.875]},
			"faces": {
				"north": {"uv": [10.375, 2.125, 10.5, 2.25], "texture": "#2"},
				"east": {"uv": [2.25, 10.375, 2.375, 10.5], "texture": "#2"},
				"south": {"uv": [10.375, 2.25, 10.5, 2.375], "texture": "#2"},
				"west": {"uv": [2.375, 10.375, 2.5, 10.5], "texture": "#2"},
				"up": {"uv": [10.5, 2.5, 10.375, 2.375], "texture": "#2"},
				"down": {"uv": [2.625, 10.375, 2.5, 10.5], "texture": "#2"}
			}
		},
		{
			"from": [11.25, 20.2, 10.75],
			"to": [12.25, 20.6, 11],
			"rotation": {"angle": 0, "axis": "y", "origin": [8, 19.9, 4.875]},
			"faces": {
				"north": {"uv": [10.375, 1.75, 10.5, 1.875], "texture": "#2"},
				"east": {"uv": [1.875, 10.375, 2, 10.5], "texture": "#2"},
				"south": {"uv": [10.375, 1.875, 10.5, 2], "texture": "#2"},
				"west": {"uv": [2, 10.375, 2.125, 10.5], "texture": "#2"},
				"up": {"uv": [10.5, 2.125, 10.375, 2], "texture": "#2"},
				"down": {"uv": [2.25, 10.375, 2.125, 10.5], "texture": "#2"}
			}
		},
		{
			"from": [11.25, 20.7, 10.75],
			"to": [12.25, 21.1, 11],
			"rotation": {"angle": 0, "axis": "y", "origin": [8, 19.9, 4.875]},
			"faces": {
				"north": {"uv": [10.375, 1.375, 10.5, 1.5], "texture": "#2"},
				"east": {"uv": [1.5, 10.375, 1.625, 10.5], "texture": "#2"},
				"south": {"uv": [10.375, 1.5, 10.5, 1.625], "texture": "#2"},
				"west": {"uv": [1.625, 10.375, 1.75, 10.5], "texture": "#2"},
				"up": {"uv": [10.5, 1.75, 10.375, 1.625], "texture": "#2"},
				"down": {"uv": [1.875, 10.375, 1.75, 10.5], "texture": "#2"}
			}
		},
		{
			"from": [11.25, 21.2, 10.75],
			"to": [12.25, 21.6, 11],
			"rotation": {"angle": 0, "axis": "y", "origin": [8, 19.9, 4.875]},
			"faces": {
				"north": {"uv": [10.375, 1, 10.5, 1.125], "texture": "#2"},
				"east": {"uv": [1.125, 10.375, 1.25, 10.5], "texture": "#2"},
				"south": {"uv": [10.375, 1.125, 10.5, 1.25], "texture": "#2"},
				"west": {"uv": [1.25, 10.375, 1.375, 10.5], "texture": "#2"},
				"up": {"uv": [10.5, 1.375, 10.375, 1.25], "texture": "#2"},
				"down": {"uv": [1.5, 10.375, 1.375, 10.5], "texture": "#2"}
			}
		},
		{
			"from": [11.25, 21.7, 10.75],
			"to": [12.25, 22.1, 11],
			"rotation": {"angle": 0, "axis": "y", "origin": [8, 19.9, 4.875]},
			"faces": {
				"north": {"uv": [10.375, 0.625, 10.5, 0.75], "texture": "#2"},
				"east": {"uv": [0.75, 10.375, 0.875, 10.5], "texture": "#2"},
				"south": {"uv": [10.375, 0.75, 10.5, 0.875], "texture": "#2"},
				"west": {"uv": [0.875, 10.375, 1, 10.5], "texture": "#2"},
				"up": {"uv": [10.5, 1, 10.375, 0.875], "texture": "#2"},
				"down": {"uv": [1.125, 10.375, 1, 10.5], "texture": "#2"}
			}
		},
		{
			"from": [11.25, 22.2, 10.75],
			"to": [12.25, 22.6, 11],
			"rotation": {"angle": 0, "axis": "y", "origin": [8, 19.9, 4.875]},
			"faces": {
				"north": {"uv": [10.375, 0.25, 10.5, 0.375], "texture": "#2"},
				"east": {"uv": [0.375, 10.375, 0.5, 10.5], "texture": "#2"},
				"south": {"uv": [10.375, 0.375, 10.5, 0.5], "texture": "#2"},
				"west": {"uv": [0.5, 10.375, 0.625, 10.5], "texture": "#2"},
				"up": {"uv": [10.5, 0.625, 10.375, 0.5], "texture": "#2"},
				"down": {"uv": [0.75, 10.375, 0.625, 10.5], "texture": "#2"}
			}
		},
		{
			"from": [3.75, 22.2, 10.75],
			"to": [4.75, 22.6, 11],
			"rotation": {"angle": 0, "axis": "y", "origin": [8, 19.9, 4.875]},
			"faces": {
				"north": {"uv": [10.25, 10.25, 10.375, 10.375], "texture": "#2"},
				"east": {"uv": [0, 10.375, 0.125, 10.5], "texture": "#2"},
				"south": {"uv": [10.375, 0, 10.5, 0.125], "texture": "#2"},
				"west": {"uv": [0.125, 10.375, 0.25, 10.5], "texture": "#2"},
				"up": {"uv": [10.5, 0.25, 10.375, 0.125], "texture": "#2"},
				"down": {"uv": [0.375, 10.375, 0.25, 10.5], "texture": "#2"}
			}
		},
		{
			"from": [3.75, 21.7, 10.75],
			"to": [4.75, 22.1, 11],
			"rotation": {"angle": 0, "axis": "y", "origin": [8, 19.9, 4.875]},
			"faces": {
				"north": {"uv": [9.875, 10.25, 10, 10.375], "texture": "#2"},
				"east": {"uv": [10.25, 9.875, 10.375, 10], "texture": "#2"},
				"south": {"uv": [10, 10.25, 10.125, 10.375], "texture": "#2"},
				"west": {"uv": [10.25, 10, 10.375, 10.125], "texture": "#2"},
				"up": {"uv": [10.25, 10.375, 10.125, 10.25], "texture": "#2"},
				"down": {"uv": [10.375, 10.125, 10.25, 10.25], "texture": "#2"}
			}
		},
		{
			"from": [3.75, 21.2, 10.75],
			"to": [4.75, 21.6, 11],
			"rotation": {"angle": 0, "axis": "y", "origin": [8, 19.9, 4.875]},
			"faces": {
				"north": {"uv": [9.5, 10.25, 9.625, 10.375], "texture": "#2"},
				"east": {"uv": [10.25, 9.5, 10.375, 9.625], "texture": "#2"},
				"south": {"uv": [9.625, 10.25, 9.75, 10.375], "texture": "#2"},
				"west": {"uv": [10.25, 9.625, 10.375, 9.75], "texture": "#2"},
				"up": {"uv": [9.875, 10.375, 9.75, 10.25], "texture": "#2"},
				"down": {"uv": [10.375, 9.75, 10.25, 9.875], "texture": "#2"}
			}
		},
		{
			"from": [3.75, 20.7, 10.75],
			"to": [4.75, 21.1, 11],
			"rotation": {"angle": 0, "axis": "y", "origin": [8, 19.9, 4.875]},
			"faces": {
				"north": {"uv": [9.125, 10.25, 9.25, 10.375], "texture": "#2"},
				"east": {"uv": [10.25, 9.125, 10.375, 9.25], "texture": "#2"},
				"south": {"uv": [9.25, 10.25, 9.375, 10.375], "texture": "#2"},
				"west": {"uv": [10.25, 9.25, 10.375, 9.375], "texture": "#2"},
				"up": {"uv": [9.5, 10.375, 9.375, 10.25], "texture": "#2"},
				"down": {"uv": [10.375, 9.375, 10.25, 9.5], "texture": "#2"}
			}
		},
		{
			"from": [3.75, 20.2, 10.75],
			"to": [4.75, 20.6, 11],
			"rotation": {"angle": 0, "axis": "y", "origin": [8, 19.9, 4.875]},
			"faces": {
				"north": {"uv": [8.75, 10.25, 8.875, 10.375], "texture": "#2"},
				"east": {"uv": [10.25, 8.75, 10.375, 8.875], "texture": "#2"},
				"south": {"uv": [8.875, 10.25, 9, 10.375], "texture": "#2"},
				"west": {"uv": [10.25, 8.875, 10.375, 9], "texture": "#2"},
				"up": {"uv": [9.125, 10.375, 9, 10.25], "texture": "#2"},
				"down": {"uv": [10.375, 9, 10.25, 9.125], "texture": "#2"}
			}
		},
		{
			"from": [3.75, 19.7, 10.75],
			"to": [4.75, 20.1, 11],
			"rotation": {"angle": 0, "axis": "y", "origin": [8, 19.9, 4.875]},
			"faces": {
				"north": {"uv": [8.375, 10.25, 8.5, 10.375], "texture": "#2"},
				"east": {"uv": [10.25, 8.375, 10.375, 8.5], "texture": "#2"},
				"south": {"uv": [8.5, 10.25, 8.625, 10.375], "texture": "#2"},
				"west": {"uv": [10.25, 8.5, 10.375, 8.625], "texture": "#2"},
				"up": {"uv": [8.75, 10.375, 8.625, 10.25], "texture": "#2"},
				"down": {"uv": [10.375, 8.625, 10.25, 8.75], "texture": "#2"}
			}
		},
		{
			"from": [3.75, 19.2, 10.75],
			"to": [4.75, 19.6, 11],
			"rotation": {"angle": 0, "axis": "y", "origin": [8, 19.9, 4.875]},
			"faces": {
				"north": {"uv": [8, 10.25, 8.125, 10.375], "texture": "#2"},
				"east": {"uv": [10.25, 8, 10.375, 8.125], "texture": "#2"},
				"south": {"uv": [8.125, 10.25, 8.25, 10.375], "texture": "#2"},
				"west": {"uv": [10.25, 8.125, 10.375, 8.25], "texture": "#2"},
				"up": {"uv": [8.375, 10.375, 8.25, 10.25], "texture": "#2"},
				"down": {"uv": [10.375, 8.25, 10.25, 8.375], "texture": "#2"}
			}
		},
		{
			"from": [3.75, 18.7, 10.75],
			"to": [4.75, 19.1, 11],
			"rotation": {"angle": 0, "axis": "y", "origin": [8, 19.9, 4.875]},
			"faces": {
				"north": {"uv": [7.625, 10.25, 7.75, 10.375], "texture": "#2"},
				"east": {"uv": [10.25, 7.625, 10.375, 7.75], "texture": "#2"},
				"south": {"uv": [7.75, 10.25, 7.875, 10.375], "texture": "#2"},
				"west": {"uv": [10.25, 7.75, 10.375, 7.875], "texture": "#2"},
				"up": {"uv": [8, 10.375, 7.875, 10.25], "texture": "#2"},
				"down": {"uv": [10.375, 7.875, 10.25, 8], "texture": "#2"}
			}
		},
		{
			"from": [3.75, 18.2, 10.75],
			"to": [4.75, 18.6, 11],
			"rotation": {"angle": 0, "axis": "y", "origin": [8, 19.9, 4.875]},
			"faces": {
				"north": {"uv": [7.25, 10.25, 7.375, 10.375], "texture": "#2"},
				"east": {"uv": [10.25, 7.25, 10.375, 7.375], "texture": "#2"},
				"south": {"uv": [7.375, 10.25, 7.5, 10.375], "texture": "#2"},
				"west": {"uv": [10.25, 7.375, 10.375, 7.5], "texture": "#2"},
				"up": {"uv": [7.625, 10.375, 7.5, 10.25], "texture": "#2"},
				"down": {"uv": [10.375, 7.5, 10.25, 7.625], "texture": "#2"}
			}
		},
		{
			"from": [3.75, 17.7, 10.75],
			"to": [4.75, 18.1, 11],
			"rotation": {"angle": 0, "axis": "y", "origin": [8, 19.9, 4.875]},
			"faces": {
				"north": {"uv": [6.875, 10.25, 7, 10.375], "texture": "#2"},
				"east": {"uv": [10.25, 6.875, 10.375, 7], "texture": "#2"},
				"south": {"uv": [7, 10.25, 7.125, 10.375], "texture": "#2"},
				"west": {"uv": [10.25, 7, 10.375, 7.125], "texture": "#2"},
				"up": {"uv": [7.25, 10.375, 7.125, 10.25], "texture": "#2"},
				"down": {"uv": [10.375, 7.125, 10.25, 7.25], "texture": "#2"}
			}
		},
		{
			"from": [3.75, 17.2, 10.75],
			"to": [4.75, 17.6, 11],
			"rotation": {"angle": 0, "axis": "y", "origin": [8, 19.9, 4.875]},
			"faces": {
				"north": {"uv": [6.5, 10.25, 6.625, 10.375], "texture": "#2"},
				"east": {"uv": [10.25, 6.5, 10.375, 6.625], "texture": "#2"},
				"south": {"uv": [6.625, 10.25, 6.75, 10.375], "texture": "#2"},
				"west": {"uv": [10.25, 6.625, 10.375, 6.75], "texture": "#2"},
				"up": {"uv": [6.875, 10.375, 6.75, 10.25], "texture": "#2"},
				"down": {"uv": [10.375, 6.75, 10.25, 6.875], "texture": "#2"}
			}
		},
		{
			"from": [3.75, 16.7, 10.75],
			"to": [4.75, 17.1, 11],
			"rotation": {"angle": 0, "axis": "y", "origin": [8, 19.9, 4.875]},
			"faces": {
				"north": {"uv": [6.125, 10.25, 6.25, 10.375], "texture": "#2"},
				"east": {"uv": [10.25, 6.125, 10.375, 6.25], "texture": "#2"},
				"south": {"uv": [6.25, 10.25, 6.375, 10.375], "texture": "#2"},
				"west": {"uv": [10.25, 6.25, 10.375, 6.375], "texture": "#2"},
				"up": {"uv": [6.5, 10.375, 6.375, 10.25], "texture": "#2"},
				"down": {"uv": [10.375, 6.375, 10.25, 6.5], "texture": "#2"}
			}
		},
		{
			"from": [11.25, 16.45, 4.75],
			"to": [12.25, 22.6, 5],
			"rotation": {"angle": 0, "axis": "y", "origin": [8, 19.9, 4.875]},
			"faces": {
				"north": {"uv": [7.375, 7.875, 7.5, 8.625], "texture": "#2"},
				"east": {"uv": [7.5, 7.875, 7.625, 8.625], "texture": "#2"},
				"south": {"uv": [7.625, 7.875, 7.75, 8.625], "texture": "#2"},
				"west": {"uv": [7.75, 7.875, 7.875, 8.625], "texture": "#2"},
				"up": {"uv": [10.25, 7, 10.125, 6.875], "texture": "#2"},
				"down": {"uv": [7.125, 10.125, 7, 10.25], "texture": "#2"}
			}
		},
		{
			"from": [3.75, 16.45, 10.5],
			"to": [4.75, 22.6, 10.75],
			"rotation": {"angle": 0, "axis": "y", "origin": [8, 19.9, 4.875]},
			"faces": {
				"north": {"uv": [2.25, 8, 2.375, 8.75], "texture": "#2"},
				"east": {"uv": [2.375, 8, 2.5, 8.75], "texture": "#2"},
				"south": {"uv": [2.5, 8, 2.625, 8.75], "texture": "#2"},
				"west": {"uv": [3.375, 8, 3.5, 8.75], "texture": "#2"},
				"up": {"uv": [6.125, 10.375, 6, 10.25], "texture": "#2"},
				"down": {"uv": [10.375, 6, 10.25, 6.125], "texture": "#2"}
			}
		},
		{
			"from": [11.25, 16.45, 10.5],
			"to": [12.25, 22.6, 10.75],
			"rotation": {"angle": 0, "axis": "y", "origin": [8, 19.9, 4.875]},
			"faces": {
				"north": {"uv": [7.875, 7.875, 8, 8.625], "texture": "#2"},
				"east": {"uv": [1.875, 8, 2, 8.75], "texture": "#2"},
				"south": {"uv": [2, 8, 2.125, 8.75], "texture": "#2"},
				"west": {"uv": [2.125, 8, 2.25, 8.75], "texture": "#2"},
				"up": {"uv": [6, 10.375, 5.875, 10.25], "texture": "#2"},
				"down": {"uv": [10.375, 5.875, 10.25, 6], "texture": "#2"}
			}
		},
		{
			"from": [5.3, 18.3, 4.75],
			"to": [10.7, 19.3, 5],
			"faces": {
				"north": {"uv": [8.625, 5.375, 9.25, 5.5], "texture": "#2"},
				"east": {"uv": [10.125, 6.5, 10.25, 6.625], "texture": "#2"},
				"south": {"uv": [8.625, 5.5, 9.25, 5.625], "texture": "#2"},
				"west": {"uv": [6.625, 10.125, 6.75, 10.25], "texture": "#2"},
				"up": {"uv": [9.25, 5.75, 8.625, 5.625], "texture": "#2"},
				"down": {"uv": [7, 8.625, 6.375, 8.75], "texture": "#2"}
			}
		},
		{
			"from": [5.8, 18.55, 4.55],
			"to": [10.2, 21.05, 4.8],
			"faces": {
				"north": {"uv": [0, 0, 4.5, 2.5], "texture": "#1"},
				"east": {"uv": [5, 2, 5.25, 4.5], "texture": "#1"},
				"south": {"uv": [0, 3, 4.5, 5.5], "texture": "#1"},
				"west": {"uv": [5, 5, 5.25, 7.5], "texture": "#1"},
				"up": {"uv": [9.5, 0.25, 5, 0], "texture": "#1"},
				"down": {"uv": [9.5, 1, 5, 1.25], "texture": "#1"}
			}
		},
		{
			"from": [3.3, 22.5, 4.75],
			"to": [12.7, 23.5, 5],
			"faces": {
				"north": {"uv": [7, 2.625, 8.125, 2.75], "texture": "#2"},
				"east": {"uv": [9.25, 10, 9.375, 10.125], "texture": "#2"},
				"south": {"uv": [7, 2.75, 8.125, 2.875], "texture": "#2"},
				"west": {"uv": [10, 9.25, 10.125, 9.375], "texture": "#2"},
				"up": {"uv": [8.125, 3, 7, 2.875], "texture": "#2"},
				"down": {"uv": [8.125, 3, 7, 3.125], "texture": "#2"}
			}
		},
		{
			"from": [3.3, 22.5, 5],
			"to": [3.5, 23.5, 10.55],
			"faces": {
				"north": {"uv": [9, 10, 9.125, 10.125], "texture": "#2"},
				"east": {"uv": [7.625, 7.75, 8.375, 7.875], "texture": "#2"},
				"south": {"uv": [9.125, 10, 9.25, 10.125], "texture": "#2"},
				"west": {"uv": [7.875, 3.875, 8.625, 4], "texture": "#2"},
				"up": {"uv": [2.875, 8.5, 2.75, 7.75], "texture": "#2"},
				"down": {"uv": [1.625, 7.875, 1.5, 8.625], "texture": "#2"}
			}
		},
		{
			"from": [3.3, 22.5, 10.5],
			"to": [12.7, 23.5, 10.75],
			"faces": {
				"north": {"uv": [7, 1.625, 8.125, 1.75], "texture": "#2"},
				"east": {"uv": [8.75, 10, 8.875, 10.125], "texture": "#2"},
				"south": {"uv": [7, 1.75, 8.125, 1.875], "texture": "#2"},
				"west": {"uv": [8.875, 10, 9, 10.125], "texture": "#2"},
				"up": {"uv": [8.125, 2, 7, 1.875], "texture": "#2"},
				"down": {"uv": [8.125, 2.5, 7, 2.625], "texture": "#2"}
			}
		},
		{
			"from": [12.45, 22.5, 5],
			"to": [12.7, 23.5, 10.55],
			"faces": {
				"north": {"uv": [8.5, 10, 8.625, 10.125], "texture": "#2"},
				"east": {"uv": [7.625, 7.5, 8.375, 7.625], "texture": "#2"},
				"south": {"uv": [8.625, 10, 8.75, 10.125], "texture": "#2"},
				"west": {"uv": [7.625, 7.625, 8.375, 7.75], "texture": "#2"},
				"up": {"uv": [7.375, 8.375, 7.25, 7.625], "texture": "#2"},
				"down": {"uv": [2.75, 7.75, 2.625, 8.5], "texture": "#2"}
			}
		},
		{
			"from": [3.3, 13.5, 4.75],
			"to": [12.7, 14.5, 5],
			"faces": {
				"north": {"uv": [7, 0.625, 8.125, 0.75], "texture": "#2"},
				"east": {"uv": [10, 7.25, 10.125, 7.375], "texture": "#2"},
				"south": {"uv": [7, 0.75, 8.125, 0.875], "texture": "#2"},
				"west": {"uv": [7.375, 10, 7.5, 10.125], "texture": "#2"},
				"up": {"uv": [8.125, 1, 7, 0.875], "texture": "#2"},
				"down": {"uv": [8.125, 1, 7, 1.125], "texture": "#2"}
			}
		},
		{
			"from": [5.5, 15.04322, 3.76618],
			"to": [6.1, 15.79322, 4.46618],
			"rotation": {"angle": 0, "axis": "y", "origin": [5.025, 13.51336, 5.52855]},
			"faces": {
				"north": {"uv": [4, 10, 4.125, 10.125], "texture": "#2"},
				"east": {"uv": [4.125, 10, 4.25, 10.125], "texture": "#2"},
				"south": {"uv": [4.25, 10, 4.375, 10.125], "texture": "#2"},
				"west": {"uv": [4.375, 10, 4.5, 10.125], "texture": "#2"},
				"up": {"uv": [10.125, 4.5, 10, 4.375], "texture": "#2"},
				"down": {"uv": [4.75, 10, 4.625, 10.125], "texture": "#2"}
			}
		},
		{
			"from": [4.85, 15.24322, 3.86618],
			"to": [6.65, 17.09322, 4.96618],
			"rotation": {"angle": 0, "axis": "y", "origin": [5.025, 13.51336, 5.52855]},
			"faces": {
				"north": {"uv": [7.5, 8.75, 7.75, 9], "texture": "#2"},
				"east": {"uv": [9.125, 9.625, 9.25, 9.875], "texture": "#2"},
				"south": {"uv": [7.75, 8.75, 8, 9], "texture": "#2"},
				"west": {"uv": [9.25, 9.625, 9.375, 9.875], "texture": "#2"},
				"up": {"uv": [9.875, 9.125, 9.625, 9], "texture": "#2"},
				"down": {"uv": [9.625, 9.625, 9.375, 9.75], "texture": "#2"}
			}
		},
		{
			"from": [4.75, 12.49322, 3.96618],
			"to": [6.75, 16.99322, 4.96618],
			"rotation": {"angle": 0, "axis": "y", "origin": [5.025, 13.51336, 5.52855]},
			"faces": {
				"north": {"uv": [1.625, 6.875, 1.875, 7.375], "texture": "#2"},
				"east": {"uv": [6.875, 8.75, 7, 9.25], "texture": "#2"},
				"south": {"uv": [4.125, 7, 4.375, 7.5], "texture": "#2"},
				"west": {"uv": [7.375, 8.75, 7.5, 9.25], "texture": "#2"},
				"up": {"uv": [9.125, 9.75, 8.875, 9.625], "texture": "#2"},
				"down": {"uv": [9.875, 8.875, 9.625, 9], "texture": "#2"}
			}
		},
		{
			"from": [7.1, 15.24322, 3.86618],
			"to": [8.9, 17.09322, 4.96618],
			"rotation": {"angle": 0, "axis": "y", "origin": [5.025, 13.51336, 5.52855]},
			"faces": {
				"north": {"uv": [8.25, 8.75, 8.5, 9], "texture": "#2"},
				"east": {"uv": [0.25, 9.75, 0.375, 10], "texture": "#2"},
				"south": {"uv": [8.5, 8.75, 8.75, 9], "texture": "#2"},
				"west": {"uv": [0.375, 9.75, 0.5, 10], "texture": "#2"},
				"up": {"uv": [10, 0.5, 9.75, 0.375], "texture": "#2"},
				"down": {"uv": [10, 0.5, 9.75, 0.625], "texture": "#2"}
			}
		},
		{
			"from": [7, 12.49322, 3.96618],
			"to": [9, 16.99322, 4.96618],
			"rotation": {"angle": 0, "axis": "y", "origin": [5.025, 13.51336, 5.52855]},
			"faces": {
				"north": {"uv": [4.375, 7, 4.625, 7.5], "texture": "#2"},
				"east": {"uv": [8, 8.75, 8.125, 9.25], "texture": "#2"},
				"south": {"uv": [1.875, 7.125, 2.125, 7.625], "texture": "#2"},
				"west": {"uv": [8.125, 8.75, 8.25, 9.25], "texture": "#2"},
				"up": {"uv": [9.875, 9.75, 9.625, 9.625], "texture": "#2"},
				"down": {"uv": [0.25, 9.75, 0, 9.875], "texture": "#2"}
			}
		},
		{
			"from": [7.75, 15.04322, 3.76618],
			"to": [8.35, 15.79322, 4.46618],
			"rotation": {"angle": 0, "axis": "y", "origin": [5.025, 13.51336, 5.52855]},
			"faces": {
				"north": {"uv": [10, 5.375, 10.125, 5.5], "texture": "#2"},
				"east": {"uv": [5.5, 10, 5.625, 10.125], "texture": "#2"},
				"south": {"uv": [10, 5.5, 10.125, 5.625], "texture": "#2"},
				"west": {"uv": [5.625, 10, 5.75, 10.125], "texture": "#2"},
				"up": {"uv": [10.125, 5.75, 10, 5.625], "texture": "#2"},
				"down": {"uv": [5.875, 10, 5.75, 10.125], "texture": "#2"}
			}
		},
		{
			"from": [9.35, 15.24322, 3.86618],
			"to": [11.15, 17.09322, 4.96618],
			"rotation": {"angle": 0, "axis": "y", "origin": [5.025, 13.51336, 5.52855]},
			"faces": {
				"north": {"uv": [2.875, 8.875, 3.125, 9.125], "texture": "#2"},
				"east": {"uv": [9.75, 0.875, 9.875, 1.125], "texture": "#2"},
				"south": {"uv": [8.875, 3.25, 9.125, 3.5], "texture": "#2"},
				"west": {"uv": [1, 9.75, 1.125, 10], "texture": "#2"},
				"up": {"uv": [10, 1.25, 9.75, 1.125], "texture": "#2"},
				"down": {"uv": [10, 1.25, 9.75, 1.375], "texture": "#2"}
			}
		},
		{
			"from": [9.25, 12.49322, 3.96618],
			"to": [11.25, 16.99322, 4.96618],
			"rotation": {"angle": 0, "axis": "y", "origin": [5.025, 13.51336, 5.52855]},
			"faces": {
				"north": {"uv": [7.125, 5, 7.375, 5.5], "texture": "#2"},
				"east": {"uv": [8.75, 8.75, 8.875, 9.25], "texture": "#2"},
				"south": {"uv": [5.125, 7.125, 5.375, 7.625], "texture": "#2"},
				"west": {"uv": [1.75, 8.875, 1.875, 9.375], "texture": "#2"},
				"up": {"uv": [10, 0.75, 9.75, 0.625], "texture": "#2"},
				"down": {"uv": [10, 0.75, 9.75, 0.875], "texture": "#2"}
			}
		},
		{
			"from": [10, 15.04322, 3.76618],
			"to": [10.6, 15.79322, 4.46618],
			"rotation": {"angle": 0, "axis": "y", "origin": [5.025, 13.51336, 5.52855]},
			"faces": {
				"north": {"uv": [10, 5.75, 10.125, 5.875], "texture": "#2"},
				"east": {"uv": [10, 5.875, 10.125, 6], "texture": "#2"},
				"south": {"uv": [10, 6, 10.125, 6.125], "texture": "#2"},
				"west": {"uv": [6.125, 10, 6.25, 10.125], "texture": "#2"},
				"up": {"uv": [10.125, 6.25, 10, 6.125], "texture": "#2"},
				"down": {"uv": [6.375, 10, 6.25, 10.125], "texture": "#2"}
			}
		},
		{
			"from": [3.5, 12, 5.5],
			"to": [4, 24, 10],
			"faces": {
				"north": {"uv": [0, 6.875, 0.125, 8.375], "texture": "#2"},
				"east": {"uv": [4.375, 0.875, 5, 2.375], "texture": "#2"},
				"south": {"uv": [0.125, 6.875, 0.25, 8.375], "texture": "#2"},
				"west": {"uv": [3.375, 4.375, 4, 5.875], "texture": "#2"},
				"up": {"uv": [4.25, 8.625, 4.125, 8], "texture": "#2"},
				"down": {"uv": [4.375, 8, 4.25, 8.625], "texture": "#2"}
			}
		},
		{
			"from": [12, 12, 5.5],
			"to": [12.5, 24, 10],
			"faces": {
				"north": {"uv": [0.25, 6.875, 0.375, 8.375], "texture": "#2"},
				"east": {"uv": [4, 4.375, 4.625, 5.875], "texture": "#2"},
				"south": {"uv": [0.375, 6.875, 0.5, 8.375], "texture": "#2"},
				"west": {"uv": [2.125, 4.5, 2.75, 6], "texture": "#2"},
				"up": {"uv": [4.5, 8.625, 4.375, 8], "texture": "#2"},
				"down": {"uv": [4.625, 8, 4.5, 8.625], "texture": "#2"}
			}
		},
		{
			"from": [3.5, 12, 10],
			"to": [12.5, 24, 10.5],
			"faces": {
				"north": {"uv": [2.25, 3, 3.375, 4.5], "texture": "#2"},
				"east": {"uv": [4.875, 6.75, 5, 8.25], "texture": "#2"},
				"south": {"uv": [0, 3.25, 1.125, 4.75], "texture": "#2"},
				"west": {"uv": [5, 6.75, 5.125, 8.25], "texture": "#2"},
				"up": {"uv": [7.875, 4.5, 6.75, 4.375], "texture": "#2"},
				"down": {"uv": [1.625, 6.875, 0.5, 7], "texture": "#2"}
			}
		},
		{
			"from": [5, 18.75, 10.75],
			"to": [11, 23.75, 13.75],
			"rotation": {"angle": 0, "axis": "y", "origin": [9, 21.75, 10.75]},
			"faces": {
				"north": {"uv": [0, 0, 3, 2.5], "texture": "#4"},
				"east": {"uv": [0, 9.5, 1.5, 12], "texture": "#4"},
				"south": {"uv": [0, 2.5, 3, 5], "texture": "#4"},
				"west": {"uv": [1.5, 9.5, 3, 12], "texture": "#4"},
				"up": {"uv": [11, 9.5, 8, 8], "texture": "#4"},
				"down": {"uv": [12, 0, 9, 1.5], "texture": "#4"}
			}
		},
		{
			"from": [5, 13.75, 10.75],
			"to": [11, 18.75, 14.75],
			"rotation": {"angle": 0, "axis": "y", "origin": [9, 16.75, 10.75]},
			"faces": {
				"north": {"uv": [3, 0, 6, 2.5], "texture": "#4"},
				"east": {"uv": [6, 4, 8, 6.5], "texture": "#4"},
				"south": {"uv": [3, 2.5, 6, 5], "texture": "#4"},
				"west": {"uv": [6, 6.5, 8, 9], "texture": "#4"},
				"up": {"uv": [9, 2, 6, 0], "texture": "#4"},
				"down": {"uv": [9, 2, 6, 4], "texture": "#4"}
			}
		},
		{
			"from": [11, 13.75, 10.75],
			"to": [13, 18.75, 13.75],
			"rotation": {"angle": 0, "axis": "y", "origin": [16, 16.75, 10.75]},
			"faces": {
				"north": {"uv": [11, 1.5, 12, 4], "texture": "#4"},
				"east": {"uv": [3, 9.5, 4.5, 12], "texture": "#4"},
				"south": {"uv": [11, 4, 12, 6.5], "texture": "#4"},
				"west": {"uv": [4.5, 9.5, 6, 12], "texture": "#4"},
				"up": {"uv": [13, 11, 12, 9.5], "texture": "#4"},
				"down": {"uv": [13.5, 11, 12.5, 12.5], "texture": "#4"}
			}
		},
		{
			"from": [3, 13.75, 10.75],
			"to": [5, 18.75, 13.75],
			"rotation": {"angle": 0, "axis": "y", "origin": [8, 16.75, 10.75]},
			"faces": {
				"north": {"uv": [11, 6.5, 12, 9], "texture": "#4"},
				"east": {"uv": [8, 9.5, 9.5, 12], "texture": "#4"},
				"south": {"uv": [11, 9, 12, 11.5], "texture": "#4"},
				"west": {"uv": [9.5, 9.5, 11, 12], "texture": "#4"},
				"up": {"uv": [13.5, 14, 12.5, 12.5], "texture": "#4"},
				"down": {"uv": [14, 9.5, 13, 11], "texture": "#4"}
			}
		},
		{
			"from": [5.25, 19.75, 10.75],
			"to": [10.75, 24, 14],
			"rotation": {"angle": 0, "axis": "y", "origin": [9, 21.75, 10.75]},
			"faces": {
				"north": {"uv": [0, 5, 2.75, 7.25], "texture": "#4"},
				"east": {"uv": [9, 1.5, 10.75, 3.75], "texture": "#4"},
				"south": {"uv": [3, 5, 5.75, 7.25], "texture": "#4"},
				"west": {"uv": [6, 9, 7.75, 11.25], "texture": "#4"},
				"up": {"uv": [2.75, 9.25, 0, 7.5], "texture": "#4"},
				"down": {"uv": [5.75, 7.5, 3, 9.25], "texture": "#4"}
			}
		},
		{
			"from": [5.25, 15.5, 13.5],
			"to": [10.75, 19, 15],
			"rotation": {"angle": 0, "axis": "y", "origin": [9, 16.75, 10.75]},
			"faces": {
				"north": {"uv": [8, 4, 10.75, 5.75], "texture": "#4"},
				"east": {"uv": [5.5, 13.5, 6.25, 15.25], "texture": "#4"},
				"south": {"uv": [8, 6, 10.75, 7.75], "texture": "#4"},
				"west": {"uv": [6.5, 13.5, 7.25, 15.25], "texture": "#4"},
				"up": {"uv": [14.75, 6.75, 12, 6], "texture": "#4"},
				"down": {"uv": [14.75, 7, 12, 7.75], "texture": "#4"}
			}
		},
		{
			"from": [11, 15.75, 11],
			"to": [13.25, 19, 13.5],
			"rotation": {"angle": 0, "axis": "y", "origin": [16, 16.75, 10.75]},
			"faces": {
				"north": {"uv": [6, 11.5, 7.25, 13.25], "texture": "#4"},
				"east": {"uv": [11, 11.5, 12.25, 13.25], "texture": "#4"},
				"south": {"uv": [0, 12, 1.25, 13.75], "texture": "#4"},
				"west": {"uv": [12, 0, 13.25, 1.75], "texture": "#4"},
				"up": {"uv": [5.75, 13.25, 4.5, 12], "texture": "#4"},
				"down": {"uv": [8.75, 12, 7.5, 13.25], "texture": "#4"}
			}
		},
		{
			"from": [2.75, 15.75, 11],
			"to": [5, 19, 13.5],
			"rotation": {"angle": 0, "axis": "y", "origin": [7.75, 16.75, 10.75]},
			"faces": {
				"north": {"uv": [1.5, 12, 2.75, 13.75], "texture": "#4"},
				"east": {"uv": [12, 2, 13.25, 3.75], "texture": "#4"},
				"south": {"uv": [3, 12, 4.25, 13.75], "texture": "#4"},
				"west": {"uv": [12, 4, 13.25, 5.75], "texture": "#4"},
				"up": {"uv": [13.25, 9.25, 12, 8], "texture": "#4"},
				"down": {"uv": [10.25, 12, 9, 13.25], "texture": "#4"}
			}
		},
		{
			"from": [5, 10.75, 14.75],
			"to": [7, 13.75, 14.75],
			"rotation": {"angle": 0, "axis": "y", "origin": [9, 11.75, 10.75]},
			"faces": {
				"north": {"uv": [13.5, 0, 14.5, 1.5], "texture": "#4"},
				"east": {"uv": [0, 0, 0, 1.5], "texture": "#4"},
				"south": {"uv": [13.5, 1.5, 14.5, 3], "texture": "#4"},
				"west": {"uv": [0, 0, 0, 1.5], "texture": "#4"},
				"up": {"uv": [1, 0, 0, 0], "texture": "#4"},
				"down": {"uv": [1, 0, 0, 0], "texture": "#4"}
			}
		},
		{
			"from": [9, 10.75, 14.75],
			"to": [11, 13.75, 14.75],
			"rotation": {"angle": 0, "axis": "y", "origin": [13, 11.75, 10.75]},
			"faces": {
				"north": {"uv": [13.5, 3, 14.5, 4.5], "texture": "#4"},
				"east": {"uv": [0, 0, 0, 1.5], "texture": "#4"},
				"south": {"uv": [4.5, 13.5, 5.5, 15], "texture": "#4"},
				"west": {"uv": [0, 0, 0, 1.5], "texture": "#4"},
				"up": {"uv": [1, 0, 0, 0], "texture": "#4"},
				"down": {"uv": [1, 0, 0, 0], "texture": "#4"}
			}
		},
		{
			"from": [2.5, 15.25, 12],
			"to": [5, 16.5, 12.5],
			"rotation": {"angle": 0, "axis": "y", "origin": [7.5, 15.25, 10.75]},
			"faces": {
				"north": {"uv": [10.5, 12, 11, 13.75], "texture": "#4"},
				"east": {"uv": [10.5, 12, 11, 13.75], "texture": "#4"},
				"south": {"uv": [10.5, 12, 11, 13.75], "texture": "#4"},
				"west": {"uv": [10.5, 12, 11, 14], "texture": "#4"},
				"up": {"uv": [10.5, 12, 11, 13.75], "texture": "#4"},
				"down": {"uv": [10.5, 12, 11, 13.75], "texture": "#4"}
			}
		},
		{
			"from": [7.75, 14.75, 13.75],
			"to": [8.5, 16.5, 15.25],
			"rotation": {"angle": 0, "axis": "y", "origin": [9, 16, 11]},
			"faces": {
				"north": {"uv": [10.5, 12, 11, 13], "texture": "#4"},
				"east": {"uv": [13.5, 8, 14.25, 9], "texture": "#4"},
				"south": {"uv": [10.5, 13, 11, 14], "texture": "#4"},
				"west": {"uv": [9, 13.5, 9.75, 14.5], "texture": "#4"},
				"up": {"uv": [14, 11.75, 13.5, 11], "texture": "#4"},
				"down": {"uv": [12, 13.5, 11.5, 14.25], "texture": "#4"}
			}
		},
		{
			"from": [7.75, 19.25, 13.75],
			"to": [8.5, 21, 14.25],
			"rotation": {"angle": 0, "axis": "y", "origin": [9, 20.5, 10]},
			"faces": {
				"north": {"uv": [10, 13.5, 10.5, 14.5], "texture": "#4"},
				"east": {"uv": [12, 13.5, 12.25, 14.5], "texture": "#4"},
				"south": {"uv": [11, 13.5, 11.5, 14.5], "texture": "#4"},
				"west": {"uv": [13.5, 12, 13.75, 13], "texture": "#4"},
				"up": {"uv": [8, 11.75, 7.5, 11.5], "texture": "#4"},
				"down": {"uv": [12.5, 11, 12, 11.25], "texture": "#4"}
			}
		},
		{
			"from": [11, 15.25, 12],
			"to": [13.5, 16.5, 12.5],
			"rotation": {"angle": 0, "axis": "y", "origin": [16, 15.25, 10.75]},
			"faces": {
				"north": {"uv": [13.5, 4.5, 14.75, 5.25], "texture": "#4"},
				"east": {"uv": [13.5, 13, 13.75, 13.75], "texture": "#4"},
				"south": {"uv": [7.5, 13.5, 8.75, 14.25], "texture": "#4"},
				"west": {"uv": [0, 14, 0.25, 14.75], "texture": "#4"},
				"up": {"uv": [14.75, 5.75, 13.5, 5.5], "texture": "#4"},
				"down": {"uv": [14.75, 9, 13.5, 9.25], "texture": "#4"}
			}
		}
	],
	"display": {
		"head": {
			"translation": [0, -78.75, 0],
			"scale": [1.6, 1.6, 1.2]
		}
	},
	"groups": [
		{
			"name": "Body",
			"origin": [8, 24, 8],
			"color": 0,
			"children": [
				0,
				1,
				2,
				3,
				4,
				5,
				6,
				7,
				8,
				9,
				10,
				11,
				12,
				13,
				14,
				15,
				16,
				17,
				18,
				19,
				20,
				21,
				22,
				23,
				24,
				25,
				26,
				27,
				28,
				29,
				30,
				31,
				32,
				33,
				34,
				35,
				36,
				37,
				38,
				39,
				40,
				41,
				42,
				43,
				44,
				45,
				46,
				47,
				48,
				49,
				50,
				51,
				52,
				53,
				54,
				55,
				56,
				57,
				58,
				59,
				60,
				61,
				62,
				63,
				64,
				65,
				66,
				67,
				68,
				69,
				70,
				71,
				72,
				73,
				74,
				75,
				76,
				77,
				78,
				79,
				80
			]
		},
		{
			"name": "group",
			"origin": [16, 14.5, 11],
			"color": 0,
			"children": [81, 82, 83, 84, 85, 86, 87, 88, 89, 90, 91, 92, 93, 94]
		}
	]
}