{
	"credit": "Made with Blockbench",
	"texture_size": [8, 8],
	"textures": {
		"2": "item/mid_hard1",
		"3": "item/mid_hard2"
	},
	"elements": [
		{
			"from": [3.5, 11.5, 8],
			"to": [4, 18, 12],
			"rotation": {"angle": 0, "axis": "y", "origin": [2, 11, 10]},
			"faces": {
				"north": {"uv": [2.125, 3.25, 2.25, 4.125], "texture": "#2"},
				"east": {"uv": [0.375, 5.375, 0.875, 6.25], "texture": "#2"},
				"south": {"uv": [1.75, 7.375, 1.875, 8.25], "texture": "#2"},
				"west": {"uv": [0.875, 5.375, 1.375, 6.25], "texture": "#2"},
				"up": {"uv": [4.625, 9.125, 4.5, 8.625], "texture": "#2"},
				"down": {"uv": [5.25, 8.625, 5.125, 9.125], "texture": "#2"}
			}
		},
		{
			"from": [12, 11.5, 8],
			"to": [12.5, 18, 12],
			"rotation": {"angle": 0, "axis": "y", "origin": [10.5, 11, 10]},
			"faces": {
				"north": {"uv": [1, 7.625, 1.125, 8.5], "texture": "#2"},
				"east": {"uv": [1.375, 5.375, 1.875, 6.25], "texture": "#2"},
				"south": {"uv": [1.125, 7.625, 1.25, 8.5], "texture": "#2"},
				"west": {"uv": [4.625, 5.375, 5.125, 6.25], "texture": "#2"},
				"up": {"uv": [5.375, 9.125, 5.25, 8.625], "texture": "#2"},
				"down": {"uv": [5.5, 8.625, 5.375, 9.125], "texture": "#2"}
			}
		},
		{
			"from": [11.9, 12, 6.95],
			"to": [12.4, 14.5, 9.4],
			"rotation": {"angle": 22.5, "axis": "x", "origin": [12.25, 15.25, 7.4]},
			"faces": {
				"north": {"uv": [2.125, 4.125, 2.25, 4.5], "texture": "#2"},
				"east": {"uv": [1.875, 7.625, 2.125, 8], "texture": "#2"},
				"south": {"uv": [4.375, 3.125, 4.5, 3.5], "texture": "#2"},
				"west": {"uv": [3.375, 7.625, 3.625, 8], "texture": "#2"},
				"up": {"uv": [5.75, 4.375, 5.625, 4.125], "texture": "#2"},
				"down": {"uv": [6.25, 3.875, 6.125, 4.125], "texture": "#2"}
			}
		},
		{
			"from": [11.9, 12.59578, 4.72463],
			"to": [12.4, 15.04578, 6.42463],
			"rotation": {"angle": -45, "axis": "x", "origin": [12.25, 13.77078, 5.52463]},
			"faces": {
				"north": {"uv": [9.625, 0.875, 9.75, 1.125], "texture": "#2"},
				"east": {"uv": [1.125, 8.75, 1.375, 9], "texture": "#2"},
				"south": {"uv": [9.625, 2, 9.75, 2.25], "texture": "#2"},
				"west": {"uv": [1.375, 8.75, 1.625, 9], "texture": "#2"},
				"up": {"uv": [9.75, 2.5, 9.625, 2.25], "texture": "#2"},
				"down": {"uv": [9.75, 2.75, 9.625, 3], "texture": "#2"}
			}
		},
		{
			"from": [12, 14.1, 4],
			"to": [12.5, 18, 8],
			"rotation": {"angle": 0, "axis": "y", "origin": [10.5, 11, 6]},
			"faces": {
				"north": {"uv": [5.5, 8.625, 5.625, 9.125], "texture": "#2"},
				"east": {"uv": [4.625, 6.25, 5.125, 6.75], "texture": "#2"},
				"south": {"uv": [0.5, 8.75, 0.625, 9.25], "texture": "#2"},
				"west": {"uv": [6.5, 0, 7, 0.5], "texture": "#2"},
				"up": {"uv": [0.75, 9.25, 0.625, 8.75], "texture": "#2"},
				"down": {"uv": [0.875, 8.75, 0.75, 9.25], "texture": "#2"}
			}
		},
		{
			"from": [3.5, 14.1, 4],
			"to": [4, 18, 8],
			"rotation": {"angle": 0, "axis": "y", "origin": [2, 11, 6]},
			"faces": {
				"north": {"uv": [2.375, 8.75, 2.5, 9.25], "texture": "#2"},
				"east": {"uv": [6.5, 0.5, 7, 1], "texture": "#2"},
				"south": {"uv": [2.5, 8.75, 2.625, 9.25], "texture": "#2"},
				"west": {"uv": [6.5, 1, 7, 1.5], "texture": "#2"},
				"up": {"uv": [3.5, 9.25, 3.375, 8.75], "texture": "#2"},
				"down": {"uv": [3.625, 8.75, 3.5, 9.25], "texture": "#2"}
			}
		},
		{
			"from": [3.6, 12.59578, 4.72463],
			"to": [4.1, 15.04578, 6.42463],
			"rotation": {"angle": -45, "axis": "x", "origin": [3.75, 13.77078, 5.52463]},
			"faces": {
				"north": {"uv": [9.625, 3.375, 9.75, 3.625], "texture": "#2"},
				"east": {"uv": [1.875, 8.75, 2.125, 9], "texture": "#2"},
				"south": {"uv": [9.625, 3.625, 9.75, 3.875], "texture": "#2"},
				"west": {"uv": [2.125, 8.75, 2.375, 9], "texture": "#2"},
				"up": {"uv": [9.75, 4.25, 9.625, 4], "texture": "#2"},
				"down": {"uv": [9.75, 4.25, 9.625, 4.5], "texture": "#2"}
			}
		},
		{
			"from": [3.25, 11.89372, 8.3343],
			"to": [3.5, 12.39372, 10.7843],
			"rotation": {"angle": 0, "axis": "y", "origin": [3.375, 12.64372, 7.1593]},
			"faces": {
				"north": {"uv": [5.75, 4.75, 5.875, 4.875], "texture": "#2"},
				"east": {"uv": [9.625, 0.25, 9.875, 0.375], "texture": "#2"},
				"south": {"uv": [1.5, 7.25, 1.625, 7.375], "texture": "#2"},
				"west": {"uv": [9.625, 5.125, 9.875, 5.25], "texture": "#2"},
				"up": {"uv": [9.75, 6, 9.625, 5.75], "texture": "#2"},
				"down": {"uv": [9.75, 6, 9.625, 6.25], "texture": "#2"}
			}
		},
		{
			"from": [12.5, 11.89372, 8.3343],
			"to": [12.75, 12.39372, 10.7843],
			"rotation": {"angle": 0, "axis": "y", "origin": [12.625, 12.64372, 7.1593]},
			"faces": {
				"north": {"uv": [9.375, 7.875, 9.5, 8], "texture": "#2"},
				"east": {"uv": [9.625, 5.25, 9.875, 5.375], "texture": "#2"},
				"south": {"uv": [2.625, 10, 2.75, 10.125], "texture": "#2"},
				"west": {"uv": [9.625, 6.25, 9.875, 6.375], "texture": "#2"},
				"up": {"uv": [9.75, 7.375, 9.625, 7.125], "texture": "#2"},
				"down": {"uv": [7.5, 9.625, 7.375, 9.875], "texture": "#2"}
			}
		},
		{
			"from": [3.6, 12, 6.95],
			"to": [4.1, 14.5, 9.4],
			"rotation": {"angle": 22.5, "axis": "x", "origin": [3.75, 15.25, 7.4]},
			"faces": {
				"north": {"uv": [6, 2, 6.125, 2.375], "texture": "#2"},
				"east": {"uv": [3.625, 7.625, 3.875, 8], "texture": "#2"},
				"south": {"uv": [7, 9.5, 7.125, 9.875], "texture": "#2"},
				"west": {"uv": [3.875, 7.625, 4.125, 8], "texture": "#2"},
				"up": {"uv": [4.625, 9.875, 4.5, 9.625], "texture": "#2"},
				"down": {"uv": [9.75, 4.875, 9.625, 5.125], "texture": "#2"}
			}
		},
		{
			"from": [3.5, 11, 12],
			"to": [12.5, 18, 12.5],
			"rotation": {"angle": 0, "axis": "y", "origin": [10.5, 11, 10.5]},
			"faces": {
				"north": {"uv": [3.375, 3.5, 4.5, 4.375], "texture": "#2"},
				"east": {"uv": [1.25, 7.625, 1.375, 8.5], "texture": "#2"},
				"south": {"uv": [4.375, 0, 5.5, 0.875], "texture": "#2"},
				"west": {"uv": [1.375, 7.625, 1.5, 8.5], "texture": "#2"},
				"up": {"uv": [7.875, 4, 6.75, 3.875], "texture": "#2"},
				"down": {"uv": [7.875, 4, 6.75, 4.125], "texture": "#2"}
			}
		},
		{
			"from": [4.5, 12, 12.5],
			"to": [11.5, 17, 13],
			"rotation": {"angle": 0, "axis": "y", "origin": [10.5, 11, 10.5]},
			"faces": {
				"north": {"uv": [0.375, 4.75, 1.25, 5.375], "texture": "#2"},
				"east": {"uv": [1.625, 8.625, 1.75, 9.25], "texture": "#2"},
				"south": {"uv": [1.25, 4.75, 2.125, 5.375], "texture": "#2"},
				"west": {"uv": [3.125, 8.625, 3.25, 9.25], "texture": "#2"},
				"up": {"uv": [8.375, 4.875, 7.5, 4.75], "texture": "#2"},
				"down": {"uv": [8.375, 4.875, 7.5, 5], "texture": "#2"}
			}
		},
		{
			"from": [4, 17.5, 4],
			"to": [12, 18, 12],
			"rotation": {"angle": 0, "axis": "y", "origin": [10.5, 11.5, 10.5]},
			"faces": {
				"north": {"uv": [7.125, 3.125, 8.125, 3.25], "texture": "#2"},
				"east": {"uv": [7.125, 3.25, 8.125, 3.375], "texture": "#2"},
				"south": {"uv": [7.125, 3.375, 8.125, 3.5], "texture": "#2"},
				"west": {"uv": [7.125, 3.5, 8.125, 3.625], "texture": "#2"},
				"up": {"uv": [4.375, 2.5, 3.375, 1.5], "texture": "#2"},
				"down": {"uv": [4.375, 2.5, 3.375, 3.5], "texture": "#2"}
			}
		},
		{
			"from": [3.9, 14.25, 3.2],
			"to": [12.1, 18, 4.7],
			"rotation": {"angle": 22.5, "axis": "x", "origin": [8, 16.5, 3.7]},
			"faces": {
				"north": {"uv": [4.625, 4.875, 5.625, 5.375], "texture": "#2"},
				"east": {"uv": [0.875, 8.75, 1, 9.25], "texture": "#2"},
				"south": {"uv": [5, 0.875, 6, 1.375], "texture": "#2"},
				"west": {"uv": [1, 8.75, 1.125, 9.25], "texture": "#2"},
				"up": {"uv": [8.125, 2.375, 7.125, 2.25], "texture": "#2"},
				"down": {"uv": [8.125, 2.375, 7.125, 2.5], "texture": "#2"}
			}
		},
		{
			"from": [6.75, 15.75, 3.05493],
			"to": [9.25, 18, 3.30493],
			"rotation": {"angle": 22.5, "axis": "x", "origin": [8, 16.9025, 3.05493]},
			"faces": {
				"north": {"uv": [9.5, 10.5, 10.5, 11], "texture": "#2"},
				"east": {"uv": [0.875, 8.75, 1, 9.25], "texture": "#2"},
				"south": {"uv": [5, 0.875, 6, 1.375], "texture": "#2"},
				"west": {"uv": [1, 8.75, 1.125, 9.25], "texture": "#2"},
				"up": {"uv": [8.125, 2.375, 7.125, 2.25], "texture": "#2"},
				"down": {"uv": [8.125, 2.375, 7.125, 2.5], "texture": "#2"}
			}
		},
		{
			"from": [7.25, 15.7775, 2.80493],
			"to": [8.75, 17.2775, 3.05493],
			"rotation": {"angle": 22.5, "axis": "x", "origin": [8, 16.9025, 3.05493]},
			"faces": {
				"north": {"uv": [8.375, 10.5, 9.375, 11], "texture": "#2"},
				"east": {"uv": [0.875, 8.75, 1, 9.25], "texture": "#2"},
				"south": {"uv": [5, 0.875, 6, 1.375], "texture": "#2"},
				"west": {"uv": [1, 8.75, 1.125, 9.25], "texture": "#2"},
				"up": {"uv": [8.125, 2.375, 7.125, 2.25], "texture": "#2"},
				"down": {"uv": [8.125, 2.375, 7.125, 2.5], "texture": "#2"}
			}
		},
		{
			"from": [6.25, 16.0275, 2.55493],
			"to": [6.75, 16.5275, 3.30493],
			"rotation": {"angle": 22.5, "axis": "x", "origin": [8, 16.9025, 3.05493]},
			"faces": {
				"north": {"uv": [9.5, 10.5, 10.5, 11], "texture": "#2"},
				"east": {"uv": [0.875, 8.75, 1, 9.25], "texture": "#2"},
				"south": {"uv": [5, 0.875, 6, 1.375], "texture": "#2"},
				"west": {"uv": [1, 8.75, 1.125, 9.25], "texture": "#2"},
				"up": {"uv": [8.125, 2.375, 7.125, 2.25], "texture": "#2"},
				"down": {"uv": [8.125, 2.375, 7.125, 2.5], "texture": "#2"}
			}
		},
		{
			"from": [7.8, 17.5, 2.55493],
			"to": [8.3, 18, 3.30493],
			"rotation": {"angle": 22.5, "axis": "x", "origin": [8, 16.9025, 3.05493]},
			"faces": {
				"north": {"uv": [9.5, 10.5, 10.5, 11], "texture": "#2"},
				"east": {"uv": [0.875, 8.75, 1, 9.25], "texture": "#2"},
				"south": {"uv": [5, 0.875, 6, 1.375], "texture": "#2"},
				"west": {"uv": [1, 8.75, 1.125, 9.25], "texture": "#2"},
				"up": {"uv": [8.125, 2.375, 7.125, 2.25], "texture": "#2"},
				"down": {"uv": [8.125, 2.375, 7.125, 2.5], "texture": "#2"}
			}
		},
		{
			"from": [9.25, 16.0275, 2.55493],
			"to": [9.75, 16.5275, 3.30493],
			"rotation": {"angle": 22.5, "axis": "x", "origin": [8, 16.9025, 3.05493]},
			"faces": {
				"north": {"uv": [9.5, 10.5, 10.5, 11], "texture": "#2"},
				"east": {"uv": [0.875, 8.75, 1, 9.25], "texture": "#2"},
				"south": {"uv": [5, 0.875, 6, 1.375], "texture": "#2"},
				"west": {"uv": [1, 8.75, 1.125, 9.25], "texture": "#2"},
				"up": {"uv": [8.125, 2.375, 7.125, 2.25], "texture": "#2"},
				"down": {"uv": [8.125, 2.375, 7.125, 2.5], "texture": "#2"}
			}
		},
		{
			"from": [3.5, 9.75, 5],
			"to": [4, 13.15, 5.5],
			"rotation": {"angle": 0, "axis": "y", "origin": [2, 7.15, 4]},
			"faces": {
				"north": {"uv": [4, 7, 5, 10], "texture": "#3"},
				"east": {"uv": [5, 7, 6, 10], "texture": "#3"},
				"south": {"uv": [6, 7, 7, 10], "texture": "#3"},
				"west": {"uv": [7, 7, 8, 10], "texture": "#3"},
				"up": {"uv": [10, 8, 9, 7], "texture": "#3"},
				"down": {"uv": [10, 8, 9, 9], "texture": "#3"}
			}
		},
		{
			"from": [3.4, 10, 5],
			"to": [3.5, 10.65, 5.5],
			"rotation": {"angle": 0, "axis": "y", "origin": [1.9, 7.4, 4]},
			"faces": {
				"north": {"uv": [9, 9, 10, 10], "texture": "#3"},
				"east": {"uv": [10, 0, 11, 1], "texture": "#3"},
				"south": {"uv": [10, 1, 11, 2], "texture": "#3"},
				"west": {"uv": [10, 2, 11, 3], "texture": "#3"},
				"up": {"uv": [11, 4, 10, 3], "texture": "#3"},
				"down": {"uv": [5, 10, 4, 11], "texture": "#3"}
			}
		},
		{
			"from": [3.4, 10.525, 3.375],
			"to": [4, 11.025, 9.025],
			"rotation": {"angle": -22.5, "axis": "x", "origin": [3.75, 10.775, 6.45]},
			"faces": {
				"north": {"uv": [5, 10, 6, 11], "texture": "#3"},
				"east": {"uv": [0, 4, 6, 5], "texture": "#3"},
				"south": {"uv": [6, 10, 7, 11], "texture": "#3"},
				"west": {"uv": [0, 5, 6, 6], "texture": "#3"},
				"up": {"uv": [1, 12, 0, 6], "texture": "#3"},
				"down": {"uv": [2, 6, 1, 12], "texture": "#3"}
			}
		},
		{
			"from": [4, 10.525, 3.375],
			"to": [12, 11.025, 4.025],
			"rotation": {"angle": -22.5, "axis": "x", "origin": [11.75, 10.775, 6.45]},
			"faces": {
				"north": {"uv": [0, 0, 8, 1], "texture": "#3"},
				"east": {"uv": [7, 10, 8, 11], "texture": "#3"},
				"south": {"uv": [0, 1, 8, 2], "texture": "#3"},
				"west": {"uv": [10, 7, 11, 8], "texture": "#3"},
				"up": {"uv": [8, 3, 0, 2], "texture": "#3"},
				"down": {"uv": [8, 3, 0, 4], "texture": "#3"}
			}
		},
		{
			"from": [7, 10.275, 3.275],
			"to": [9, 11.275, 4.025],
			"rotation": {"angle": -22.5, "axis": "x", "origin": [11.75, 10.775, 6.45]},
			"faces": {
				"north": {"uv": [6, 5, 8, 6], "texture": "#3"},
				"east": {"uv": [10, 8, 11, 9], "texture": "#3"},
				"south": {"uv": [8, 3, 10, 4], "texture": "#3"},
				"west": {"uv": [9, 10, 10, 11], "texture": "#3"},
				"up": {"uv": [11, 6, 9, 5], "texture": "#3"},
				"down": {"uv": [11, 6, 9, 7], "texture": "#3"}
			}
		},
		{
			"from": [12, 10.525, 3.375],
			"to": [12.6, 11.025, 9.025],
			"rotation": {"angle": -22.5, "axis": "x", "origin": [12.25, 10.775, 6.45]},
			"faces": {
				"north": {"uv": [10, 9, 11, 10], "texture": "#3"},
				"east": {"uv": [2, 6, 8, 7], "texture": "#3"},
				"south": {"uv": [10, 10, 11, 11], "texture": "#3"},
				"west": {"uv": [6, 4, 12, 5], "texture": "#3"},
				"up": {"uv": [3, 13, 2, 7], "texture": "#3"},
				"down": {"uv": [4, 7, 3, 13], "texture": "#3"}
			}
		},
		{
			"from": [12, 9.75, 5],
			"to": [12.5, 13.15, 5.5],
			"rotation": {"angle": 0, "axis": "y", "origin": [10.5, 7.15, 4]},
			"faces": {
				"north": {"uv": [8, 0, 9, 3], "texture": "#3"},
				"east": {"uv": [8, 5, 9, 8], "texture": "#3"},
				"south": {"uv": [8, 8, 9, 11], "texture": "#3"},
				"west": {"uv": [9, 0, 10, 3], "texture": "#3"},
				"up": {"uv": [12, 1, 11, 0], "texture": "#3"},
				"down": {"uv": [12, 1, 11, 2], "texture": "#3"}
			}
		},
		{
			"from": [12.5, 10, 5],
			"to": [12.6, 10.65, 5.5],
			"rotation": {"angle": 0, "axis": "y", "origin": [11, 7.4, 4]},
			"faces": {
				"north": {"uv": [11, 2, 12, 3], "texture": "#3"},
				"east": {"uv": [11, 3, 12, 4], "texture": "#3"},
				"south": {"uv": [4, 11, 5, 12], "texture": "#3"},
				"west": {"uv": [5, 11, 6, 12], "texture": "#3"},
				"up": {"uv": [12, 6, 11, 5], "texture": "#3"},
				"down": {"uv": [7, 11, 6, 12], "texture": "#3"}
			}
		}
	],
	"display": {
		"head": {
			"translation": [0, -9.5, 0],
			"scale": [1.6, 1.6, 1.6]
		}
	},
	"groups": [
		{
			"name": "Head",
			"origin": [8, 24, 8],
			"color": 0,
			"children": [0, 1, 2, 3, 4, 5, 6, 7, 8, 9, 10, 11, 12, 13, 14, 15, 16, 17, 18]
		},
		19,
		20,
		21,
		22,
		23,
		24,
		25,
		26
	]
}