{
	"credit": "Made with Blockbench",
	"texture_size": [32, 32],
	"textures": {
		"0": "item/p",
		"particle": "item/p"
	},
	"elements": [
		{
			"from": [8, 1.5, 10.15],
			"to": [9, 13.5, 11.15],
			"rotation": {"angle": 0, "axis": "x", "origin": [8, 4, 9]},
			"faces": {
				"north": {"uv": [0, 4, 0.5, 10], "texture": "#0"},
				"east": {"uv": [0.5, 4, 1, 10], "texture": "#0"},
				"south": {"uv": [1, 4, 1.5, 10], "texture": "#0"},
				"west": {"uv": [1.5, 4, 2, 10], "texture": "#0"},
				"up": {"uv": [8, 5.5, 7.5, 5], "texture": "#0"},
				"down": {"uv": [6, 7.5, 5.5, 8], "texture": "#0"}
			}
		},
		{
			"from": [8, 0, 8],
			"to": [9, 1, 10],
			"rotation": {"angle": 0, "axis": "y", "origin": [8, 0, 8]},
			"faces": {
				"north": {"uv": [7.5, 5.5, 8, 6], "texture": "#0"},
				"east": {"uv": [6, 0, 7, 0.5], "texture": "#0"},
				"south": {"uv": [6, 7.5, 6.5, 8], "texture": "#0"},
				"west": {"uv": [6, 0.5, 7, 1], "texture": "#0"},
				"up": {"uv": [6.5, 2, 6, 1], "texture": "#0"},
				"down": {"uv": [7, 1, 6.5, 2], "texture": "#0"}
			}
		},
		{
			"from": [8, 2, 6],
			"to": [9, 3, 8],
			"rotation": {"angle": 45, "axis": "x", "origin": [8, 1, 6]},
			"faces": {
				"north": {"uv": [7.5, 6, 8, 6.5], "texture": "#0"},
				"east": {"uv": [7, 0, 8, 0.5], "texture": "#0"},
				"south": {"uv": [6.5, 7.5, 7, 8], "texture": "#0"},
				"west": {"uv": [7, 0.5, 8, 1], "texture": "#0"},
				"up": {"uv": [7.5, 2, 7, 1], "texture": "#0"},
				"down": {"uv": [7.5, 2, 7, 3], "texture": "#0"}
			}
		},
		{
			"from": [8, 1.7, 6.7],
			"to": [9, 13.7, 7.7],
			"rotation": {"angle": 0, "axis": "x", "origin": [8, 4, 6]},
			"faces": {
				"north": {"uv": [2, 4, 2.5, 10], "texture": "#0"},
				"east": {"uv": [2.5, 4, 3, 10], "texture": "#0"},
				"south": {"uv": [3, 4, 3.5, 10], "texture": "#0"},
				"west": {"uv": [3.5, 4, 4, 10], "texture": "#0"},
				"up": {"uv": [8, 7, 7.5, 6.5], "texture": "#0"},
				"down": {"uv": [8, 7, 7.5, 7.5], "texture": "#0"}
			}
		},
		{
			"from": [8, 1.5, 10.5],
			"to": [9, 3.5, 11.5],
			"rotation": {"angle": 45, "axis": "x", "origin": [8, 3, 9]},
			"faces": {
				"north": {"uv": [7, 3, 7.5, 4], "texture": "#0"},
				"east": {"uv": [7, 4, 7.5, 5], "texture": "#0"},
				"south": {"uv": [7, 5, 7.5, 6], "texture": "#0"},
				"west": {"uv": [7, 6, 7.5, 7], "texture": "#0"},
				"up": {"uv": [8, 8, 7.5, 7.5], "texture": "#0"},
				"down": {"uv": [8.5, 0, 8, 0.5], "texture": "#0"}
			}
		},
		{
			"from": [8, 13.3, 3],
			"to": [9, 15.3, 15],
			"rotation": {"angle": 0, "axis": "y", "origin": [8, 14, 3]},
			"faces": {
				"north": {"uv": [7, 7, 7.5, 8], "texture": "#0"},
				"east": {"uv": [0, 0, 6, 1], "texture": "#0"},
				"south": {"uv": [7.5, 1, 8, 2], "texture": "#0"},
				"west": {"uv": [0, 1, 6, 2], "texture": "#0"},
				"up": {"uv": [4.5, 10, 4, 4], "texture": "#0"},
				"down": {"uv": [5, 4, 4.5, 10], "texture": "#0"}
			}
		},
		{
			"from": [8.05, 13.3, 12],
			"to": [8.95, 15.3, 19],
			"rotation": {"angle": 22.5, "axis": "x", "origin": [8, 14, 12]},
			"faces": {
				"north": {"uv": [7.5, 2, 8, 3], "texture": "#0"},
				"east": {"uv": [0, 2, 3.5, 3], "texture": "#0"},
				"south": {"uv": [7.5, 3, 8, 4], "texture": "#0"},
				"west": {"uv": [0, 3, 3.5, 4], "texture": "#0"},
				"up": {"uv": [5.5, 7.5, 5, 4], "texture": "#0"},
				"down": {"uv": [6, 4, 5.5, 7.5], "texture": "#0"}
			}
		},
		{
			"from": [8.05, 10.5, -1],
			"to": [8.95, 12.5, 6],
			"rotation": {"angle": -22.5, "axis": "x", "origin": [8, 11, -1]},
			"faces": {
				"north": {"uv": [7.5, 4, 8, 5], "texture": "#0"},
				"east": {"uv": [3.5, 2, 7, 3], "texture": "#0"},
				"south": {"uv": [5, 7.5, 5.5, 8.5], "texture": "#0"},
				"west": {"uv": [3.5, 3, 7, 4], "texture": "#0"},
				"up": {"uv": [6.5, 7.5, 6, 4], "texture": "#0"},
				"down": {"uv": [7, 4, 6.5, 7.5], "texture": "#0"}
			}
		}
	],
	"display": {
		"thirdperson_righthand": {
			"rotation": [-7, -4, 0],
			"translation": [0, 3.5, 0]
		},
		"thirdperson_lefthand": {
			"rotation": [-7, -4, 0],
			"translation": [0, 3.5, 0]
		},
		"firstperson_righthand": {
			"rotation": [-20, 20, 0],
			"translation": [0, 7.5, -2.25]
		},
		"firstperson_lefthand": {
			"rotation": [-20, 20, 0],
			"translation": [0, 7.5, -2.25]
		},
		"ground": {
			"rotation": [0, 0, 90],
			"translation": [0, -4, 0]
		},
		"gui": {
			"rotation": [0, 90, 0]
		},
		"head": {
			"scale": [4, 4, 4]
		},
		"fixed": {
			"rotation": [0, 90, 0]
		}
	},
	"groups": [
		{
			"name": "group",
			"origin": [8, 11, -1],
			"color": 0,
			"children": [0, 1, 2, 3, 4, 5, 6, 7]
		}
	]
}