{
	"credit": "Made with Blockbench",
	"textures": {
		"0": "item/pistolet"
	},
	"elements": [
		{
			"from": [3, 6, 8],
			"to": [7, 8, 10],
			"rotation": {"angle": 0, "axis": "y", "origin": [8, 0, 8]},
			"faces": {
				"north": {"uv": [2, 2, 6, 4], "texture": "#0"},
				"east": {"uv": [0, 2, 2, 4], "texture": "#0"},
				"south": {"uv": [8, 2, 12, 4], "texture": "#0"},
				"west": {"uv": [6, 2, 8, 4], "texture": "#0"},
				"up": {"uv": [6, 2, 2, 0], "texture": "#0"},
				"down": {"uv": [10, 0, 6, 2], "texture": "#0"}
			}
		},
		{
			"from": [7, 3, 8],
			"to": [9, 6, 10],
			"rotation": {"angle": 0, "axis": "y", "origin": [8, 0, 8]},
			"faces": {
				"north": {"uv": [2, 6, 4, 9], "texture": "#0"},
				"east": {"uv": [0, 6, 2, 9], "texture": "#0"},
				"south": {"uv": [6, 6, 8, 9], "texture": "#0"},
				"west": {"uv": [4, 6, 6, 9], "texture": "#0"},
				"up": {"uv": [4, 6, 2, 4], "texture": "#0"},
				"down": {"uv": [6, 4, 4, 6], "texture": "#0"}
			}
		},
		{
			"from": [9, 5, 8.5],
			"to": [10, 6, 9.5],
			"rotation": {"angle": 0, "axis": "y", "origin": [8, 0, 8]},
			"faces": {
				"north": {"uv": [11, 11, 12, 12], "texture": "#0"},
				"east": {"uv": [10, 11, 11, 12], "texture": "#0"},
				"south": {"uv": [13, 11, 14, 12], "texture": "#0"},
				"west": {"uv": [12, 11, 13, 12], "texture": "#0"},
				"up": {"uv": [12, 11, 11, 10], "texture": "#0"},
				"down": {"uv": [13, 10, 12, 11], "texture": "#0"}
			}
		},
		{
			"from": [5, 5, 9],
			"to": [7, 6, 9],
			"rotation": {"angle": 0, "axis": "y", "origin": [8, 0, 8]},
			"faces": {
				"north": {"uv": [0, 12, 2, 13], "texture": "#0"},
				"east": {"uv": [0, 12, 0, 13], "texture": "#0"},
				"south": {"uv": [2, 12, 4, 13], "texture": "#0"},
				"west": {"uv": [2, 12, 2, 13], "texture": "#0"},
				"up": {"uv": [2, 12, 0, 12], "texture": "#0"},
				"down": {"uv": [4, 12, 2, 12], "texture": "#0"}
			}
		},
		{
			"from": [7, 6, 10],
			"to": [10, 8, 10],
			"rotation": {"angle": 0, "axis": "y", "origin": [8, 0, 8]},
			"faces": {
				"north": {"uv": [4, 10, 7, 12], "texture": "#0"},
				"east": {"uv": [4, 10, 4, 12], "texture": "#0"},
				"south": {"uv": [7, 10, 10, 12], "texture": "#0"},
				"west": {"uv": [7, 10, 7, 12], "texture": "#0"},
				"up": {"uv": [7, 10, 4, 10], "texture": "#0"},
				"down": {"uv": [10, 10, 7, 10], "texture": "#0"}
			}
		},
		{
			"from": [7, 6, 8],
			"to": [10, 8, 8],
			"rotation": {"angle": 0, "axis": "y", "origin": [8, 0, 8]},
			"faces": {
				"north": {"uv": [8, 8, 11, 10], "texture": "#0"},
				"east": {"uv": [8, 8, 8, 10], "texture": "#0"},
				"south": {"uv": [11, 8, 14, 10], "texture": "#0"},
				"west": {"uv": [11, 8, 11, 10], "texture": "#0"},
				"up": {"uv": [11, 8, 8, 8], "texture": "#0"},
				"down": {"uv": [14, 8, 11, 8], "texture": "#0"}
			}
		},
		{
			"from": [10, 6, 8],
			"to": [10, 8, 10],
			"rotation": {"angle": 0, "axis": "y", "origin": [8, 0, 8]},
			"faces": {
				"north": {"uv": [2, 9, 2, 11], "texture": "#0"},
				"east": {"uv": [0, 9, 2, 11], "texture": "#0"},
				"south": {"uv": [4, 9, 4, 11], "texture": "#0"},
				"west": {"uv": [2, 9, 4, 11], "texture": "#0"},
				"up": {"uv": [2, 9, 2, 7], "texture": "#0"},
				"down": {"uv": [2, 7, 2, 9], "texture": "#0"}
			}
		},
		{
			"from": [9, 6, 8],
			"to": [10, 6, 10],
			"rotation": {"angle": 0, "axis": "y", "origin": [8, 0, 8]},
			"faces": {
				"north": {"uv": [10, 2, 11, 2], "texture": "#0"},
				"east": {"uv": [8, 2, 10, 2], "texture": "#0"},
				"south": {"uv": [13, 2, 14, 2], "texture": "#0"},
				"west": {"uv": [11, 2, 13, 2], "texture": "#0"},
				"up": {"uv": [11, 2, 10, 0], "texture": "#0"},
				"down": {"uv": [12, 0, 11, 2], "texture": "#0"}
			}
		},
		{
			"from": [7, 2, 9],
			"to": [9, 3, 9],
			"rotation": {"angle": 0, "axis": "y", "origin": [8, 0, 8]},
			"faces": {
				"north": {"uv": [0, 11, 2, 12], "texture": "#0"},
				"east": {"uv": [0, 11, 0, 12], "texture": "#0"},
				"south": {"uv": [2, 11, 4, 12], "texture": "#0"},
				"west": {"uv": [2, 11, 2, 12], "texture": "#0"},
				"up": {"uv": [2, 11, 0, 11], "texture": "#0"},
				"down": {"uv": [4, 11, 2, 11], "texture": "#0"}
			}
		},
		{
			"from": [7, 8, 8],
			"to": [10, 8, 10],
			"rotation": {"angle": 0, "axis": "y", "origin": [8, 0, 8]},
			"faces": {
				"north": {"uv": [6, 6, 9, 6], "texture": "#0"},
				"east": {"uv": [4, 6, 6, 6], "texture": "#0"},
				"south": {"uv": [11, 6, 14, 6], "texture": "#0"},
				"west": {"uv": [9, 6, 11, 6], "texture": "#0"},
				"up": {"uv": [9, 6, 6, 4], "texture": "#0"},
				"down": {"uv": [12, 4, 9, 6], "texture": "#0"}
			}
		},
		{
			"from": [3, 7, 8],
			"to": [6, 7, 10],
			"rotation": {"angle": 0, "axis": "y", "origin": [12, 0, 8]},
			"faces": {
				"north": {"uv": [8, 8, 11, 8], "texture": "#0"},
				"east": {"uv": [6, 8, 8, 8], "texture": "#0"},
				"south": {"uv": [13, 8, 16, 8], "texture": "#0"},
				"west": {"uv": [11, 8, 13, 8], "texture": "#0"},
				"up": {"uv": [11, 8, 8, 6], "texture": "#0"},
				"down": {"uv": [14, 6, 11, 8], "texture": "#0"}
			}
		},
		{
			"from": [7, 9.5, 8],
			"to": [7, 10.5, 10],
			"rotation": {"angle": 22.5, "axis": "z", "origin": [11, 2, 8]},
			"faces": {
				"north": {"uv": [6, 9, 6, 10], "texture": "#0"},
				"east": {"uv": [4, 9, 6, 10], "texture": "#0"},
				"south": {"uv": [8, 9, 8, 10], "texture": "#0"},
				"west": {"uv": [6, 9, 8, 10], "texture": "#0"},
				"up": {"uv": [6, 9, 6, 7], "texture": "#0"},
				"down": {"uv": [6, 7, 6, 9], "texture": "#0"}
			}
		}
	],
	"display": {
		"head": {
			"translation": [27.5, -58, 0],
			"scale": [1.5, 1.5, 1.5]
		}
	},
	"groups": [
		{
			"name": "bone2",
			"origin": [7, 5, 8],
			"color": 0,
			"children": [
				0,
				1,
				2,
				3,
				4,
				5,
				6,
				7,
				8,
				{
					"name": "kr",
					"origin": [10, 8, 9],
					"color": 0,
					"children": [9]
				},
				{
					"name": "money",
					"origin": [5, 7, 9],
					"color": 0,
					"children": [10]
				},
				{
					"name": "bone",
					"origin": [4, 8, 9],
					"color": 0,
					"children": [11]
				}
			]
		}
	]
}