{
	"credit": "Made with Blockbench",
	"texture_size": [128, 128],
	"textures": {
		"0": "item/pumpkin"
	},
	"elements": [
		{
			"name": "body",
			"from": [4, 7.5, 5],
			"to": [12, 17.5, 11],
			"rotation": {"angle": 0, "axis": "y", "origin": [8, 0, 8]},
			"faces": {
				"north": {"uv": [3.5, 7.75, 4.5, 9], "texture": "#0"},
				"east": {"uv": [2.75, 7.75, 3.5, 9], "texture": "#0"},
				"south": {"uv": [5.25, 7.75, 6.25, 9], "texture": "#0"},
				"west": {"uv": [4.5, 7.75, 5.25, 9], "texture": "#0"},
				"up": {"uv": [4.5, 7.75, 3.5, 7], "texture": "#0"},
				"down": {"uv": [5.5, 7, 4.5, 7.75], "texture": "#0"}
			}
		},
		{
			"name": "body",
			"from": [4.075, 12.65, 4.8],
			"to": [7.075, 17.65, 4.8],
			"rotation": {"angle": 0, "axis": "y", "origin": [8, 0, 8]},
			"faces": {
				"north": {"uv": [3.5, 6.25, 3.875, 6.875], "texture": "#0"},
				"east": {"uv": [3.5, 6.25, 3.5, 6.875], "texture": "#0"},
				"south": {"uv": [3.875, 6.25, 4.25, 6.875], "texture": "#0"},
				"west": {"uv": [3.875, 6.25, 3.875, 6.875], "texture": "#0"},
				"up": {"uv": [3.875, 6.25, 3.5, 6.25], "texture": "#0"},
				"down": {"uv": [4.25, 6.25, 3.875, 6.25], "texture": "#0"}
			}
		},
		{
			"name": "body",
			"from": [8.925, 12.65, 4.8],
			"to": [11.925, 17.65, 4.8],
			"rotation": {"angle": 0, "axis": "y", "origin": [8, 0, 8]},
			"faces": {
				"north": {"uv": [0, 5.75, 0.375, 6.375], "texture": "#0"},
				"east": {"uv": [0, 5.75, 0, 6.375], "texture": "#0"},
				"south": {"uv": [0.375, 5.75, 0.75, 6.375], "texture": "#0"},
				"west": {"uv": [0.375, 5.75, 0.375, 6.375], "texture": "#0"},
				"up": {"uv": [0.375, 5.75, 0, 5.75], "texture": "#0"},
				"down": {"uv": [0.75, 5.75, 0.375, 5.75], "texture": "#0"}
			}
		},
		{
			"name": "body",
			"from": [3.75, 7.25, 4.75],
			"to": [12.25, 17.75, 11.25],
			"rotation": {"angle": 0, "axis": "y", "origin": [8, 0, 8]},
			"faces": {
				"north": {"uv": [0.75, 6.5, 1.75, 7.75], "texture": "#0"},
				"east": {"uv": [0, 6.5, 0.75, 7.75], "texture": "#0"},
				"south": {"uv": [2.5, 6.5, 3.5, 7.75], "texture": "#0"},
				"west": {"uv": [1.75, 6.5, 2.5, 7.75], "texture": "#0"},
				"up": {"uv": [1.75, 6.5, 0.75, 5.75], "texture": "#0"},
				"down": {"uv": [2.75, 5.75, 1.75, 6.5], "texture": "#0"}
			}
		},
		{
			"name": "head",
			"from": [5, 27.25, 8],
			"to": [11, 31.25, 8],
			"rotation": {"angle": 0, "axis": "y", "origin": [8, 0, 8]},
			"faces": {
				"north": {"uv": [7.5, 0, 8.25, 0.5], "texture": "#0"},
				"east": {"uv": [7.5, 0, 7.5, 0.5], "texture": "#0"},
				"south": {"uv": [8.25, 0, 9, 0.5], "texture": "#0"},
				"west": {"uv": [8.25, 0, 8.25, 0.5], "texture": "#0"},
				"up": {"uv": [8.25, 0, 7.5, 0], "texture": "#0"},
				"down": {"uv": [9, 0, 8.25, 0], "texture": "#0"}
			}
		},
		{
			"name": "head",
			"from": [5, 27.25, 8],
			"to": [11, 31.25, 8],
			"rotation": {"angle": 0, "axis": "y", "origin": [8, 0, 8]},
			"faces": {
				"north": {"uv": [2.75, 5.75, 3.5, 6.25], "texture": "#0"},
				"east": {"uv": [2.75, 5.75, 2.75, 6.25], "texture": "#0"},
				"south": {"uv": [3.5, 5.75, 4.25, 6.25], "texture": "#0"},
				"west": {"uv": [3.5, 5.75, 3.5, 6.25], "texture": "#0"},
				"up": {"uv": [3.5, 5.75, 2.75, 5.75], "texture": "#0"},
				"down": {"uv": [4.25, 5.75, 3.5, 5.75], "texture": "#0"}
			}
		},
		{
			"name": "head_1",
			"from": [2, 17.5, 2],
			"to": [14, 27.5, 14],
			"rotation": {"angle": 0, "axis": "y", "origin": [8, 0, 8]},
			"faces": {
				"north": {"uv": [6, 5.75, 7.5, 7], "texture": "#0"},
				"east": {"uv": [4.5, 5.75, 6, 7], "texture": "#0"},
				"south": {"uv": [9, 5.75, 10.5, 7], "texture": "#0"},
				"west": {"uv": [7.5, 5.75, 9, 7], "texture": "#0"},
				"up": {"uv": [7.5, 5.75, 6, 4.25], "texture": "#0"},
				"down": {"uv": [9, 4.25, 7.5, 5.75], "texture": "#0"}
			}
		},
		{
			"name": "head_1",
			"from": [1.65, 17.025, 1.65],
			"to": [14.35, 27.725, 14.35],
			"rotation": {"angle": 0, "axis": "y", "origin": [8, 0, 8]},
			"faces": {
				"north": {"uv": [6, 2.875, 7.5, 4.125], "texture": "#0"},
				"east": {"uv": [4.5, 2.875, 6, 4.125], "texture": "#0"},
				"south": {"uv": [9, 2.875, 10.5, 4.125], "texture": "#0"},
				"west": {"uv": [7.5, 2.875, 9, 4.125], "texture": "#0"},
				"up": {"uv": [7.5, 2.875, 6, 1.375], "texture": "#0"},
				"down": {"uv": [9, 1.375, 7.5, 2.875], "texture": "#0"}
			}
		},
		{
			"name": "head_2",
			"from": [2, 17.5, 2],
			"to": [14, 28.5, 14],
			"rotation": {"angle": 0, "axis": "y", "origin": [8, 0, 8]},
			"faces": {
				"north": {"uv": [1.5, 4.375, 3, 5.75], "texture": "#0"},
				"east": {"uv": [0, 4.375, 1.5, 5.75], "texture": "#0"},
				"south": {"uv": [4.5, 4.375, 6, 5.75], "texture": "#0"},
				"west": {"uv": [3, 4.375, 4.5, 5.75], "texture": "#0"},
				"up": {"uv": [3, 4.375, 1.5, 2.875], "texture": "#0"},
				"down": {"uv": [4.5, 2.875, 3, 4.375], "texture": "#0"}
			}
		},
		{
			"name": "head_2",
			"from": [1.65, 17.025, 1.65],
			"to": [14.35, 28.725, 14.35],
			"rotation": {"angle": 0, "axis": "y", "origin": [8, 0, 8]},
			"faces": {
				"north": {"uv": [1.5, 1.5, 3, 2.875], "texture": "#0"},
				"east": {"uv": [0, 1.5, 1.5, 2.875], "texture": "#0"},
				"south": {"uv": [4.5, 1.5, 6, 2.875], "texture": "#0"},
				"west": {"uv": [3, 1.5, 4.5, 2.875], "texture": "#0"},
				"up": {"uv": [3, 1.5, 1.5, 0], "texture": "#0"},
				"down": {"uv": [4.5, 0, 3, 1.5], "texture": "#0"}
			}
		},
		{
			"name": "left_eye",
			"from": [4.25, 21.5, 1.75],
			"to": [6.25, 24.25, 1.75],
			"rotation": {"angle": 0, "axis": "y", "origin": [8, 0, 8]},
			"faces": {
				"north": {"uv": [5, 4.125, 5.25, 4.375], "texture": "#0"},
				"east": {"uv": [5, 4.125, 5, 4.375], "texture": "#0"},
				"south": {"uv": [5.25, 4.125, 5.5, 4.375], "texture": "#0"},
				"west": {"uv": [5.25, 4.125, 5.25, 4.375], "texture": "#0"},
				"up": {"uv": [5.25, 4.125, 5, 4.125], "texture": "#0"},
				"down": {"uv": [5.5, 4.125, 5.25, 4.125], "texture": "#0"}
			}
		},
		{
			"name": "right_eye",
			"from": [9.75, 21.5, 1.75],
			"to": [11.75, 24.25, 1.75],
			"rotation": {"angle": 0, "axis": "y", "origin": [8, 0, 8]},
			"faces": {
				"north": {"uv": [4.5, 4.125, 4.75, 4.375], "texture": "#0"},
				"east": {"uv": [4.5, 4.125, 4.5, 4.375], "texture": "#0"},
				"south": {"uv": [4.75, 4.125, 5, 4.375], "texture": "#0"},
				"west": {"uv": [4.75, 4.125, 4.75, 4.375], "texture": "#0"},
				"up": {"uv": [4.75, 4.125, 4.5, 4.125], "texture": "#0"},
				"down": {"uv": [5, 4.125, 4.75, 4.125], "texture": "#0"}
			}
		},
		{
			"name": "left_arm",
			"from": [1.25, 7.5, 6.5],
			"to": [4.25, 17.5, 9.5],
			"rotation": {"angle": 0, "axis": "y", "origin": [8, 0, 8]},
			"faces": {
				"north": {"uv": [1.875, 9, 2.25, 10.25], "texture": "#0"},
				"east": {"uv": [1.5, 9, 1.875, 10.25], "texture": "#0"},
				"south": {"uv": [2.625, 9, 3, 10.25], "texture": "#0"},
				"west": {"uv": [2.25, 9, 2.625, 10.25], "texture": "#0"},
				"up": {"uv": [2.25, 9, 1.875, 8.625], "texture": "#0"},
				"down": {"uv": [2.625, 8.625, 2.25, 9], "texture": "#0"}
			}
		},
		{
			"name": "left_arm",
			"from": [1, 7.25, 6.25],
			"to": [4.5, 17.75, 9.75],
			"rotation": {"angle": 0, "axis": "y", "origin": [8, 0, 8]},
			"faces": {
				"north": {"uv": [8.125, 7.375, 8.5, 8.625], "texture": "#0"},
				"east": {"uv": [7.75, 7.375, 8.125, 8.625], "texture": "#0"},
				"south": {"uv": [8.875, 7.375, 9.25, 8.625], "texture": "#0"},
				"west": {"uv": [8.5, 7.375, 8.875, 8.625], "texture": "#0"},
				"up": {"uv": [8.5, 7.375, 8.125, 7], "texture": "#0"},
				"down": {"uv": [8.875, 7, 8.5, 7.375], "texture": "#0"}
			}
		},
		{
			"name": "right_arm",
			"from": [11.75, 7.5, 6.5],
			"to": [14.75, 17.5, 9.5],
			"rotation": {"angle": 0, "axis": "y", "origin": [8, 0, 8]},
			"faces": {
				"north": {"uv": [0.375, 8.125, 0.75, 9.375], "texture": "#0"},
				"east": {"uv": [0, 8.125, 0.375, 9.375], "texture": "#0"},
				"south": {"uv": [1.125, 8.125, 1.5, 9.375], "texture": "#0"},
				"west": {"uv": [0.75, 8.125, 1.125, 9.375], "texture": "#0"},
				"up": {"uv": [0.75, 8.125, 0.375, 7.75], "texture": "#0"},
				"down": {"uv": [1.125, 7.75, 0.75, 8.125], "texture": "#0"}
			}
		},
		{
			"name": "right_arm",
			"from": [11.5, 7.25, 6.25],
			"to": [15, 17.75, 9.75],
			"rotation": {"angle": 0, "axis": "y", "origin": [8, 0, 8]},
			"faces": {
				"north": {"uv": [6.625, 7.375, 7, 8.625], "texture": "#0"},
				"east": {"uv": [6.25, 7.375, 6.625, 8.625], "texture": "#0"},
				"south": {"uv": [7.375, 7.375, 7.75, 8.625], "texture": "#0"},
				"west": {"uv": [7, 7.375, 7.375, 8.625], "texture": "#0"},
				"up": {"uv": [7, 7.375, 6.625, 7], "texture": "#0"},
				"down": {"uv": [7.375, 7, 7, 7.375], "texture": "#0"}
			}
		},
		{
			"name": "trost",
			"from": [12.65, -2.475, 7.4],
			"to": [13.85, 8.725, 8.6],
			"rotation": {"angle": 0, "axis": "y", "origin": [8, 0, 8]},
			"faces": {
				"north": {"uv": [6.875, 8.75, 7, 10.125], "texture": "#0"},
				"east": {"uv": [6.75, 8.75, 6.875, 10.125], "texture": "#0"},
				"south": {"uv": [7.125, 8.75, 7.25, 10.125], "texture": "#0"},
				"west": {"uv": [7, 8.75, 7.125, 10.125], "texture": "#0"},
				"up": {"uv": [7, 8.75, 6.875, 8.625], "texture": "#0"},
				"down": {"uv": [7.125, 8.625, 7, 8.75], "texture": "#0"}
			}
		},
		{
			"name": "trost",
			"from": [12.5, -2.625, 7.25],
			"to": [14, 8.875, 8.75],
			"rotation": {"angle": 0, "axis": "y", "origin": [8, 0, 8]},
			"faces": {
				"north": {"uv": [6.375, 8.75, 6.5, 10.125], "texture": "#0"},
				"east": {"uv": [6.25, 8.75, 6.375, 10.125], "texture": "#0"},
				"south": {"uv": [6.625, 8.75, 6.75, 10.125], "texture": "#0"},
				"west": {"uv": [6.5, 8.75, 6.625, 10.125], "texture": "#0"},
				"up": {"uv": [6.5, 8.75, 6.375, 8.625], "texture": "#0"},
				"down": {"uv": [6.625, 8.625, 6.5, 8.75], "texture": "#0"}
			}
		},
		{
			"name": "trost",
			"from": [12.55, 8.625, 6.2],
			"to": [13.95, 10.025, 8.6],
			"rotation": {"angle": 0, "axis": "y", "origin": [8, 0, 8]},
			"faces": {
				"north": {"uv": [5.875, 0.25, 6, 0.375], "texture": "#0"},
				"east": {"uv": [5.625, 0.25, 5.875, 0.375], "texture": "#0"},
				"south": {"uv": [6.25, 0.25, 6.375, 0.375], "texture": "#0"},
				"west": {"uv": [6, 0.25, 6.25, 0.375], "texture": "#0"},
				"up": {"uv": [6, 0.25, 5.875, 0], "texture": "#0"},
				"down": {"uv": [6.125, 0, 6, 0.25], "texture": "#0"}
			}
		},
		{
			"name": "left_leg",
			"from": [4.25, 0.25, 6.5],
			"to": [7.25, 8.25, 9.5],
			"rotation": {"angle": 0, "axis": "y", "origin": [8, 0, 8]},
			"faces": {
				"north": {"uv": [6.375, 0.375, 6.75, 1.375], "texture": "#0"},
				"east": {"uv": [6, 0.375, 6.375, 1.375], "texture": "#0"},
				"south": {"uv": [7.125, 0.375, 7.5, 1.375], "texture": "#0"},
				"west": {"uv": [6.75, 0.375, 7.125, 1.375], "texture": "#0"},
				"up": {"uv": [6.75, 0.375, 6.375, 0], "texture": "#0"},
				"down": {"uv": [7.125, 0, 6.75, 0.375], "texture": "#0"}
			}
		},
		{
			"name": "left_leg",
			"from": [4, 0, 6.25],
			"to": [7.5, 8.5, 9.75],
			"rotation": {"angle": 0, "axis": "y", "origin": [8, 0, 8]},
			"faces": {
				"north": {"uv": [4.875, 0.375, 5.25, 1.375], "texture": "#0"},
				"east": {"uv": [4.5, 0.375, 4.875, 1.375], "texture": "#0"},
				"south": {"uv": [5.625, 0.375, 6, 1.375], "texture": "#0"},
				"west": {"uv": [5.25, 0.375, 5.625, 1.375], "texture": "#0"},
				"up": {"uv": [5.25, 0.375, 4.875, 0], "texture": "#0"},
				"down": {"uv": [5.625, 0, 5.25, 0.375], "texture": "#0"}
			}
		},
		{
			"name": "left_leg",
			"from": [4.25, 0.25, 4.5],
			"to": [7.25, 2.25, 6.5],
			"rotation": {"angle": 0, "axis": "y", "origin": [8, 0, 8]},
			"faces": {
				"north": {"uv": [7.5, 8.875, 7.875, 9.125], "texture": "#0"},
				"east": {"uv": [7.25, 8.875, 7.5, 9.125], "texture": "#0"},
				"south": {"uv": [8.125, 8.875, 8.5, 9.125], "texture": "#0"},
				"west": {"uv": [7.875, 8.875, 8.125, 9.125], "texture": "#0"},
				"up": {"uv": [7.875, 8.875, 7.5, 8.625], "texture": "#0"},
				"down": {"uv": [8.25, 8.625, 7.875, 8.875], "texture": "#0"}
			}
		},
		{
			"name": "left_leg",
			"from": [4, 0, 4.25],
			"to": [7.5, 2.5, 6.75],
			"rotation": {"angle": 0, "axis": "y", "origin": [8, 0, 8]},
			"faces": {
				"north": {"uv": [8.75, 1, 9.125, 1.25], "texture": "#0"},
				"east": {"uv": [8.5, 1, 8.75, 1.25], "texture": "#0"},
				"south": {"uv": [9.375, 1, 9.75, 1.25], "texture": "#0"},
				"west": {"uv": [9.125, 1, 9.375, 1.25], "texture": "#0"},
				"up": {"uv": [9.125, 1, 8.75, 0.75], "texture": "#0"},
				"down": {"uv": [9.5, 0.75, 9.125, 1], "texture": "#0"}
			}
		},
		{
			"name": "right_leg",
			"from": [8.75, 0.25, 6.5],
			"to": [11.75, 8.25, 9.5],
			"rotation": {"angle": 0, "axis": "y", "origin": [8, 0, 8]},
			"faces": {
				"north": {"uv": [0.375, 3.25, 0.75, 4.25], "texture": "#0"},
				"east": {"uv": [0, 3.25, 0.375, 4.25], "texture": "#0"},
				"south": {"uv": [1.125, 3.25, 1.5, 4.25], "texture": "#0"},
				"west": {"uv": [0.75, 3.25, 1.125, 4.25], "texture": "#0"},
				"up": {"uv": [0.75, 3.25, 0.375, 2.875], "texture": "#0"},
				"down": {"uv": [1.125, 2.875, 0.75, 3.25], "texture": "#0"}
			}
		},
		{
			"name": "right_leg",
			"from": [8.5, 0, 6.25],
			"to": [12, 8.5, 9.75],
			"rotation": {"angle": 0, "axis": "y", "origin": [8, 0, 8]},
			"faces": {
				"north": {"uv": [0.375, 0.375, 0.75, 1.375], "texture": "#0"},
				"east": {"uv": [0, 0.375, 0.375, 1.375], "texture": "#0"},
				"south": {"uv": [1.125, 0.375, 1.5, 1.375], "texture": "#0"},
				"west": {"uv": [0.75, 0.375, 1.125, 1.375], "texture": "#0"},
				"up": {"uv": [0.75, 0.375, 0.375, 0], "texture": "#0"},
				"down": {"uv": [1.125, 0, 0.75, 0.375], "texture": "#0"}
			}
		},
		{
			"name": "right_leg",
			"from": [8.75, 0.25, 4.5],
			"to": [11.75, 2.25, 6.5],
			"rotation": {"angle": 0, "axis": "y", "origin": [8, 0, 8]},
			"faces": {
				"north": {"uv": [1.75, 8, 2.125, 8.25], "texture": "#0"},
				"east": {"uv": [1.5, 8, 1.75, 8.25], "texture": "#0"},
				"south": {"uv": [2.375, 8, 2.75, 8.25], "texture": "#0"},
				"west": {"uv": [2.125, 8, 2.375, 8.25], "texture": "#0"},
				"up": {"uv": [2.125, 8, 1.75, 7.75], "texture": "#0"},
				"down": {"uv": [2.5, 7.75, 2.125, 8], "texture": "#0"}
			}
		},
		{
			"name": "right_leg",
			"from": [8.5, 0, 4.25],
			"to": [12, 2.5, 6.75],
			"rotation": {"angle": 0, "axis": "y", "origin": [8, 0, 8]},
			"faces": {
				"north": {"uv": [7.75, 0.75, 8.125, 1], "texture": "#0"},
				"east": {"uv": [7.5, 0.75, 7.75, 1], "texture": "#0"},
				"south": {"uv": [8.375, 0.75, 8.75, 1], "texture": "#0"},
				"west": {"uv": [8.125, 0.75, 8.375, 1], "texture": "#0"},
				"up": {"uv": [8.125, 0.75, 7.75, 0.5], "texture": "#0"},
				"down": {"uv": [8.5, 0.5, 8.125, 0.75], "texture": "#0"}
			}
		}
	],
	"display": {
		"head": {
			"translation": [0, -80, 0],
			"scale": [4, 4, 4]
		}
	},
	"groups": [
		{
			"name": "pumpkin_gentleman",
			"origin": [8, 18.25, 8],
			"color": 0,
			"children": [
				{
					"name": "body",
					"origin": [8, 7.75, 8],
					"color": 1,
					"children": [
						0,
						1,
						2,
						3,
						{
							"name": "head",
							"origin": [8, 17.5, 8],
							"color": 2,
							"children": [
								4,
								5,
								{
									"name": "head_1",
									"origin": [8, 18.25, 8],
									"color": 3,
									"children": [6, 7]
								},
								{
									"name": "head_2",
									"origin": [8, 19.25, 8],
									"color": 4,
									"children": [8, 9]
								},
								{
									"name": "left_eye",
									"origin": [5.25, 22.875, 1.75],
									"color": 5,
									"children": [10]
								},
								{
									"name": "right_eye",
									"origin": [10.75, 22.875, 1.75],
									"color": 6,
									"children": [11]
								}
							]
						},
						{
							"name": "left_arm",
							"origin": [2.75, 16, 8],
							"color": 7,
							"children": [12, 13]
						},
						{
							"name": "right_arm",
							"origin": [13.25, 16, 8],
							"color": 8,
							"children": [
								14,
								15,
								{
									"name": "trost",
									"origin": [13.25, 9.375, 8],
									"color": 9,
									"children": [16, 17, 18]
								}
							]
						}
					]
				},
				{
					"name": "left_leg",
					"origin": [5.75, 7.75, 8],
					"color": 0,
					"children": [19, 20, 21, 22]
				},
				{
					"name": "right_leg",
					"origin": [10.25, 7.75, 8],
					"color": 1,
					"children": [23, 24, 25, 26]
				}
			]
		}
	]
}