{
	"credit": "Made with Blockbench",
	"texture_size": [32, 32],
	"textures": {
		"2": "item/skull"
	},
	"elements": [
		{
			"from": [5, 4, 7],
			"to": [10, 6, 10],
			"rotation": {"angle": 22.5, "axis": "x", "origin": [8, 5, 8]},
			"faces": {
				"north": {"uv": [1.5, 8.5, 4, 9.5], "texture": "#2"},
				"east": {"uv": [0, 8.5, 1.5, 9.5], "texture": "#2"},
				"south": {"uv": [5.5, 8.5, 8, 9.5], "texture": "#2"},
				"west": {"uv": [4, 8.5, 5.5, 9.5], "texture": "#2"},
				"up": {"uv": [4, 8.5, 1.5, 7], "texture": "#2"},
				"down": {"uv": [6.5, 7, 4, 8.5], "texture": "#2"}
			}
		},
		{
			"from": [3.5, 6, 7],
			"to": [11.5, 13, 14],
			"rotation": {"angle": 22.5, "axis": "x", "origin": [8, 5, 8]},
			"faces": {
				"north": {"uv": [3.5, 3.5, 7.5, 7], "texture": "#2"},
				"east": {"uv": [0, 3.5, 3.5, 7], "texture": "#2"},
				"south": {"uv": [11, 3.5, 15, 7], "texture": "#2"},
				"west": {"uv": [7.5, 3.5, 11, 7], "texture": "#2"},
				"up": {"uv": [7.5, 3.5, 3.5, 0], "texture": "#2"},
				"down": {"uv": [11.5, 0, 7.5, 3.5], "texture": "#2"}
			}
		}
	],
	"display": {
		"head": {
			"translation": [0, -38, -4.25],
			"scale": [1.3, 1.3, 1.3]
		}
	},
	"groups": [
		{
			"name": "overall",
			"origin": [8, 4.25, 8],
			"color": 0,
			"children": [
				{
					"name": "skull",
					"origin": [8, 5, 8],
					"color": 0,
					"children": [0, 1]
				}
			]
		}
	]
}