{
	"credit": "Made with Blockbench",
	"texture_size": [32, 32],
	"textures": {
		"0": "block/texture"
	},
	"elements": [
		{
			"from": [6, 8, 6.25],
			"to": [10, 12, 10.25],
			"rotation": {"angle": 0, "axis": "y", "origin": [8, 0, 8]},
			"faces": {
				"north": {"uv": [2, 5, 4, 7], "texture": "#0"},
				"east": {"uv": [0, 5, 2, 7], "texture": "#0"},
				"south": {"uv": [6, 5, 8, 7], "texture": "#0"},
				"west": {"uv": [4, 5, 6, 7], "texture": "#0"},
				"up": {"uv": [4, 5, 2, 3], "texture": "#0"},
				"down": {"uv": [6, 3, 4, 5], "texture": "#0"}
			}
		}
	],
	"display": {
		"head": {
			"translation": [27.5, -45, 0],
			"scale": [1, 1, 1]
		}
	},
	"groups": [
		{
			"name": "bone2",
			"origin": [8, 8, 8],
			"color": 0,
			"children": [0]
		}
	]
}