{
	"parent": "item/generated",
	"textures": {
		"layer0": "item/stick"
	},
	
	"overrides": [
		{"predicate": {"custom_model_data":105}, "model": "item/utka"},
		{"predicate": {"custom_model_data":106}, "model": "item/skull"},
		{"predicate": {"custom_model_data":107}, "model": "item/krip"},
		{"predicate": {"custom_model_data":108}, "model": "item/dragon"},
		{"predicate": {"custom_model_data":109}, "model": "item/hotdog"},
		{"predicate": {"custom_model_data":110}, "model": "item/pistolet"},
		{"predicate": {"custom_model_data":111}, "model": "item/garfield"},
		{"predicate": {"custom_model_data":112}, "model": "item/workbench"},
		{"predicate": {"custom_model_data":654}, "model": "item/mask"},
		{"predicate": {"custom_model_data":1500}, "model": "item/status"},
		{"predicate": {"custom_model_data":1501}, "model": "item/level"},
		{"predicate": {"custom_model_data":1502}, "model": "item/settings"},
		{"predicate": {"custom_model_data":1503}, "model": "item/background"},
		{"predicate": {"custom_model_data":1504}, "model": "item/yes"},
		{"predicate": {"custom_model_data":1505}, "model": "item/no"},
		{"predicate": {"custom_model_data":1506}, "model": "item/rebirth"},
		{"predicate": {"custom_model_data":2102}, "model": "item/waffle"},
		{"predicate": {"custom_model_data":2103}, "model": "item/toilet"},
		{"predicate": {"custom_model_data":2104}, "model": "item/chicken"},
		{"predicate": {"custom_model_data":2105}, "model": "item/dragon_wing"},
		{"predicate": {"custom_model_data":2106}, "model": "item/backpack"},
		{"predicate": {"custom_model_data":2107}, "model": "item/neon_wings"},
		{"predicate": {"custom_model_data":2108}, "model": "item/shark"},
		{"predicate": {"custom_model_data":2109}, "model": "item/woman"},
		{"predicate": {"custom_model_data":2110}, "model": "item/crosh"},
		{"predicate": {"custom_model_data":2111}, "model": "item/cape"},
		{"predicate": {"custom_model_data":2112}, "model": "item/pumpkin"},
		{"predicate": {"custom_model_data":3000}, "model": "item/weight"}
	]
}