{
	"parent": "item/generated",
	"textures": {
		"layer0": "item/stick"
	},
	
	"overrides": [
		{"predicate": {"custom_model_data":105}, "model": "item/utka"},
		{"predicate": {"custom_model_data":106}, "model": "item/skull"},
		{"predicate": {"custom_model_data":107}, "model": "item/krip"},
		{"predicate": {"custom_model_data":108}, "model": "item/dragon"},
		{"predicate": {"custom_model_data":109}, "model": "item/hotdog"},
		{"predicate": {"custom_model_data":110}, "model": "item/pistolet"},
		{"predicate": {"custom_model_data":111}, "model": "item/garfield"},
		{"predicate": {"custom_model_data":112}, "model": "item/workbench"},
		{"predicate": {"custom_model_data":654}, "model": "item/mask"}
	]
}