{
	"credit": "Made with Blockbench",
	"texture_size": [128, 128],
	"textures": {
		"0": "item/toilet"
	},
	"elements": [
		{
			"name": "toiletbuttonone",
			"from": [6.5, 27, 15.5],
			"to": [9.5, 28, 18.5],
			"rotation": {"angle": 0, "axis": "y", "origin": [9, 28, 17]},
			"faces": {
				"north": {"uv": [0.375, 9, 0.75, 9.125], "texture": "#0"},
				"east": {"uv": [0, 9, 0.375, 9.125], "texture": "#0"},
				"south": {"uv": [1.125, 9, 1.5, 9.125], "texture": "#0"},
				"west": {"uv": [0.75, 9, 1.125, 9.125], "texture": "#0"},
				"up": {"uv": [0.75, 9, 0.375, 8.625], "texture": "#0"},
				"down": {"uv": [1.125, 8.625, 0.75, 9], "texture": "#0"}
			}
		},
		{
			"name": "toiletbuttontwo",
			"from": [6.9, 24.9, 15.9],
			"to": [9.1, 27.1, 18.1],
			"rotation": {"angle": 0, "axis": "y", "origin": [8, 26, 17]},
			"faces": {
				"north": {"uv": [0.25, 9.375, 0.5, 9.625], "texture": "#0"},
				"east": {"uv": [0, 9.375, 0.25, 9.625], "texture": "#0"},
				"south": {"uv": [0.75, 9.375, 1, 9.625], "texture": "#0"},
				"west": {"uv": [0.5, 9.375, 0.75, 9.625], "texture": "#0"},
				"up": {"uv": [0.5, 9.375, 0.25, 9.125], "texture": "#0"},
				"down": {"uv": [0.75, 9.125, 0.5, 9.375], "texture": "#0"}
			}
		},
		{
			"name": "skididiToiletone",
			"from": [1, 15.5, -0.5],
			"to": [14, 18.5, 13.5],
			"rotation": {"angle": 0, "axis": "y", "origin": [7.5, 10, 7]},
			"faces": {
				"north": {"uv": [6.25, 5, 7.75, 5.25], "texture": "#0"},
				"east": {"uv": [4.625, 5, 6.25, 5.25], "texture": "#0"},
				"south": {"uv": [9.375, 5, 10.875, 5.25], "texture": "#0"},
				"west": {"uv": [7.75, 5, 9.375, 5.25], "texture": "#0"},
				"up": {"uv": [7.75, 5, 6.25, 3.375], "texture": "#0"},
				"down": {"uv": [9.25, 3.375, 7.75, 5], "texture": "#0"}
			}
		},
		{
			"name": "skididiToilettwo",
			"from": [0.25, 23.75, 13.75],
			"to": [14.75, 26.25, 21.25],
			"rotation": {"angle": 0, "axis": "y", "origin": [7.5, 10, 7]},
			"faces": {
				"north": {"uv": [1.25, 6.125, 3, 6.375], "texture": "#0"},
				"east": {"uv": [0.375, 6.125, 1.25, 6.375], "texture": "#0"},
				"south": {"uv": [3.875, 6.125, 5.625, 6.375], "texture": "#0"},
				"west": {"uv": [3, 6.125, 3.875, 6.375], "texture": "#0"},
				"up": {"uv": [3, 6.125, 1.25, 5.25], "texture": "#0"},
				"down": {"uv": [4.75, 5.25, 3, 6.125], "texture": "#0"}
			}
		},
		{
			"name": "skididiToiletthre",
			"from": [0.5, 15, 14],
			"to": [14.5, 24, 21],
			"rotation": {"angle": 0, "axis": "y", "origin": [7.5, 10, 7]},
			"faces": {
				"north": {"uv": [1.25, 0.875, 3, 2], "texture": "#0"},
				"east": {"uv": [0.375, 0.875, 1.25, 2], "texture": "#0"},
				"south": {"uv": [3.875, 0.875, 5.625, 2], "texture": "#0"},
				"west": {"uv": [3, 0.875, 3.875, 2], "texture": "#0"},
				"up": {"uv": [3, 0.875, 1.25, 0], "texture": "#0"},
				"down": {"uv": [4.75, 0, 3, 0.875], "texture": "#0"}
			}
		},
		{
			"name": "skididiToiletfourone",
			"from": [1.5, 16, 12.5],
			"to": [13.5, 32, 13.5],
			"rotation": {"angle": 0, "axis": "y", "origin": [7.5, 10, 8]},
			"faces": {
				"north": {"uv": [0.25, 6.625, 1.75, 8.625], "texture": "#0"},
				"east": {"uv": [0.125, 6.625, 0.25, 8.625], "texture": "#0"},
				"south": {"uv": [1.875, 6.625, 3.375, 8.625], "texture": "#0"},
				"west": {"uv": [1.75, 6.625, 1.875, 8.625], "texture": "#0"},
				"up": {"uv": [1.75, 6.625, 0.25, 6.5], "texture": "#0"},
				"down": {"uv": [3.25, 6.5, 1.75, 6.625], "texture": "#0"}
			}
		},
		{
			"name": "skididiToiletfive",
			"from": [4.5, 13, 13],
			"to": [10.5, 18, 17],
			"rotation": {"angle": 0, "axis": "y", "origin": [7.5, 10, 7]},
			"faces": {
				"north": {"uv": [7, 2.75, 7.75, 3.375], "texture": "#0"},
				"east": {"uv": [6.5, 2.75, 7, 3.375], "texture": "#0"},
				"south": {"uv": [8.25, 2.75, 9, 3.375], "texture": "#0"},
				"west": {"uv": [7.75, 2.75, 8.25, 3.375], "texture": "#0"},
				"up": {"uv": [7.75, 2.75, 7, 2.25], "texture": "#0"},
				"down": {"uv": [8.5, 2.25, 7.75, 2.75], "texture": "#0"}
			}
		},
		{
			"name": "skididiToiletsix",
			"from": [1.5, 12, 0],
			"to": [13.5, 16, 13],
			"rotation": {"angle": 0, "axis": "y", "origin": [7.5, 10, 7]},
			"faces": {
				"north": {"uv": [1.625, 4.375, 3.125, 4.875], "texture": "#0"},
				"east": {"uv": [0, 4.375, 1.625, 4.875], "texture": "#0"},
				"south": {"uv": [4.75, 4.375, 6.25, 4.875], "texture": "#0"},
				"west": {"uv": [3.125, 4.375, 4.75, 4.875], "texture": "#0"},
				"up": {"uv": [3.125, 4.375, 1.625, 2.75], "texture": "#0"},
				"down": {"uv": [4.625, 2.75, 3.125, 4.375], "texture": "#0"}
			}
		},
		{
			"name": "skididiToiletsevenone",
			"from": [3, 8, 1],
			"to": [12, 13, 12],
			"rotation": {"angle": 0, "axis": "y", "origin": [8, 1, 8]},
			"faces": {
				"north": {"uv": [6.75, 6.625, 7.875, 7.25], "texture": "#0"},
				"east": {"uv": [5.375, 6.625, 6.75, 7.25], "texture": "#0"},
				"south": {"uv": [9.25, 6.625, 10.375, 7.25], "texture": "#0"},
				"west": {"uv": [7.875, 6.625, 9.25, 7.25], "texture": "#0"},
				"up": {"uv": [7.875, 6.625, 6.75, 5.25], "texture": "#0"},
				"down": {"uv": [9, 5.25, 7.875, 6.625], "texture": "#0"}
			}
		}
	],
	"display": {
		"head": {
			"translation": [0.5, -65, 3],
			"scale": [1.2, 1.2, 1.2]
		}
	},
	"groups": [
		{
			"name": "skididiToilet",
			"origin": [7.5, 10, 7],
			"color": 0,
			"children": [
				{
					"name": "toiletbutton",
					"origin": [8, 26, 17],
					"color": 0,
					"children": [0, 1]
				},
				2,
				{
					"name": "skididiToilettwo",
					"origin": [7.5, 10, 7],
					"color": 0,
					"children": [3]
				},
				4,
				{
					"name": "skididiToiletfour",
					"origin": [7.5, 26, 13.5],
					"color": 0,
					"children": [5]
				},
				6,
				7,
				{
					"name": "skididiToiletseven",
					"origin": [7.5, 10, 7],
					"color": 0,
					"children": [8]
				}
			]
		}
	]
}