{
	"credit": "Made with Blockbench",
	"texture_size": [64, 64],
	"textures": {
		"0": "item/utka"
	},
	"elements": [
		{
			"from": [4, 6, 4],
			"to": [11, 12, 11],
			"rotation": {"angle": 0, "axis": "y", "origin": [8, 3, 8]},
			"faces": {
				"north": {"uv": [1.75, 11.25, 3.5, 12.75], "texture": "#0"},
				"east": {"uv": [0, 11.25, 1.75, 12.75], "texture": "#0"},
				"south": {"uv": [5.25, 11.25, 7, 12.75], "texture": "#0"},
				"west": {"uv": [3.5, 11.25, 5.25, 12.75], "texture": "#0"},
				"up": {"uv": [3.5, 11.25, 1.75, 9.5], "texture": "#0"},
				"down": {"uv": [5.25, 9.5, 3.5, 11.25], "texture": "#0"}
			}
		},
		{
			"from": [4, 6, 4],
			"to": [11, 12, 11],
			"rotation": {"angle": 0, "axis": "y", "origin": [8, 3, 8]},
			"faces": {
				"north": {"uv": [1.75, 11.75, 3.5, 13.25], "texture": "#0"},
				"east": {"uv": [0, 11.75, 1.75, 13.25], "texture": "#0"},
				"south": {"uv": [5.25, 11.75, 7, 13.25], "texture": "#0"},
				"west": {"uv": [3.5, 11.75, 5.25, 13.25], "texture": "#0"},
				"up": {"uv": [3.5, 11.75, 1.75, 10], "texture": "#0"},
				"down": {"uv": [5.25, 10, 3.5, 11.75], "texture": "#0"}
			}
		},
		{
			"from": [4, 6, 4],
			"to": [11, 12, 11],
			"rotation": {"angle": 0, "axis": "y", "origin": [8, 3, 8]},
			"faces": {
				"north": {"uv": [1.75, 1.75, 3.5, 3.25], "texture": "#0"},
				"east": {"uv": [0, 1.75, 1.75, 3.25], "texture": "#0"},
				"south": {"uv": [5.25, 1.75, 7, 3.25], "texture": "#0"},
				"west": {"uv": [3.5, 1.75, 5.25, 3.25], "texture": "#0"},
				"up": {"uv": [3.5, 1.75, 1.75, 0], "texture": "#0"},
				"down": {"uv": [5.25, 0, 3.5, 1.75], "texture": "#0"}
			}
		},
		{
			"from": [9, 5, 7],
			"to": [10, 6, 8],
			"rotation": {"angle": 0, "axis": "y", "origin": [8, 3, 8]},
			"faces": {
				"north": {"uv": [0.25, 1.25, 0.5, 1.5], "texture": "#0"},
				"east": {"uv": [0, 1.25, 0.25, 1.5], "texture": "#0"},
				"south": {"uv": [0.75, 1.25, 1, 1.5], "texture": "#0"},
				"west": {"uv": [0.5, 1.25, 0.75, 1.5], "texture": "#0"},
				"up": {"uv": [0.5, 1.25, 0.25, 1], "texture": "#0"},
				"down": {"uv": [0.75, 1, 0.5, 1.25], "texture": "#0"}
			}
		},
		{
			"from": [5, 5, 7],
			"to": [6, 6, 8],
			"rotation": {"angle": 0, "axis": "y", "origin": [8, 3, 8]},
			"faces": {
				"north": {"uv": [1, 1, 1.25, 1.25], "texture": "#0"},
				"east": {"uv": [0.75, 1, 1, 1.25], "texture": "#0"},
				"south": {"uv": [1.5, 1, 1.75, 1.25], "texture": "#0"},
				"west": {"uv": [1.25, 1, 1.5, 1.25], "texture": "#0"},
				"up": {"uv": [1.25, 1, 1, 0.75], "texture": "#0"},
				"down": {"uv": [1.5, 0.75, 1.25, 1], "texture": "#0"}
			}
		},
		{
			"from": [7, 9.5, 5],
			"to": [10, 10.5, 10],
			"rotation": {"angle": -22.5, "axis": "z", "origin": [5.14805, 1.22836, 8]},
			"faces": {
				"north": {"uv": [1.25, 6.75, 2, 7], "texture": "#0"},
				"east": {"uv": [0, 6.75, 1.25, 7], "texture": "#0"},
				"south": {"uv": [3.25, 6.75, 4, 7], "texture": "#0"},
				"west": {"uv": [2, 6.75, 3.25, 7], "texture": "#0"},
				"up": {"uv": [2, 6.75, 1.25, 5.5], "texture": "#0"},
				"down": {"uv": [2.75, 5.5, 2, 6.75], "texture": "#0"}
			}
		},
		{
			"from": [5, 8, 3],
			"to": [10, 9, 4],
			"rotation": {"angle": 0, "axis": "y", "origin": [8, 3, 8]},
			"faces": {
				"north": {"uv": [5.5, 1, 6.75, 1.25], "texture": "#0"},
				"east": {"uv": [5.25, 1, 5.5, 1.25], "texture": "#0"},
				"south": {"uv": [7, 1, 8.25, 1.25], "texture": "#0"},
				"west": {"uv": [6.75, 1, 7, 1.25], "texture": "#0"},
				"up": {"uv": [6.75, 1, 5.5, 0.75], "texture": "#0"},
				"down": {"uv": [8, 0.75, 6.75, 1], "texture": "#0"}
			}
		},
		{
			"from": [3.9, 11.14589, 3.74299],
			"to": [11.1, 13.34589, 10.94299],
			"rotation": {"angle": 0, "axis": "y", "origin": [8, 0, 8]},
			"faces": {
				"north": {"uv": [1.75, 5, 3.5, 5.5], "texture": "#0"},
				"east": {"uv": [0, 5, 1.75, 5.5], "texture": "#0"},
				"south": {"uv": [5.25, 5, 7, 5.5], "texture": "#0"},
				"west": {"uv": [3.5, 5, 5.25, 5.5], "texture": "#0"},
				"up": {"uv": [3.5, 5, 1.75, 3.25], "texture": "#0"},
				"down": {"uv": [5.25, 3.25, 3.5, 5], "texture": "#0"}
			}
		},
		{
			"from": [4.1, 11.36337, 0.91347],
			"to": [11.1, 11.36337, 3.91347],
			"rotation": {"angle": 0, "axis": "y", "origin": [8, 3, 8]},
			"faces": {
				"north": {"uv": [5.25, 0.75, 7, 0.75], "texture": "#0"},
				"east": {"uv": [4.5, 0.75, 5.25, 0.75], "texture": "#0"},
				"south": {"uv": [7.75, 0.75, 9.5, 0.75], "texture": "#0"},
				"west": {"uv": [7, 0.75, 7.75, 0.75], "texture": "#0"},
				"up": {"uv": [7, 0.75, 5.25, 0], "texture": "#0"},
				"down": {"uv": [8.75, 0, 7, 0.75], "texture": "#0"}
			}
		},
		{
			"from": [6, 8, 9],
			"to": [9, 8, 11],
			"rotation": {"angle": 22.5, "axis": "x", "origin": [8, 2.85195, 8.77164]},
			"faces": {
				"north": {"uv": [5.25, 1.75, 6, 1.75], "texture": "#0"},
				"east": {"uv": [4.75, 1.75, 5.25, 1.75], "texture": "#0"},
				"south": {"uv": [6.5, 1.75, 7.25, 1.75], "texture": "#0"},
				"west": {"uv": [6, 1.75, 6.5, 1.75], "texture": "#0"},
				"up": {"uv": [6, 1.75, 5.25, 1.25], "texture": "#0"},
				"down": {"uv": [6.75, 1.25, 6, 1.75], "texture": "#0"}
			}
		},
		{
			"from": [9, 5, 5],
			"to": [10, 5, 7],
			"rotation": {"angle": 0, "axis": "y", "origin": [8, 3, 8]},
			"faces": {
				"north": {"uv": [0.5, 1, 0.75, 1], "texture": "#0"},
				"east": {"uv": [0, 1, 0.5, 1], "texture": "#0"},
				"south": {"uv": [1.25, 1, 1.5, 1], "texture": "#0"},
				"west": {"uv": [0.75, 1, 1.25, 1], "texture": "#0"},
				"up": {"uv": [0.75, 1, 0.5, 0.5], "texture": "#0"},
				"down": {"uv": [1, 0.5, 0.75, 1], "texture": "#0"}
			}
		},
		{
			"from": [5, 5, 5],
			"to": [6, 5, 7],
			"rotation": {"angle": 0, "axis": "y", "origin": [8, 3, 8]},
			"faces": {
				"north": {"uv": [0.5, 0.5, 0.75, 0.5], "texture": "#0"},
				"east": {"uv": [0, 0.5, 0.5, 0.5], "texture": "#0"},
				"south": {"uv": [1.25, 0.5, 1.5, 0.5], "texture": "#0"},
				"west": {"uv": [0.75, 0.5, 1.25, 0.5], "texture": "#0"},
				"up": {"uv": [0.75, 0.5, 0.5, 0], "texture": "#0"},
				"down": {"uv": [1, 0, 0.75, 0.5], "texture": "#0"}
			}
		},
		{
			"from": [5, 10, 5],
			"to": [8, 11, 10],
			"rotation": {"angle": 22.5, "axis": "z", "origin": [10.85195, 2.22836, 8]},
			"faces": {
				"north": {"uv": [6.5, 4.5, 7.25, 4.75], "texture": "#0"},
				"east": {"uv": [5.25, 4.5, 6.5, 4.75], "texture": "#0"},
				"south": {"uv": [8.5, 4.5, 9.25, 4.75], "texture": "#0"},
				"west": {"uv": [7.25, 4.5, 8.5, 4.75], "texture": "#0"},
				"up": {"uv": [7.25, 4.5, 6.5, 3.25], "texture": "#0"},
				"down": {"uv": [8, 3.25, 7.25, 4.5], "texture": "#0"}
			}
		}
	],
	"display": {
		"head": {
			"translation": [27.5, -58, 0],
			"scale": [1.5, 1.5, 1.5]
		}
	},
	"groups": [
		{
			"name": "morg",
			"origin": [8, 3, 8],
			"color": 0,
			"children": [0]
		},
		{
			"name": "zakr",
			"origin": [8, 3, 8],
			"color": 0,
			"children": [1]
		},
		{
			"name": "fulleye",
			"origin": [8, 3, 8],
			"color": 0,
			"children": [2]
		},
		3,
		4,
		{
			"name": "bone3",
			"origin": [11, 9, 7.5],
			"color": 0,
			"children": [5]
		},
		6,
		{
			"name": "bone",
			"origin": [7.75, 8, 8],
			"color": 0,
			"children": [7]
		},
		8,
		{
			"name": "bone2",
			"origin": [7.5, 7, 11],
			"color": 0,
			"children": [9]
		},
		10,
		11,
		{
			"name": "bone4",
			"origin": [4, 9, 7.5],
			"color": 0,
			"children": [12]
		}
	]
}