{
	"credit": "Made with Blockbench",
	"texture_size": [64, 64],
	"textures": {
		"0": "item/woman"
	},
	"elements": [
		{
			"name": "Head",
			"from": [4, 24, 4],
			"to": [12, 32, 12],
			"rotation": {"angle": 0, "axis": "y", "origin": [8, 0, 8]},
			"faces": {
				"north": {"uv": [2, 6, 4, 8], "texture": "#0"},
				"east": {"uv": [0, 6, 2, 8], "texture": "#0"},
				"south": {"uv": [6, 6, 8, 8], "texture": "#0"},
				"west": {"uv": [4, 6, 6, 8], "texture": "#0"},
				"up": {"uv": [4, 6, 2, 4], "texture": "#0"},
				"down": {"uv": [6, 4, 4, 6], "texture": "#0"}
			}
		},
		{
			"name": "Hat Layer",
			"from": [3.5, 23, 3.5],
			"to": [12.5, 32, 12.5],
			"rotation": {"angle": 0, "axis": "y", "origin": [8, 0, 8]},
			"faces": {
				"north": {"uv": [2, 2, 4, 4], "texture": "#0"},
				"east": {"uv": [0, 2, 2, 4], "texture": "#0"},
				"south": {"uv": [6, 2, 8, 4], "texture": "#0"},
				"west": {"uv": [4, 2, 6, 4], "texture": "#0"},
				"up": {"uv": [4, 2, 2, 0], "texture": "#0"},
				"down": {"uv": [6, 0, 4, 2], "texture": "#0"}
			}
		},
		{
			"name": "Body",
			"from": [4, 12, 6],
			"to": [12, 24, 10],
			"rotation": {"angle": 0, "axis": "y", "origin": [8, 0, 8]},
			"faces": {
				"north": {"uv": [8, 8, 10, 11], "texture": "#0"},
				"east": {"uv": [7, 8, 8, 11], "texture": "#0"},
				"south": {"uv": [11, 8, 13, 11], "texture": "#0"},
				"west": {"uv": [10, 8, 11, 11], "texture": "#0"},
				"up": {"uv": [10, 8, 8, 7], "texture": "#0"},
				"down": {"uv": [12, 7, 10, 8], "texture": "#0"}
			}
		},
		{
			"from": [4, 19.25, 4.75],
			"to": [7.5, 22.75, 6.75],
			"rotation": {"angle": 22.5, "axis": "x", "origin": [5.75, 20, 5.75]},
			"faces": {
				"north": {"uv": [4.75, 12.5, 4, 13.25], "texture": "#0"},
				"east": {"uv": [5.25, 12.5, 4.75, 13.25], "texture": "#0"},
				"south": {"uv": [6, 12.5, 5.25, 13.25], "texture": "#0"},
				"west": {"uv": [4, 12.5, 3.5, 13.25], "texture": "#0"},
				"up": {"uv": [4, 12.5, 4.75, 12], "texture": "#0"},
				"down": {"uv": [4.75, 12, 5.5, 12.5], "texture": "#0"}
			}
		},
		{
			"from": [8.5, 19.25, 4.75],
			"to": [12, 22.75, 6.75],
			"rotation": {"angle": 22.5, "axis": "x", "origin": [10.25, 20, 5.75]},
			"faces": {
				"north": {"uv": [4, 12.5, 4.75, 13.25], "texture": "#0"},
				"east": {"uv": [3.5, 12.5, 4, 13.25], "texture": "#0"},
				"south": {"uv": [5.25, 12.5, 6, 13.25], "texture": "#0"},
				"west": {"uv": [4.75, 12.5, 5.25, 13.25], "texture": "#0"},
				"up": {"uv": [4.75, 12.5, 4, 12], "texture": "#0"},
				"down": {"uv": [5.5, 12, 4.75, 12.5], "texture": "#0"}
			}
		},
		{
			"name": "Right Arm",
			"from": [12, 18, 6],
			"to": [15, 24, 10],
			"rotation": {"angle": 0, "axis": "y", "origin": [8, 0, 8]},
			"faces": {
				"north": {"uv": [7, 12, 7.75, 13.5], "texture": "#0"},
				"east": {"uv": [6, 12, 7, 13.5], "texture": "#0"},
				"south": {"uv": [8.75, 12, 9.5, 13.5], "texture": "#0"},
				"west": {"uv": [7.75, 12, 8.75, 13.5], "texture": "#0"},
				"up": {"uv": [7.75, 12, 7, 11], "texture": "#0"},
				"down": {"uv": [8.5, 11, 7.75, 12], "texture": "#0"}
			}
		},
		{
			"name": "Right Arm",
			"from": [12, 12, 6],
			"to": [15, 18, 10],
			"rotation": {"angle": 0, "axis": "y", "origin": [13.5, 15, 8]},
			"faces": {
				"north": {"uv": [1, 12, 1.75, 13.5], "texture": "#0"},
				"east": {"uv": [0, 12, 1, 13.5], "texture": "#0"},
				"south": {"uv": [2.75, 12, 3.5, 13.5], "texture": "#0"},
				"west": {"uv": [1.75, 12, 2.75, 13.5], "texture": "#0"},
				"up": {"uv": [1.75, 12, 1, 11], "texture": "#0"},
				"down": {"uv": [2.5, 11, 1.75, 12], "texture": "#0"}
			}
		},
		{
			"name": "Left Arm",
			"from": [1, 18, 6],
			"to": [4, 24, 10],
			"rotation": {"angle": 0, "axis": "y", "origin": [8, 0, 8]},
			"faces": {
				"north": {"uv": [12, 2.5, 12.75, 4], "texture": "#0"},
				"east": {"uv": [11, 2.5, 12, 4], "texture": "#0"},
				"south": {"uv": [13.75, 2.5, 14.5, 4], "texture": "#0"},
				"west": {"uv": [12.75, 2.5, 13.75, 4], "texture": "#0"},
				"up": {"uv": [12.75, 2.5, 12, 1.5], "texture": "#0"},
				"down": {"uv": [13.5, 1.5, 12.75, 2.5], "texture": "#0"}
			}
		},
		{
			"name": "Left Arm",
			"from": [1, 12, 6],
			"to": [4, 18, 10],
			"rotation": {"angle": 0, "axis": "y", "origin": [8, -6, 8.25]},
			"faces": {
				"north": {"uv": [11, 5.5, 11.75, 7], "texture": "#0"},
				"east": {"uv": [10, 5.5, 11, 7], "texture": "#0"},
				"south": {"uv": [12.75, 5.5, 13.5, 7], "texture": "#0"},
				"west": {"uv": [11.75, 5.5, 12.75, 7], "texture": "#0"},
				"up": {"uv": [11.75, 5.5, 11, 4.5], "texture": "#0"},
				"down": {"uv": [12.5, 4.5, 11.75, 5.5], "texture": "#0"}
			}
		},
		{
			"name": "Right Leg",
			"from": [7.9, 6, 6],
			"to": [11.9, 12, 10],
			"rotation": {"angle": 0, "axis": "y", "origin": [8, 0, 8]},
			"faces": {
				"north": {"uv": [4, 10.5, 5, 12], "texture": "#0"},
				"east": {"uv": [3, 10.5, 4, 12], "texture": "#0"},
				"south": {"uv": [6, 10.5, 7, 12], "texture": "#0"},
				"west": {"uv": [5, 10.5, 6, 12], "texture": "#0"},
				"up": {"uv": [5, 10.5, 4, 9.5], "texture": "#0"},
				"down": {"uv": [6, 9.5, 5, 10.5], "texture": "#0"}
			}
		},
		{
			"name": "Right Leg",
			"from": [7.9, 0, 6],
			"to": [11.9, 6, 10],
			"rotation": {"angle": 0, "axis": "y", "origin": [8, -6, 8.25]},
			"faces": {
				"north": {"uv": [8, 4, 9, 5.5], "texture": "#0"},
				"east": {"uv": [7, 4, 8, 5.5], "texture": "#0"},
				"south": {"uv": [10, 4, 11, 5.5], "texture": "#0"},
				"west": {"uv": [9, 4, 10, 5.5], "texture": "#0"},
				"up": {"uv": [9, 4, 8, 3], "texture": "#0"},
				"down": {"uv": [10, 3, 9, 4], "texture": "#0"}
			}
		},
		{
			"name": "Left Leg",
			"from": [4.1, 6, 6],
			"to": [8.1, 12, 10],
			"rotation": {"angle": 0, "axis": "y", "origin": [8, 0, 8]},
			"faces": {
				"north": {"uv": [9, 1, 10, 2.5], "texture": "#0"},
				"east": {"uv": [8, 1, 9, 2.5], "texture": "#0"},
				"south": {"uv": [11, 1, 12, 2.5], "texture": "#0"},
				"west": {"uv": [10, 1, 11, 2.5], "texture": "#0"},
				"up": {"uv": [10, 1, 9, 0], "texture": "#0"},
				"down": {"uv": [11, 0, 10, 1], "texture": "#0"}
			}
		},
		{
			"name": "Left Leg",
			"from": [4.1, 0, 6],
			"to": [8.1, 6, 10],
			"rotation": {"angle": 0, "axis": "y", "origin": [8, -5.75, 8.375]},
			"faces": {
				"north": {"uv": [1, 9, 2, 10.5], "texture": "#0"},
				"east": {"uv": [0, 9, 1, 10.5], "texture": "#0"},
				"south": {"uv": [3, 9, 4, 10.5], "texture": "#0"},
				"west": {"uv": [2, 9, 3, 10.5], "texture": "#0"},
				"up": {"uv": [2, 9, 1, 8], "texture": "#0"},
				"down": {"uv": [3, 8, 2, 9], "texture": "#0"}
			}
		}
	],
	"display": {
		"head": {
			"translation": [19.25, -76.75, 0],
			"scale": [1.5, 1.5, 1.5]
		}
	},
	"groups": [
		{
			"name": "Head",
			"origin": [8, 24, 8],
			"color": 0,
			"children": [0, 1]
		},
		{
			"name": "Body",
			"origin": [8, 24, 8],
			"color": 0,
			"children": [2, 3, 4]
		},
		{
			"name": "RightArm",
			"origin": [13, 22, 8],
			"color": 0,
			"children": [
				5,
				{
					"name": "bone3",
					"origin": [13.5, 15, 7],
					"color": 0,
					"children": [6]
				}
			]
		},
		{
			"name": "LeftArm",
			"origin": [3, 22, 8],
			"color": 0,
			"children": [
				7,
				{
					"name": "bone4",
					"origin": [2.5, 15, 7.25],
					"color": 0,
					"children": [8]
				}
			]
		},
		{
			"name": "RightLeg",
			"origin": [9.9, 12, 8],
			"color": 0,
			"children": [
				9,
				{
					"name": "bone2",
					"origin": [9.9, 3, 8.25],
					"color": 0,
					"children": [10]
				}
			]
		},
		{
			"name": "LeftLeg",
			"origin": [6.1, 12, 8],
			"color": 0,
			"children": [
				11,
				{
					"name": "bone",
					"origin": [6.1, 3.25, 8.375],
					"color": 0,
					"children": [12]
				}
			]
		}
	]
}