{
	"credit": "Made with Blockbench",
	"texture_size": [128, 128],
	"textures": {
		"0": "item/workbench",
		"particle": "item/workbench"
	},
	"elements": [
		{
			"from": [15, 11, 1],
			"to": [16, 30, 9],
			"faces": {
				"north": {"uv": [3.875, 7.625, 4, 10], "texture": "#0"},
				"east": {"uv": [2, 3.5, 3, 5.875], "texture": "#0"},
				"south": {"uv": [4, 7.625, 4.125, 10], "texture": "#0"},
				"west": {"uv": [3, 3.5, 2, 5.875], "texture": "#0"}
			}
		},
		{
			"from": [9.8, 12, 3.825],
			"to": [13.9, 13.8, 11.4],
			"rotation": {"angle": 0, "axis": "y", "origin": [-2, 0, 2]},
			"faces": {
				"north": {"uv": [0, 8.25, 0.5, 8.5], "texture": "#0"},
				"east": {"uv": [7.625, 2.375, 8.625, 2.625], "texture": "#0"},
				"south": {"uv": [0, 8.5, 0.5, 8.75], "texture": "#0"},
				"west": {"uv": [7.625, 2.625, 8.625, 2.875], "texture": "#0"},
				"up": {"uv": [1.5, 7.625, 1, 6.625], "texture": "#0"}
			}
		},
		{
			"from": [5.8, 12, 12.825],
			"to": [8, 19.8, 15.4],
			"rotation": {"angle": 45, "axis": "y", "origin": [-6, 0, 11]},
			"faces": {
				"north": {"uv": [4.125, 7.625, 4.375, 8.625], "texture": "#0"},
				"east": {"uv": [4.875, 7.25, 5.25, 8.25], "texture": "#0"},
				"south": {"uv": [4.375, 7.625, 4.625, 8.625], "texture": "#0"},
				"west": {"uv": [7.25, 5.125, 7.625, 6.125], "texture": "#0"},
				"up": {"uv": [3.25, 3.875, 3, 3.5], "texture": "#0"},
				"down": {"uv": [0.75, 8.25, 0.5, 8.625], "texture": "#0"}
			}
		},
		{
			"from": [4.1, 19.7, 13.625],
			"to": [8, 20.5, 14.6],
			"rotation": {"angle": 45, "axis": "y", "origin": [-6, 7, 11]},
			"faces": {
				"north": {"uv": [8.625, 2.625, 9.125, 2.75], "texture": "#0"},
				"east": {"uv": [2.75, 5.875, 2.875, 6], "texture": "#0"},
				"south": {"uv": [8.625, 2.75, 9.125, 2.875], "texture": "#0"},
				"west": {"uv": [6.25, 1.375, 6.375, 1.5], "texture": "#0"},
				"up": {"uv": [4.625, 8.75, 4.125, 8.625], "texture": "#0"},
				"down": {"uv": [9.125, 8.5, 8.625, 8.625], "texture": "#0"}
			}
		},
		{
			"from": [9.8, 20.6, 2.825],
			"to": [13.9, 22.8, 10.2],
			"rotation": {"angle": 0, "axis": "y", "origin": [-2, 8, 1]},
			"faces": {
				"north": {"uv": [8.5, 7.125, 9, 7.375], "texture": "#0"},
				"east": {"uv": [7.625, 7.5, 8.5, 7.75], "texture": "#0"},
				"south": {"uv": [8.5, 7.375, 9, 7.625], "texture": "#0"},
				"west": {"uv": [0, 7.75, 0.875, 8], "texture": "#0"},
				"up": {"uv": [7.375, 2.75, 6.875, 1.875], "texture": "#0"},
				"down": {"uv": [7.375, 2.75, 6.875, 3.625], "texture": "#0"}
			}
		},
		{
			"from": [9.9, 18.7, 2.925],
			"to": [13.8, 20.6, 5.3],
			"rotation": {"angle": 0, "axis": "y", "origin": [-2, 8, 1]},
			"faces": {
				"north": {"uv": [7.625, 8.5, 8.125, 8.75], "texture": "#0"},
				"east": {"uv": [8.625, 8.625, 8.875, 8.875], "texture": "#0"},
				"south": {"uv": [8.125, 8.5, 8.625, 8.75], "texture": "#0"},
				"west": {"uv": [0, 8.75, 0.25, 9], "texture": "#0"},
				"down": {"uv": [2, 8.625, 1.5, 8.875], "texture": "#0"}
			}
		},
		{
			"from": [10.8, 18.4, 7.525],
			"to": [12.9, 20.6, 9.9],
			"rotation": {"angle": 0, "axis": "y", "origin": [-2, 8, 5.6]},
			"faces": {
				"north": {"uv": [0.25, 8.75, 0.5, 9], "texture": "#0"},
				"east": {"uv": [8.75, 2.875, 9, 3.125], "texture": "#0"},
				"south": {"uv": [8.75, 3.125, 9, 3.375], "texture": "#0"},
				"west": {"uv": [4.125, 8.75, 4.375, 9], "texture": "#0"},
				"down": {"uv": [4.625, 8.75, 4.375, 9], "texture": "#0"}
			}
		},
		{
			"from": [9.8, 16.6, 6.625],
			"to": [13.9, 16.8, 10.2],
			"rotation": {"angle": 0, "axis": "y", "origin": [-2, 3.8, 2.2]},
			"faces": {
				"north": {"uv": [4.875, 8.75, 5.375, 8.875], "texture": "#0"},
				"east": {"uv": [8.75, 5.125, 9.25, 5.25], "texture": "#0"},
				"south": {"uv": [8.75, 5.25, 9.25, 5.375], "texture": "#0"},
				"west": {"uv": [5.375, 8.75, 5.875, 8.875], "texture": "#0"},
				"up": {"uv": [8.125, 3.375, 7.625, 2.875], "texture": "#0"},
				"down": {"uv": [8.125, 5.125, 7.625, 5.625], "texture": "#0"}
			}
		},
		{
			"from": [11.2, 12, 5.425],
			"to": [12.5, 20.8, 6.8],
			"rotation": {"angle": 0, "axis": "y", "origin": [-2, 0, 2]},
			"faces": {
				"north": {"uv": [2.625, 7.75, 2.75, 8.875], "texture": "#0"},
				"east": {"uv": [2.75, 7.75, 2.875, 8.875], "texture": "#0"},
				"south": {"uv": [6.875, 7.875, 7, 9], "texture": "#0"},
				"west": {"uv": [7, 7.875, 7.125, 9], "texture": "#0"}
			}
		},
		{
			"from": [-7.5, 0, 11.925],
			"to": [-5.9, 11.8, 13.6],
			"rotation": {"angle": 0, "axis": "y", "origin": [-6.8, 6, 12.9]},
			"faces": {
				"north": {"uv": [2.875, 7.5, 3.125, 9], "texture": "#0"},
				"east": {"uv": [3.125, 7.5, 3.375, 9], "texture": "#0"},
				"south": {"uv": [3.375, 7.5, 3.625, 9], "texture": "#0"},
				"west": {"uv": [3.625, 7.5, 3.875, 9], "texture": "#0"},
				"down": {"uv": [6.375, 8.75, 6.125, 9], "texture": "#0"}
			}
		},
		{
			"from": [-4.4, 13, 4.625],
			"to": [3.1, 16.8, 8.3],
			"rotation": {"angle": 45, "axis": "y", "origin": [-2.2, 19, 7.6]},
			"faces": {
				"north": {"uv": [1.5, 6.625, 2.5, 7.125], "texture": "#0"},
				"east": {"uv": [7.625, 5.625, 8.125, 6.125], "texture": "#0"},
				"south": {"uv": [4.875, 6.75, 5.875, 7.25], "texture": "#0"},
				"west": {"uv": [7.625, 7, 8.125, 7.5], "texture": "#0"},
				"up": {"uv": [6.875, 7.25, 5.875, 6.75], "texture": "#0"},
				"down": {"uv": [7.875, 1.375, 6.875, 1.875], "texture": "#0"}
			}
		},
		{
			"from": [-2.4, 16.8, 6.4625],
			"to": [1.1, 17.8, 6.4625],
			"rotation": {"angle": 45, "axis": "y", "origin": [-2.2, 19, 7.6]},
			"faces": {
				"north": {"uv": [7.625, 8.75, 8.125, 8.875], "texture": "#0"},
				"south": {"uv": [8.125, 8.75, 8.625, 8.875], "texture": "#0"}
			}
		},
		{
			"from": [-7.4, 9.3, 1],
			"to": [16.4, 12.5, 13.5],
			"rotation": {"angle": 0, "axis": "y", "origin": [-19, 0, 2]},
			"faces": {
				"north": {"uv": [6.25, 0.625, 9.25, 1], "texture": "#0"},
				"east": {"uv": [4.875, 6.375, 6.5, 6.75], "texture": "#0"},
				"south": {"uv": [6.25, 1, 9.25, 1.375], "texture": "#0"},
				"west": {"uv": [6.5, 6.375, 8.125, 6.75], "texture": "#0"},
				"down": {"uv": [6.25, 0, 3.25, 1.625], "texture": "#0"}
			}
		},
		{
			"from": [-8.3, 11.6, 0],
			"to": [17.3, 12.6, 14],
			"rotation": {"angle": 0, "axis": "y", "origin": [-19, 0, 2]},
			"faces": {
				"north": {"uv": [6.875, 6.25, 10.125, 6.375], "texture": "#0"},
				"east": {"uv": [7.625, 7.75, 9.375, 7.875], "texture": "#0"},
				"south": {"uv": [7, 4.75, 10.25, 4.875], "texture": "#0"},
				"west": {"uv": [7.875, 1.375, 9.625, 1.5], "texture": "#0"},
				"up": {"uv": [3.25, 1.75, 0, 0], "texture": "#0"},
				"down": {"uv": [3.25, 0, 0, 1.75], "texture": "#0"}
			}
		},
		{
			"from": [-8, 12.6, 9.9],
			"to": [-2.7, 13.2, 13.7],
			"rotation": {"angle": 0, "axis": "y", "origin": [-19.6, 0, 2.6]},
			"faces": {
				"north": {"uv": [8.625, 2.375, 9.25, 2.5], "texture": "#0"},
				"east": {"uv": [8.75, 8.25, 9.25, 8.375], "texture": "#0"},
				"south": {"uv": [8.625, 2.5, 9.25, 2.625], "texture": "#0"},
				"west": {"uv": [8.75, 8.375, 9.25, 8.5], "texture": "#0"},
				"up": {"uv": [8.25, 2.375, 7.625, 1.875], "texture": "#0"}
			}
		},
		{
			"from": [-8.3, 15, 10.7],
			"to": [-3.7, 16.5, 12.9],
			"rotation": {"angle": 0, "axis": "y", "origin": [-19.6, 1.3, 2.6]},
			"faces": {
				"north": {"uv": [8.125, 2.875, 8.75, 3.125], "texture": "#0"},
				"east": {"uv": [6.375, 8.75, 6.625, 9], "texture": "#0"},
				"south": {"uv": [8.125, 3.125, 8.75, 3.375], "texture": "#0"},
				"west": {"uv": [7.125, 8.75, 7.375, 9], "texture": "#0"},
				"up": {"uv": [8.75, 5.375, 8.125, 5.125], "texture": "#0"},
				"down": {"uv": [8.75, 5.375, 8.125, 5.625], "texture": "#0"}
			}
		},
		{
			"from": [-8.2, 13.5, 10.8],
			"to": [-1.7, 14.9, 12.8],
			"rotation": {"angle": 0, "axis": "y", "origin": [-19.6, 0.2, 2.6]},
			"faces": {
				"north": {"uv": [2, 5.875, 2.75, 6], "texture": "#0"},
				"east": {"uv": [2.25, 8.875, 2.5, 9], "texture": "#0"},
				"south": {"uv": [8.5, 7.625, 9.25, 7.75], "texture": "#0"},
				"west": {"uv": [2.625, 8.875, 2.875, 9], "texture": "#0"},
				"up": {"uv": [0.75, 8.25, 0, 8], "texture": "#0"},
				"down": {"uv": [8.375, 8, 7.625, 8.25], "texture": "#0"}
			}
		},
		{
			"from": [-8.5, 11.6, 11.5],
			"to": [-8.3, 14.4, 12.1],
			"rotation": {"angle": 0, "axis": "y", "origin": [-19.6, -0.8, 2.6]},
			"faces": {
				"north": {"uv": [2.875, 5.875, 3, 6.25], "texture": "#0"},
				"east": {"uv": [7.125, 7.875, 7.25, 8.25], "texture": "#0"},
				"south": {"uv": [6.625, 8.75, 6.75, 9.125], "texture": "#0"},
				"west": {"uv": [7.375, 8.75, 7.5, 9.125], "texture": "#0"},
				"up": {"uv": [6.375, 1.625, 6.25, 1.5], "texture": "#0"},
				"down": {"uv": [4, 6.25, 3.875, 6.375], "texture": "#0"}
			}
		},
		{
			"from": [-7.1, 13.2, 10.4],
			"to": [-4.3, 15, 13.2],
			"rotation": {"angle": 0, "axis": "y", "origin": [-19.6, 0, 2.6]},
			"faces": {
				"north": {"uv": [4.875, 8.25, 5.25, 8.5], "texture": "#0"},
				"east": {"uv": [7.125, 8.25, 7.5, 8.5], "texture": "#0"},
				"south": {"uv": [4.875, 8.5, 5.25, 8.75], "texture": "#0"},
				"west": {"uv": [7.125, 8.5, 7.5, 8.75], "texture": "#0"},
				"up": {"uv": [8.5, 7.5, 8.125, 7.125], "texture": "#0"}
			}
		},
		{
			"from": [16.15, 2.1, 0.175],
			"to": [16.55, 3.1, 13.2],
			"rotation": {"angle": 0, "axis": "y", "origin": [-19.1, -9.5, 1.8]},
			"faces": {
				"north": {"uv": [6.875, 3.625, 7, 3.75], "texture": "#0"},
				"east": {"uv": [7.875, 1.5, 9.5, 1.625], "texture": "#0"},
				"south": {"uv": [6.875, 3.75, 7, 3.875], "texture": "#0"},
				"west": {"uv": [7.875, 1.625, 9.5, 1.75], "texture": "#0"},
				"up": {"uv": [4.75, 9.25, 4.625, 7.625], "texture": "#0"},
				"down": {"uv": [4.875, 7.625, 4.75, 9.25], "texture": "#0"}
			}
		},
		{
			"from": [-7.9, 29.8, 0.7],
			"to": [16.9, 30.1, 9.8],
			"rotation": {"angle": 0, "axis": "y", "origin": [-19, 18.2, 2]},
			"faces": {
				"north": {"uv": [7, 4.875, 10.125, 5], "texture": "#0"},
				"east": {"uv": [8.25, 1.875, 9.375, 2], "texture": "#0"},
				"south": {"uv": [7, 5, 10.125, 5.125], "texture": "#0"},
				"west": {"uv": [8.25, 2, 9.375, 2.125], "texture": "#0"},
				"up": {"uv": [6.375, 2.75, 3.25, 1.625], "texture": "#0"},
				"down": {"uv": [6.375, 1.625, 3.25, 2.75], "texture": "#0"}
			}
		},
		{
			"from": [-2.914, 2.788, 1.92],
			"to": [0.784, 3.304, 12.18],
			"rotation": {"angle": 0, "axis": "y", "origin": [-15.47, -6.93, 3.64]},
			"faces": {
				"north": {"uv": [1, 8.875, 1.5, 9], "texture": "#0"},
				"east": {"uv": [8.125, 5.625, 9.375, 5.75], "texture": "#0"},
				"south": {"uv": [1.5, 8.875, 2, 9], "texture": "#0"},
				"west": {"uv": [8.125, 5.75, 9.375, 5.875], "texture": "#0"},
				"up": {"uv": [3.375, 7.5, 2.875, 6.25], "texture": "#0"},
				"down": {"uv": [3.375, 6.25, 2.875, 7.5], "texture": "#0"}
			}
		},
		{
			"from": [-6.526, 2.788, 2.522],
			"to": [-2.914, 3.648, 11.896],
			"rotation": {"angle": 0, "axis": "y", "origin": [-15.47, -6.93, 3.64]},
			"faces": {
				"north": {"uv": [4.875, 8.875, 5.375, 9], "texture": "#0"},
				"east": {"uv": [8.25, 2.125, 9.375, 2.25], "texture": "#0"},
				"south": {"uv": [5.375, 8.875, 5.875, 9], "texture": "#0"},
				"west": {"uv": [8.25, 2.25, 9.375, 2.375], "texture": "#0"},
				"up": {"uv": [0.5, 7.75, 0, 6.625], "texture": "#0"},
				"down": {"uv": [0.5, 6.625, 0, 7.75], "texture": "#0"}
			}
		},
		{
			"from": [-6.066, 1.988, 11.68],
			"to": [15.232, 2.788, 12.54],
			"rotation": {"angle": 0, "axis": "y", "origin": [-11.522, -6.93, 4.5]},
			"faces": {
				"north": {"uv": [7.375, 4, 10, 4.125], "texture": "#0"},
				"east": {"uv": [2.75, 9, 2.875, 9.125], "texture": "#0"},
				"south": {"uv": [7.375, 4.125, 10, 4.25], "texture": "#0"},
				"west": {"uv": [2.875, 9, 3, 9.125], "texture": "#0"},
				"up": {"uv": [10, 4.375, 7.375, 4.25], "texture": "#0"},
				"down": {"uv": [10, 4.375, 7.375, 4.5], "texture": "#0"}
			}
		},
		{
			"from": [4.482, 2.788, 2.264],
			"to": [7.32, 3.648, 11.724],
			"rotation": {"angle": 0, "axis": "y", "origin": [-8.074, -6.93, 3.984]},
			"faces": {
				"north": {"uv": [8.875, 8.75, 9.25, 8.875], "texture": "#0"},
				"east": {"uv": [7.625, 8.25, 8.75, 8.375], "texture": "#0"},
				"south": {"uv": [0, 9, 0.375, 9.125], "texture": "#0"},
				"west": {"uv": [7.625, 8.375, 8.75, 8.5], "texture": "#0"},
				"up": {"uv": [2.875, 7.75, 2.5, 6.625], "texture": "#0"},
				"down": {"uv": [2.875, 7.75, 2.5, 6.625], "texture": "#0"}
			}
		},
		{
			"from": [7.32, 2.788, 1.92],
			"to": [9.384, 3.476, 12.18],
			"rotation": {"angle": 0, "axis": "y", "origin": [-6.87, -6.93, 3.64]},
			"faces": {
				"north": {"uv": [1.75, 9, 2, 9.125], "texture": "#0"},
				"east": {"uv": [8.125, 6.375, 9.375, 6.5], "texture": "#0"},
				"south": {"uv": [2.25, 9, 2.5, 9.125], "texture": "#0"},
				"west": {"uv": [8.125, 6.5, 9.375, 6.625], "texture": "#0"},
				"up": {"uv": [1.25, 8.875, 1, 7.625], "texture": "#0"},
				"down": {"uv": [1.25, 8.875, 1, 7.625], "texture": "#0"}
			}
		},
		{
			"from": [-7.4, 9.7, 0.5],
			"to": [16.4, 14.2, 1.5],
			"rotation": {"angle": 0, "axis": "y", "origin": [-19, 0, -10]},
			"faces": {
				"north": {"uv": [4, 3.875, 7, 4.5], "texture": "#0"},
				"east": {"uv": [0.75, 8, 0.875, 8.625], "texture": "#0"},
				"south": {"uv": [4, 3.875, 7, 4.5], "texture": "#0"},
				"west": {"uv": [0.5, 8.625, 0.625, 9.25], "texture": "#0"},
				"up": {"uv": [10.25, 6.25, 7.25, 6.125], "texture": "#0"},
				"down": {"uv": [10.375, 3.375, 7.375, 3.5], "texture": "#0"}
			}
		},
		{
			"from": [-6.8, 21.7, 0.5],
			"to": [15.8, 26.2, 1.5],
			"rotation": {"angle": 0, "axis": "y", "origin": [-19, 12, -10]},
			"faces": {
				"north": {"uv": [0, 6, 2.875, 6.625], "texture": "#0"},
				"east": {"uv": [2, 8.625, 2.125, 9.25], "texture": "#0"},
				"south": {"uv": [2.875, 6, 0, 6.625], "texture": "#0"},
				"west": {"uv": [2.125, 8.625, 2.25, 9.25], "texture": "#0"},
				"up": {"uv": [10.25, 3.875, 7.375, 3.75], "texture": "#0"},
				"down": {"uv": [10.25, 3.875, 7.375, 4], "texture": "#0"}
			}
		},
		{
			"from": [-7, 11, 1],
			"to": [-6, 30, 9],
			"rotation": {"angle": 0, "axis": "y", "origin": [9, 0, 0]},
			"faces": {
				"north": {"uv": [4, 7.625, 3.875, 10], "texture": "#0"},
				"east": {"uv": [2, 3.5, 3, 5.875], "texture": "#0"},
				"south": {"uv": [4.125, 7.625, 4, 10], "texture": "#0"},
				"west": {"uv": [3, 3.5, 2, 5.875], "texture": "#0"}
			}
		},
		{
			"from": [-6.8, 16.7, 0.5],
			"to": [15.8, 21.2, 1.5],
			"rotation": {"angle": 0, "axis": "y", "origin": [-19, 7, -10]},
			"faces": {
				"north": {"uv": [0, 6, 2.875, 6.625], "texture": "#0"},
				"east": {"uv": [2, 8.625, 2.125, 9.25], "texture": "#0"},
				"south": {"uv": [2.875, 6, 0, 6.625], "texture": "#0"},
				"west": {"uv": [2.125, 8.625, 2.25, 9.25], "texture": "#0"},
				"up": {"uv": [10.25, 3.875, 7.375, 3.75], "texture": "#0"},
				"down": {"uv": [10.25, 3.875, 7.375, 4], "texture": "#0"}
			}
		},
		{
			"from": [0.774, 2.788, 2.522],
			"to": [4.486, 3.648, 11.896],
			"rotation": {"angle": 0, "axis": "y", "origin": [-8.17, -6.93, 3.64]},
			"faces": {
				"north": {"uv": [4.875, 8.875, 5.375, 9], "texture": "#0"},
				"east": {"uv": [8.25, 2.125, 9.375, 2.25], "texture": "#0"},
				"south": {"uv": [5.375, 8.875, 5.875, 9], "texture": "#0"},
				"west": {"uv": [8.25, 2.25, 9.375, 2.375], "texture": "#0"},
				"up": {"uv": [0.5, 7.75, 0, 6.625], "texture": "#0"},
				"down": {"uv": [0.5, 6.625, 0, 7.75], "texture": "#0"}
			}
		},
		{
			"from": [9.386, 2.788, 1.92],
			"to": [13.084, 3.304, 12.18],
			"rotation": {"angle": 0, "axis": "y", "origin": [-3.17, -6.93, 3.64]},
			"faces": {
				"north": {"uv": [1, 8.875, 1.5, 9], "texture": "#0"},
				"east": {"uv": [8.125, 5.625, 9.375, 5.75], "texture": "#0"},
				"south": {"uv": [1.5, 8.875, 2, 9], "texture": "#0"},
				"west": {"uv": [8.125, 5.75, 9.375, 5.875], "texture": "#0"},
				"up": {"uv": [3.375, 7.5, 2.875, 6.25], "texture": "#0"},
				"down": {"uv": [3.375, 6.25, 2.875, 7.5], "texture": "#0"}
			}
		},
		{
			"from": [13.082, 2.788, 2.264],
			"to": [15.92, 3.648, 11.724],
			"rotation": {"angle": 0, "axis": "y", "origin": [0.526, -6.93, 3.984]},
			"faces": {
				"north": {"uv": [8.875, 8.75, 9.25, 8.875], "texture": "#0"},
				"east": {"uv": [7.625, 8.25, 8.75, 8.375], "texture": "#0"},
				"south": {"uv": [0, 9, 0.375, 9.125], "texture": "#0"},
				"west": {"uv": [7.625, 8.375, 8.75, 8.5], "texture": "#0"},
				"up": {"uv": [2.875, 7.75, 2.5, 6.625], "texture": "#0"},
				"down": {"uv": [2.875, 7.75, 2.5, 6.625], "texture": "#0"}
			}
		},
		{
			"from": [-6.066, 1.988, 1.68],
			"to": [15.232, 2.788, 2.54],
			"rotation": {"angle": 0, "axis": "y", "origin": [-11.522, -6.93, -5.5]},
			"faces": {
				"north": {"uv": [7.375, 4, 10, 4.125], "texture": "#0"},
				"east": {"uv": [2.75, 9, 2.875, 9.125], "texture": "#0"},
				"south": {"uv": [7.375, 4.125, 10, 4.25], "texture": "#0"},
				"west": {"uv": [2.875, 9, 3, 9.125], "texture": "#0"},
				"up": {"uv": [10, 4.375, 7.375, 4.25], "texture": "#0"},
				"down": {"uv": [10, 4.375, 7.375, 4.5], "texture": "#0"}
			}
		},
		{
			"from": [-7.65, 2.1, 0.175],
			"to": [-7.25, 3.1, 13.2],
			"rotation": {"angle": 0, "axis": "y", "origin": [28, -9.5, 1.8]},
			"faces": {
				"north": {"uv": [7, 3.625, 6.875, 3.75], "texture": "#0"},
				"east": {"uv": [9.5, 1.625, 7.875, 1.75], "texture": "#0"},
				"south": {"uv": [7, 3.75, 6.875, 3.875], "texture": "#0"},
				"west": {"uv": [9.5, 1.5, 7.875, 1.625], "texture": "#0"},
				"up": {"uv": [4.625, 9.25, 4.75, 7.625], "texture": "#0"},
				"down": {"uv": [4.75, 7.625, 4.875, 9.25], "texture": "#0"}
			}
		},
		{
			"from": [14.9, 0, 11.925],
			"to": [16.5, 11.8, 13.6],
			"rotation": {"angle": 0, "axis": "y", "origin": [15.8, 6, 12.9]},
			"faces": {
				"north": {"uv": [3.125, 7.5, 2.875, 9], "texture": "#0"},
				"east": {"uv": [3.875, 7.5, 3.625, 9], "texture": "#0"},
				"south": {"uv": [3.625, 7.5, 3.375, 9], "texture": "#0"},
				"west": {"uv": [3.375, 7.5, 3.125, 9], "texture": "#0"},
				"down": {"uv": [6.125, 8.75, 6.375, 9], "texture": "#0"}
			}
		},
		{
			"from": [-7.5, 0, 0.1],
			"to": [-5.9, 11.8, 1.775],
			"rotation": {"angle": 0, "axis": "y", "origin": [-6.8, 6, 0.8]},
			"faces": {
				"north": {"uv": [3.625, 7.5, 3.375, 9], "texture": "#0"},
				"east": {"uv": [3.375, 7.5, 3.125, 9], "texture": "#0"},
				"south": {"uv": [3.125, 7.5, 2.875, 9], "texture": "#0"},
				"west": {"uv": [3.875, 7.5, 3.625, 9], "texture": "#0"},
				"down": {"uv": [6.375, 9, 6.125, 8.75], "texture": "#0"}
			}
		},
		{
			"from": [14.9, 0, 0.1],
			"to": [16.5, 11.8, 1.775],
			"rotation": {"angle": 0, "axis": "y", "origin": [15.8, 6, 0.8]},
			"faces": {
				"north": {"uv": [3.375, 7.5, 3.625, 9], "texture": "#0"},
				"east": {"uv": [3.625, 7.5, 3.875, 9], "texture": "#0"},
				"south": {"uv": [2.875, 7.5, 3.125, 9], "texture": "#0"},
				"west": {"uv": [3.125, 7.5, 3.375, 9], "texture": "#0"},
				"down": {"uv": [6.125, 9, 6.375, 8.75], "texture": "#0"}
			}
		}
	],
	"display": {
		"head": {
			"rotation": [0, -180, 0],
			"translation": [-4, -31, 0],
			"scale": [1.5, 1.5, 1.5]
		}
	}
}